CONSEJO NACIONAL ELECTORAL,,,,,,,,,,,,,,,,,,,,,,,,,,
COORDINACIÓN NACIONAL TÉCNICA DE PROCESOS ELECTORALES,,,,,,,,,,,,,,,,,,,,,,,,,,
DIRECCIÓN NACIONAL DE REGISTRO ELECTORAL,,,,,,,,,,,,,,,,,,,,,,,,,,
ELECCIONES SECCIONALES Y CONSEJO DE PARTICIPACIÓN CIUDADANA Y CONTROL SOCIAL 2027,,,,,,,,,,,,,,,,,,,,,,,,,,
DISTRIBUTIVO DE RECINTOS ELECTORALES,,,,,,,,,,,,,,,,,,,,,,,,,,
Corte: al 11 de agosto de 2026,,,,,,,,,,,,,,,,,,,,,,,,,,
,,,,,,,,,,,,,,,,,,,,,,,,,,
CODIGO PROVINCIA,NOMBRE PROVINCIA,CODIGO CANTON,NOMBRE CANTON,CODIGO PARROQUIA,NOMBRE PARROQUIA,CODIGO ZONA,NOMBRE ZONA,CODIGO RECINTO,NOMBRE RECINTO,CDA,DIRECCION RECINTO,TELEFONO,JUN FEM,JUN MAS,NUM JUNR,JUN INIF,JUN FINF,JUN INIM,JUN FINM,NUMERO ELECTORES,X,Y,long,lat,DIFICIL ACCESO,SIN CONECTIVIDAD
1,AZUAY,556,CAMILO PONCE ENRIQUEZ,6875,CAMILO PONCE ENRIQUEZ,5,BELLA RICA,5021,ESCUELA DE EDUCACION BASICA EL DIAMANTE,NO,ENTRADA A BELLA RICA,0,1,1,2,1,1,1,1,395,643644,9659608,-79.70736392,-3.07881598,NO,NO
1,AZUAY,556,CAMILO PONCE ENRIQUEZ,6875,CAMILO PONCE ENRIQUEZ,1,CAMILO PONCE ENRIQUEZ,1539,COLEGIO DE BACHILLERATO PONCE ENRIQUEZ,SI,28 DE MARZO Y VIA BELLA RICA,72430004,7,7,14,1,7,1,7,4900,639535.1956,9661330.35,-79.74435072,-3.06328196,NO,NO
1,AZUAY,556,CAMILO PONCE ENRIQUEZ,6875,CAMILO PONCE ENRIQUEZ,1,CAMILO PONCE ENRIQUEZ,2285,ESCUELA MIGUEL HEREDIA CRESPO,SI,ALBERTO CHEREZ Y FRANCISCO VIDAL,72430548,5,5,10,8,12,8,12,3500,639279,9661349,-79.746656,-3.06311598,NO,NO
1,AZUAY,556,CAMILO PONCE ENRIQUEZ,6875,CAMILO PONCE ENRIQUEZ,1,CAMILO PONCE ENRIQUEZ,5849,UNIDAD EDUCATIVA PARTICULAR DIVINO NIÑO,NO,AV. RIO 7 Y DIVINO NIÑO,0,4,4,8,13,16,13,16,2800,638938,9661387,-79.74972449,-3.06277588,NO,NO
1,AZUAY,556,CAMILO PONCE ENRIQUEZ,6875,CAMILO PONCE ENRIQUEZ,1,CAMILO PONCE ENRIQUEZ,5854,ESCUELA DE EDUCACION BASICA MERCEDES CRESPO DE VEGA,NO,VIA PANAMERICANA Y RIO 7,72430501,4,5,9,17,20,17,21,2747,639307.2725,9662034.935,-79.74640883,-3.05691148,NO,NO
1,AZUAY,556,CAMILO PONCE ENRIQUEZ,6875,CAMILO PONCE ENRIQUEZ,3,SAN ALFONSO,1329,UNIDAD EDUCATIVA LIBERTADOR BOLIVAR,NO,DIAGONAL A LA CANCHA DE FUTBOL -CAMPO ALEGRE-SAN ALFONSO,72534150,1,1,2,1,1,1,1,363,640234.77,9665095.318,-79.73809607,-3.02922096,NO,NO
1,AZUAY,556,CAMILO PONCE ENRIQUEZ,6875,CAMILO PONCE ENRIQUEZ,6,SAN GERARDO,5855,UNIDAD EDUCATIVA 5 DE JUNIO,NO,CENTRO DE LA COMUNIDAD,73053622,1,1,2,1,1,1,1,672,651500.9102,9662812.326,-79.63671027,-3.04974606,NO,NO
1,AZUAY,556,CAMILO PONCE ENRIQUEZ,6875,CAMILO PONCE ENRIQUEZ,4,SANTA MARTHA,1309,ESCUELA DE EDUCACIÓN BÁSICA 16 DE ENERO,NO,DIAGONAL A LA CASA COMUNAL SANTA MARTHA O AL COLLISEO LENIN BERMEO,0,1,1,2,1,1,1,1,188,644295,9664091,-79.70155543,-3.03826137,NO,NO
1,AZUAY,556,CAMILO PONCE ENRIQUEZ,6875,CAMILO PONCE ENRIQUEZ,2,ZHUMIRAL,1249,UNIDAD EDUCATIVA VÍCTOR GERARDO AGUILAR/ESCUELA VICTOR GERARDO AGUILAR,NO,CENTRO DE LA COMUNIDAD,2295062,3,2,5,1,3,1,2,1563,645911,9670525,-79.68708599,-2.98005029,NO,NO
1,AZUAY,556,CAMILO PONCE ENRIQUEZ,1130,EL CARMEN DE PIJILI,0,,2258,ESCUELA DE EDUCACIÓN BÁSICA 16 DE JULIO,NO,CARMEN DE PILIJI,73062031,2,2,4,1,2,1,2,1098,664306,9672143,-79.5216214,-2.96520632,NO,NO
1,AZUAY,915,CHORDELEG,6435,CHORDELEG,0,,446,UNIDAD EDUCATIVA CHORDELEG/ COLEGIO NACIONAL CHORDELEG,SI,JUAN BAUTISTA COBOS Y GABRIEL ESPINOZA,72223280,6,6,12,1,6,1,6,4200,746987.4346,9676422.913,-78.77806758,-2.92526586,NO,NO
1,AZUAY,915,CHORDELEG,6435,CHORDELEG,0,,5873,ESCUELA DE EDUCACION BASICA SOR MARIA DE SANTO TOMAS ALVARADO,NO,CALLE ELOY ALFARO Y GUAYAQUIL,72223231,5,3,8,7,11,7,9,2400,747401.1266,9676754.773,-78.77435375,-2.92225837,NO,NO
1,AZUAY,915,CHORDELEG,1535,LA UNION,0,,2483,ESCUELA DE EDUCACIÓN BÁSICA AURELIO BAYAS MARTINEZ,NO,GULAG-LA UNION,73050564,2,1,3,1,2,1,1,907,748734,9676484,-78.76236437,-2.92468225,NO,NO
1,AZUAY,915,CHORDELEG,1585,LUIS GALARZA O. (DELEGSOL),0,,3475,ESCUELA DE EDUCACIÓN BÁSICA JOAQUIN MARTINEZ,NO,VIA DELEGSOL,73062795,2,1,3,1,2,1,1,794,748642,9668407,-78.76304504,-2.99770105,NO,NO
1,AZUAY,915,CHORDELEG,2950,PRINCIPAL,0,,2943,UNIDAD EDUCATIVA FASAYÑAN,NO,ELIAS PELAEZ Y OSCAR GONZALEZ,72294088,2,1,3,1,2,1,1,946,750036.5007,9665110.888,-78.75044444,-3.02747222,NO,NO
1,AZUAY,915,CHORDELEG,1575,SAN MARTIN DE PUZHIO,0,,3380,ESCUELA DE EDUCACIÓN GENERAL BÁSICA RAFAEL ROMERO Y CORDERO,NO,SAN MARTIN DE PUZHIO Y 24 DE NOVIEMBRE,73062776,1,1,2,1,1,1,1,582,748946,9669752,-78.76033613,-2.98553649,NO,NO
1,AZUAY,260,CUENCA,285,BAÑOS,1,BAÑOS,1005,UNIDAD EDUCATIVA MANUEL CORDOVA GALARZA,SI,CALLE LAS PEÑAS Y CALLE SIN NOMBRE,72892476,10,10,20,1,10,1,10,7000,715522.131,9676806.175,-79.06102264,-2.92232791,NO,NO
1,AZUAY,260,CUENCA,285,BAÑOS,1,BAÑOS,978,ESCUELA DE EDUCACIÓN BÁSICA ENRIQUETA CORDERO DAVILA,SI,24 DE DICIEMBRE Y LA MERCED,72892518,7,7,14,11,17,11,17,4900,715196.3123,9677235.461,-79.06395944,-2.91845143,NO,NO
1,AZUAY,260,CUENCA,285,BAÑOS,1,BAÑOS,987,UNIDAD EDUCATIVA ALFONSO CARRION HEREDIA,SI,PASEO DE LA GUADALUPANA S/N Y DE LOS HERVIDEROS,72892351,6,6,12,18,23,18,23,4200,715295.8194,9676634.115,-79.06305524,-2.92388718,NO,NO
1,AZUAY,260,CUENCA,285,BAÑOS,1,BAÑOS,6306,UNIDAD EDUCATIVA BORJA-ESCUELA,SI,RICARDO DURAN Y RIO ORINOCO,2893481,12,8,20,24,35,24,31,6600,716812,9676953,-79.04942494,-2.92098015,NO,NO
1,AZUAY,260,CUENCA,285,BAÑOS,2,COCHAPAMBA,6900,ESCUELA DE EDUCACION BASICA MEDARDO NEIRA GARZON,NO,SUBIDA A NARANCAY ALTO,72892948,1,1,2,1,1,1,1,258,716800.552,9675725.034,-79.0495087,-2.93208336,NO,NO
1,AZUAY,260,CUENCA,5075,BELLAVISTA,0,,418,ESCUELA DE EDUCACION BASICA FISCOMISIONAL PADRE CARLOS CRESPI,SI,TARQUI S/N Y RAFAEL MARIA ARIZAGA,2842692,5,5,10,1,5,1,5,3500,721608,9680300,-79.00634766,-2.89064194,NO,NO
1,AZUAY,260,CUENCA,5075,BELLAVISTA,0,,469,ESCUELA DE EDUCACION GENERAL BASICA FEDERICO PROAÑO,NO,JUAN MONTALVO S/N Y ALBERTO MUÑOZ VERNAZA,72820055,5,5,10,6,10,6,10,3500,721522.1846,9680494.679,-79.00712244,-2.8888831,NO,NO
1,AZUAY,260,CUENCA,5075,BELLAVISTA,0,,465,UNIDAD EDUCATIVA 3 DE NOVIEMBRE,NO,VEGA MUÑOZ S/N Y JUAN MONTALVO,72823935,4,4,8,11,14,11,14,2800,721409.0482,9680220.025,-79.0081355,-2.89136819,NO,NO
1,AZUAY,260,CUENCA,5075,BELLAVISTA,0,,6003,"UNIVERSIDAD CATOLICA DE CUENCA FACULTAD DE INGENIERÍA, INDUSTRIA Y CONSTRUCCIÓN",SI,GENERAL TORRES Y AMERICAS,74134750,6,6,12,15,20,15,20,4200,721551,9680992,-79.00687115,-2.88438607,NO,NO
1,AZUAY,260,CUENCA,5075,BELLAVISTA,0,,5848,UNIDAD EDUCATIVA ALBERTO ANDRADE ARIZAGA BRUMEL,NO,GENERAL TORRES Y TENIENTE HUGO ORTIZ,72821001,7,4,11,21,27,21,24,3431,721718,9680885,-79.0053677,-2.88535088,NO,NO
1,AZUAY,260,CUENCA,5080,CAÑARIBAMBA,0,,339,UNIDAD EDUCATIVA CESAR DAVILA ANDRADE / COLEGIO CESAR DAVILA ANDRADE,SI,JORGE CARRERA ANDRADE S/N Y JOSE DE LA CUADRA,72410776,5,5,10,1,5,1,5,3500,723592.6212,9678596.959,-78.98847358,-2.90600829,NO,NO
1,AZUAY,260,CUENCA,5080,CAÑARIBAMBA,0,,410,UNIDAD EDUCATIVA ZOILA AURORA PALACIOS / ESCUELA ZOILA AURORA PALACIOS,NO,PACHACAMAC 4-60 Y HERNANDO LEOPULLA,74109193,4,4,8,6,9,6,9,2800,723139,9678313,-78.99254831,-2.908583,NO,NO
1,AZUAY,260,CUENCA,5080,CAÑARIBAMBA,0,,5876,ESCUELA DE EDUCACION BASICA JULIO ABAD CHICA,NO,JIJON Y CAAMAÑO 2-26 Y REPUBLICA,72860581,6,4,10,10,15,10,13,3348,723480.963,9679183.93,-78.98948707,-2.900703,NO,NO
1,AZUAY,260,CUENCA,845,CHAUCHA / ANGAS,4,CASCAJO,2206,ESCUELA LEONCIO GALLEGOS SOLANO,NO,CARRETERA DE ACCESO A LA COMUNIDAD DE CASCAJO,74042704,1,1,2,1,1,1,1,74,678991,9670070,-79.38949644,-2.98376821,NO,NO
1,AZUAY,260,CUENCA,845,CHAUCHA / ANGAS,3,CEDRO,2328,ESCUELA FISCAL CORNELIO HIDALGO CASTRO,NO,VIA AL CENTRO DE CEDRO,74045716,1,1,2,1,1,1,1,80,672873,9679399,-79.44464728,-2.89947895,NO,NO
1,AZUAY,260,CUENCA,845,CHAUCHA / ANGAS,1,CHAUCHA /ANGAS,2196,UNIDAD EDUCATIVA SAN GABRIEL DE CHAUCHA,SI,RAFAEL MARIA ARIZAGA,74045993,2,2,4,1,2,1,2,941,674130,9677890,-79.43332196,-2.91311018,NO,NO
1,AZUAY,260,CUENCA,845,CHAUCHA / ANGAS,2,SAN ANTONIO,2327,ESCUELA DE EDUCACION BASICA ECUADOR AMAZONICO,NO,CALLE SAN JUAN ROLDAN CENTRO DE CHAUCHA,74215361,1,1,2,1,1,1,1,176,676335,9678282,-79.41349323,-2.9095372,NO,NO
1,AZUAY,260,CUENCA,860,CHECA JIDCAY,0,,623,UNIDAD EDUCATIVA CHECA/COLEGIO CHECA,NO,CARLOS IÑAMAGUA Y CALLE SIN NOMBRE,72897362,5,4,9,1,5,1,4,2597,722968.3591,9688949.399,-78.99425,-2.81241667,NO,NO
1,AZUAY,260,CUENCA,905,CHIQUINTAD,0,,1332,UNIDAD EDUCATIVA CHIQUINTAD / COLEGIO NACIONAL TECNICO CHIQUINTAD,SI,VIA CHECA - CHIQUINTAD S/N Y JUSTO ANDRADE,74179125,7,6,13,1,7,1,6,4083,722382.9716,9689170.74,-78.9995172,-2.81042449,NO,NO
1,AZUAY,260,CUENCA,730,CUMBE,0,,928,UNIDAD EDUCATIVA CUMBE / COLEGIO NACIONAL TECNICO DE CUMBE,SI,JORGE SEAS Y LUIS FERMIN,72320076,5,5,10,1,5,1,5,3500,720960,9658497,-79.01181996,-3.08778588,NO,NO
1,AZUAY,260,CUENCA,730,CUMBE,0,,1015,ESCUELA DE EDUCACION BASICA GENERAL GABRIEL ARSENIO ULLAURI,NO,AV. 24 DE MAYO Y ELOY MEJIA,72320071,4,2,6,6,9,6,7,1579,720950.2942,9658760.373,-79.01191168,-3.08540474,NO,NO
1,AZUAY,260,CUENCA,5135,EL BATAN,0,,1016,COLISEO MAYOR JEFFERSON PEREZ,NO,12 DE ABRIL Y UNIDAD NACIONAL,72811763,5,5,10,1,5,1,5,3500,720040,9679893,-79.02044179,-2.89434669,NO,NO
1,AZUAY,260,CUENCA,5135,EL BATAN,0,,1038,ESCUELA DE EDUCACION BASICA 12 DE ABRIL,SI,SAN CRISTÓBAL Y FERNANDINA,74203093,5,5,10,6,10,6,10,3500,719900.4393,9679836.297,-79.02169593,-2.89486158,NO,NO
1,AZUAY,260,CUENCA,5135,EL BATAN,0,,896,UNIDAD EDUCATIVA MIGUEL MORENO ORDOÑEZ,SI,ADOLFO PERALTA Y DANIEL FERNANDEZ DE CORDOVA,72854585,6,6,12,11,16,11,16,4200,718499,9679140,-79.03428792,-2.90117934,NO,NO
1,AZUAY,260,CUENCA,5135,EL BATAN,0,,6297,ESCUELA DE EDUCACION BASICA VICTOR MANUEL ALBORNOZ,NO,ISAURO RODRIGUEZ Y CARLOS BERREZUETA,72853907,6,5,11,17,22,17,21,3610,718322,9679591,-79.03588669,-2.8971043,NO,NO
1,AZUAY,260,CUENCA,5330,EL VECINO,1,EL VECINO,467,UNIDAD EDUCATIVA DEL MILENIO MANUEL J CALLE/ COLEGIO MANUEL J CALLE,SI,FRANCISCO CALDERON 4-54 MARIANO CUEVA,74205068,7,7,14,1,7,1,7,4900,722552.0987,9680504.495,-78.99786098,-2.88877797,NO,NO
1,AZUAY,260,CUENCA,5330,EL VECINO,1,EL VECINO,6006,UNIDAD EDUCATIVA MANUEL J CALLE - COLISEO,NO,FRANCISCO CALDERON Y MARIANO CUEVA,74205068,5,5,10,8,12,8,12,3500,722549.75,9680526,-78.99788245,-2.88858357,NO,NO
1,AZUAY,260,CUENCA,5330,EL VECINO,1,EL VECINO,797,UNIDAD EDUCATIVA ZOILA ESPERANZA PALACIOS/ESCUELA ESPAÑA,SI,LA MERCED Y MUÑOZ VERNAZA,74205736,6,6,12,13,18,13,18,4200,722658.9509,9680222.282,-78.99689563,-2.89132791,NO,NO
1,AZUAY,260,CUENCA,5330,EL VECINO,1,EL VECINO,790,UNIVERSIDAD POLITECNICA SALESIANA-EDIFICIO MARIO RIZZINI,SI,CALLE VIEJA 12-30 Y ELIA LIUT,74135250,5,5,10,19,23,19,23,3500,723436,9680718,-78.98991585,-2.88683347,NO,NO
1,AZUAY,260,CUENCA,5330,EL VECINO,1,EL VECINO,5965,UNIVERSIDAD POLITECNICA DE CUENCA- COLISEO,NO,CALLE VIEJA Y ELIA LIUT,74135250,5,5,10,24,28,24,28,3500,723438,9680720,-78.9898979,-2.88681535,NO,NO
1,AZUAY,260,CUENCA,5330,EL VECINO,1,EL VECINO,6007,UNIVERSIDAD POLITECNICA- EDIFICIO GUILLERMO MENSI,NO,CALLE VIEJA Y ELIA LIUT,74135250,7,7,14,29,35,29,35,4900,723358,9680722,-78.99061733,-2.88679855,NO,NO
1,AZUAY,260,CUENCA,5330,EL VECINO,1,EL VECINO,820,UNIDAD EDUCATIVA JUAN MONTALVO,SI,ANTONIO RICAURTE Y JUAN LA VALLE,72806325,5,5,10,36,40,36,40,3500,724533.7821,9681465.659,-78.98005598,-2.88005597,NO,NO
1,AZUAY,260,CUENCA,5330,EL VECINO,1,EL VECINO,834,UNIDAD EDUCATIVA FRANCISCA DAVILA DE MUÑOZ,SI,LUIS CORDERO 14-44 Y PIO BRAVO,72834518,6,6,12,41,46,41,46,4200,722023.2771,9680158.251,-79.00261098,-2.89191697,NO,NO
1,AZUAY,260,CUENCA,5330,EL VECINO,1,EL VECINO,5963,ESCUELA DE EDUCACION BASICA REPUBLICA DE CHILE,SI,CABOGAN Y SILVAN,74088844,5,5,10,47,51,47,51,3281,723755,9681036,-78.9870523,-2.88395318,NO,NO
1,AZUAY,260,CUENCA,5330,EL VECINO,1,EL VECINO,5980,ESCUELA DE EDUCACION BASICA MARY CORYLE,NO,AV. GIL RAMIREZ DAVALOS Y ALCABALAS,72809463,5,0,5,52,56,0,0,1532,723230,9680310,-78.99176182,-2.89052568,NO,NO
1,AZUAY,260,CUENCA,5330,EL VECINO,3,LA CATÓLICA,5940,UNIDAD EDUCATIVA LUIS ROBERTO BRAVO,NO,BARRIAL BLANCO Y OBISPO ALBERTO ORDOÑEZ CRESPO,72341209,1,1,2,1,1,1,1,600,723627,9681453,-78.98820996,-2.88018493,NO,NO
1,AZUAY,260,CUENCA,5330,EL VECINO,2,MIRAFLORES,4587,UNIDAD EDUCATIVA LUIS MONSALVE POZO,NO,VIRGEN DEL ROSARIO Y PASEO DEL NIÑO,72390051,2,1,3,1,2,1,1,865,722380.9339,9682312.397,-78.99942874,-2.8724345,NO,NO
1,AZUAY,260,CUENCA,6865,HERMANO MIGUEL,3,EL PROGRESO,5951,UNIDAD EDUCATIVA CARLOS RIGOBERTO VINTIMILLA,NO,VIA MAYANCELA - LA COMPAÑIA,4132254,1,1,2,1,1,1,1,494,723296.2899,9684322.318,-78.99122913,-2.8542473,NO,NO
1,AZUAY,260,CUENCA,6865,HERMANO MIGUEL,1,HERMANO MIGUEL,1524,UNIDAD EDUCATIVA ISABEL MOSCOSO DAVILA/ESCUELA ISABEL MOSCOSO,SI,SAN SILVESTRE Y PLOVDIV,72899044,9,9,18,1,9,1,9,6300,723613.0808,9683086.382,-78.98836098,-2.86541698,NO,NO
1,AZUAY,260,CUENCA,6865,HERMANO MIGUEL,1,HERMANO MIGUEL,5881,ESCUELA DE EDUCACION BASICA HECTOR SEMPERTEGUI GARCIA,NO,JAVIER MALDONADO Y UNIVERSIDAD DEL AZUAY,72901265,5,4,9,10,14,10,13,2711,724356.3285,9683482.007,-78.98168372,-2.86182814,NO,NO
1,AZUAY,260,CUENCA,6865,HERMANO MIGUEL,2,UNCOVIA,2967,UNIDAD EDUCATIVA PARTICULAR PIO 12,NO,CIMARRONES Y PURUVIN,72900020,2,2,4,1,2,1,2,1024,724683.9665,9682497.968,-78.9787219,-2.87072003,NO,NO
1,AZUAY,260,CUENCA,5450,HUAYNACAPAC,0,,397,UNIDAD EDUCATIVA PARTICULAR HERMANO MIGUEL DE LA SALLE,SI,AV SOLANO 7-01 Y LUIS MORENO MORA,72810349,7,7,14,1,7,1,7,4900,721425.3112,9678154.712,-79.00795656,-2.91004162,NO,NO
1,AZUAY,260,CUENCA,5450,HUAYNACAPAC,0,,475,ESCUELA DE EDUCACION GENERAL BASICA GABRIELA MISTRAL,NO,HUMBERTO CORDERO 1-79 Y AV. 10 DE AGOSTO,72811632,5,5,10,8,12,8,12,3500,721988.3507,9677794.612,-79.00288753,-2.91328848,NO,NO
1,AZUAY,260,CUENCA,5450,HUAYNACAPAC,0,,653,UNIDAD EDUCATIVA FE Y ALEGRIA,SI,CAJABAMBA Y CHUGCHILAN,74150243,6,6,12,13,18,13,18,4200,723005.0024,9677388.632,-78.99373851,-2.91694282,NO,NO
1,AZUAY,260,CUENCA,5450,HUAYNACAPAC,0,,6030,UNIVERSIDAD DEL AZUAY,SI,AV. 24 DE MAYO Y LAS GARZAS,74091000,8,4,12,19,26,19,22,4240,722358,9677241,-78.99955451,-2.91828805,NO,NO
1,AZUAY,260,CUENCA,2255,LLACAO,0,,1267,ESCUELA DE EDUCACION BASICA GONZALO S. CORDOVA,SI,MIGUEL ANGEL ESTRELLA Y VIA LLACAO-SOLANO,74098858,6,6,12,1,6,1,6,3935,728687.9649,9686287.999,-78.94277798,-2.83638897,NO,NO
1,AZUAY,260,CUENCA,5140,MACHANGARA,2,CAPULISPAMBA,1437,UNIDAD EDUCATIVA ENRIQUE MALO ANDRADE,NO,ITALIA Y UNIÓN SOVIETICA,72875372,1,1,2,1,1,1,1,669,729783.3772,9683549.923,-78.93288406,-2.86112673,NO,NO
1,AZUAY,260,CUENCA,5140,MACHANGARA,3,CHALLUABAMBA MACHANGARA,8289,BAMBOO LACROSS SCHOOL,NO,CULTURA PIRINCAY Y AUTOPISTA,74075393,2,2,4,1,2,1,2,1060,731729,9684138,-78.91539872,-2.85577806,NO,NO
1,AZUAY,260,CUENCA,5140,MACHANGARA,1,MACHÁNGARA,1478,UNIDAD EDUCATIVA CAZADORES DE LOS RIOS,SI,PANAMERICANA NORTE KM 4.5 Y VICTORIA DEL PORTETE- F PAZAN,72890002,7,7,14,1,7,1,7,4900,726686.6212,9681177.25,-78.96069225,-2.88262891,NO,NO
1,AZUAY,260,CUENCA,5140,MACHANGARA,1,MACHÁNGARA,5869,UNIDAD EDUCATIVA PARTICULAR KENNEDY,NO,HIMNO NACIONAL Y GONZALEZ SUAREZ,74593891,6,5,11,8,13,8,12,3482,726554,9680943,-78.96188105,-2.88474899,NO,NO
1,AZUAY,260,CUENCA,5140,MACHANGARA,4,OCHOA LEON,5022,CASA COMUNAL OCHOA LEON,NO,VIA RUCAURTE_ CHECA,74101441,1,1,2,1,1,1,1,470,723926.4372,9686475.963,-78.98559649,-2.83476523,NO,NO
1,AZUAY,260,CUENCA,5140,MACHANGARA,5,QUINTA CHICA,1035,UNIDAD EDUCATIVA MARIO RIZINI,NO,ANGAS Y PATOCOCHA,74207119,2,1,3,1,2,1,1,779,726415,9680548,-78.96312463,-2.88832257,NO,NO
1,AZUAY,260,CUENCA,2430,MOLLETURO,8,ABDON CALDERÓN,31,UNIDAD EDUCATIVA ABDON CALDERON/ESCUELA FISCAL MIXTA PRIMERO DE ENERO,NO,JOSE LASCANO,74045948,1,1,2,1,1,1,1,447,653773,9679712,-79.6164592,-2.8968722,NO,NO
1,AZUAY,260,CUENCA,2430,MOLLETURO,6,AGUAS CALIENTES,2528,ESCUELA DE EDUCACION BASICA SANTA ANA DE LOS RIOS,NO,VIA A LA ESCUELA,74045390,1,1,2,1,1,1,1,46,667563,9709702,-79.49275616,-2.62548506,NO,NO
1,AZUAY,260,CUENCA,2430,MOLLETURO,10,CAYMATAN,5006,ESCUELA DE EDUCACION BASICA 6 DE ENERO,NO,"VIA CUENCA MOLLETURO NARANJAL KM 130, ENTRADA A MANO DERECHA Y CALLE PRINCIPAL HACIA LA COMUNIDAD DE CAIMATAN",0,1,1,2,1,1,1,1,80,685784,9715299,-79.32896786,-2.57466056,NO,SI
1,AZUAY,260,CUENCA,2430,MOLLETURO,7,ESTERO PIEDRA,1964,UNIDAD EDUCATIVA ESTERO PIEDRA,NO,VIA PRINCIPAL A ESTERO PIEDRA CENTRO COMUNIDAD,74045011,1,1,2,1,1,1,1,357,676045,9715381,-79.41654299,-2.57403138,NO,NO
1,AZUAY,260,CUENCA,2430,MOLLETURO,9,FLOR Y SELVA,3477,UNIDAD EDUCATIVA JOSE ISAAC GALARZA CARPIO,NO,CENTRO COMUNIDAD,983831447,1,1,2,1,1,1,1,130,674294,9707101,-79.43219572,-2.64893291,NO,NO
1,AZUAY,260,CUENCA,2430,MOLLETURO,2,JESUS DEL GRAN PODER,2530,UNIDAD EDUCATIVA JESÚS DEL GRAN PODER,NO,CENTRO DE LA COMUNIDAD,74043825,1,1,2,1,1,1,1,346,676893,9720192,-79.40897104,-2.53051297,NO,NO
1,AZUAY,260,CUENCA,2430,MOLLETURO,1,MOLLETURO,464,UNIDAD EDUCATIVA MOLLETURO/ COLEGIO Y ESCUELA JUAN LEON MERA,SI,ROBERTO SAMANIEGO Y XAVIER MUÑOZ,74045599,6,5,11,1,6,1,5,3639,678187.5677,9694166.558,-79.39702778,-2.76586111,NO,NO
1,AZUAY,260,CUENCA,2430,MOLLETURO,4,SAN JOSE DE RECREO,2490,ESCUELA DE EDUCACION BASICA 19 DE MARZO,NO,VIA DEL CARMEN PIJILI,0,1,1,2,1,1,1,1,94,655978,9678532,-79.59661098,-2.90752002,NO,NO
1,AZUAY,260,CUENCA,2430,MOLLETURO,5,TAMARINDO,2085,ESCUELA DE EDUCACION BASICA 15 DE AGOSTO,SI,VIA CACAOLOMA Y CALLE SIN NOMBRE,0,1,1,2,1,1,1,1,257,670805,9710634,-79.46361135,-2.61702051,NO,NO
1,AZUAY,260,CUENCA,2430,MOLLETURO,3,ZHAGAL,2284,UNIDAD EDUCATIVA LUZ Y GUIA/ESCUELA 1 DE MAYO,NO,CALLE 14 DE SEPTIEMBRE Y MARISCAL SUCRE,74043635,1,1,2,1,1,1,1,598,652967,9684940,-79.62376624,-2.84959665,NO,NO
1,AZUAY,260,CUENCA,5290,MONAY,0,,592,UNIDAD EDUCATIVA DEL MILENIO MANUELA GARAICOA DE CALDERON AULAS COLEGIO,SI,AV 24 DE MAYO Y VIA AL VALLE,74096142,9,9,18,1,9,1,9,6300,723870.1965,9677924.557,-78.98596665,-2.91208331,NO,NO
1,AZUAY,260,CUENCA,5290,MONAY,0,,6307,UNIDAD EDUCATIVA DEL MILENIO GARAICOA- COLISEO,NO,VIA AL VALLE Y AV. 24 DE MAYO,4096147,4,4,8,10,13,10,13,2800,723791.9804,9677892.121,-78.9866695,-2.91237784,NO,NO
1,AZUAY,260,CUENCA,5290,MONAY,0,,4486,UNIDAD EDUCATIVA MANUELA GARAICOA DE CALDERON-EDIFICIO ADMINISTRATIVO ESCUELA,NO,VIA AL VALLE Y AV 24 DE MAYO,74096151,4,4,8,14,17,14,17,2800,723870.1965,9677924.557,-78.98596665,-2.91208331,NO,NO
1,AZUAY,260,CUENCA,5290,MONAY,0,,5991,UNIDAD EDUCATIVA PARTICULAR COREL,SI,AV. GONZALES SUAREZ Y MANUEL PAREDES,4058999,5,2,7,18,22,18,19,2098,725647.8854,9679948.848,-78.97001319,-2.89375213,NO,NO
1,AZUAY,260,CUENCA,2570,MULTI / NULTI,2,CHALLUABAMBA NULTI,2952,UNIDAD EDUCATIVA FRANCISCO EUGENIO TAMARIZ,NO,CALLE DEL BOMBERO,74075022,2,2,4,1,2,1,2,967,732622,9683338,-78.90735591,-2.8629962,NO,NO
1,AZUAY,260,CUENCA,2570,MULTI / NULTI,1,MULTI / NULTI,47,UNIDAD EDUCATIVA NULTI- ESCUELA MANUEL RAMON BALAREZO,SI,MANUEL RAMON BALAREZO Y LUIS LUCERO,72875281,7,7,14,1,7,1,7,4372,730203,9682581,-78.92909507,-2.86988005,NO,NO
1,AZUAY,260,CUENCA,2595,OCTAVIO CORDERO PALACIOS,0,,2083,UNIDAD EDUCATIVA SANTA ROSA/ESCUELA EZEQUIEL MARQUEZ,NO,ENRIQUE ARIZAGA TORAL Y CHAZHAPAMBA,72365253,4,3,7,1,4,1,3,2017,726510.2558,9692040.154,-78.96244998,-2.78441664,NO,NO
1,AZUAY,260,CUENCA,2680,PACCHA,0,,62,UNIDAD EDUCATIVA PACCHA- ESCUELA FISCAL MIXTA MANUEL CORONEL,SI,VICTOR MOISES PAUTA Y MIGUEL ANGEL BRAVO,74181022,8,6,14,1,8,1,6,4580,729330.6218,9679478.565,-78.93688898,-2.89794398,NO,NO
1,AZUAY,260,CUENCA,3105,QUINGEO,2,MONJAS,2070,UNIDAD EDUCATIVA MONSEÑOR LEONIDAS PROAÑO II,NO,CENTRO DE MONJAS VIA AL TABLON,74039972,1,1,2,1,1,1,1,131,732543,9662810,-78.90771853,-3.04859117,NO,NO
1,AZUAY,260,CUENCA,3105,QUINGEO,3,PIRICOCHA,5025,UNIDAD EDUCATIVA AMADEO MALDONADO VAZQUEZ,NO,VIA CUMBE QUINGEO,74034972,1,1,2,1,1,1,1,216,726197.8974,9660853.671,-78.96475,-3.06638889,NO,NO
1,AZUAY,260,CUENCA,3105,QUINGEO,1,QUINGEO,4601,UNIDAD EDUCATIVA DEL MILENIO QUINGEO,SI,AV. ALEJANDRO MENDOZA Y VIA AL VERDE,74030515,9,7,16,1,9,1,7,5341,729835.2188,9665154.179,-78.93211111,-3.02744444,NO,NO
1,AZUAY,260,CUENCA,5875,RAMIREZ DAVALOS,0,,927,UNIDAD EDUCATIVA SANTA MARIANITA DE JESUS,SI,BENIGNO MALO 11-85 Y GASPAR SANGURIMA,72827815,5,5,10,1,5,1,5,3500,721833.2271,9679909.461,-79.0043161,-2.89416944,NO,NO
1,AZUAY,260,CUENCA,5875,RAMIREZ DAVALOS,0,,857,UNIDAD EDUCATIVA PARTICULAR DOMINICANA SAN LUIS BELTRAN,SI,MARISCAL LAMAR 10-57 GENERAL TORRES,72844576,5,5,10,6,10,6,10,3500,721636.729,9679885.843,-79.00608276,-2.89438611,NO,NO
1,AZUAY,260,CUENCA,5875,RAMIREZ DAVALOS,0,,413,UNIDAD EDUCATIVA OCTAVIO CORDERO PALACIOS/COLEGIO OCTAVIO CORDERO,NO,GRAN COLOMBIA Y PADRE AGUIRRE,72831456,5,1,6,11,15,11,11,2100,721670.6003,9679839.037,-79.00577743,-2.89480878,NO,NO
1,AZUAY,260,CUENCA,5875,RAMIREZ DAVALOS,0,,5868,UNIDAD EDUCATIVA FISCOMISIONAL DANIEL HERMIDA,NO,JUAN JARAMILLO Y GENERAL TORRES,72822169,2,2,4,16,17,12,13,1455,721526.0486,9679375.431,-79.00707001,-2.89900279,NO,NO
1,AZUAY,260,CUENCA,3165,RICAURTE,2,LA DOLOROSA,5048,ESCUELA DE EDUCACION BASICA MANUEL MARIA PALACIO BRAVO,NO,MANUEL MARIA PALACIOS BRAVO,74209286,1,1,2,1,1,1,1,250,725274,9685585,-78.97346509,-2.84279953,NO,NO
1,AZUAY,260,CUENCA,3165,RICAURTE,1,RICAURTE,1220,ESCUELA EDUCACION GENERAL BASICA ESTADOS UNIDOS DE NORTEAMERICA,SI,25 DE MARZO Y MIGUEL UZHCA,72890677,7,7,14,1,7,1,7,4900,726212,9683685,-78.96500034,-2.85996317,NO,NO
1,AZUAY,260,CUENCA,3165,RICAURTE,1,RICAURTE,1119,ESCUELA DE EDUCACIÓN BÁSICA ISAAC A. CHICO,SI,ALEJANDRO PADILLA Y LAUTARO ABAD,72890476,9,9,18,8,16,8,16,6300,726815.1897,9683434.059,-78.95957235,-2.86222232,NO,NO
1,AZUAY,260,CUENCA,3165,RICAURTE,1,RICAURTE,5858,UNIDAD EDUCATIVA PARTICULAR SUDAMERICANO,SI,AV. 25 DE MARZO Y JUAN AZTRUBEL,74085668,12,9,21,17,28,17,25,7167,725749.0136,9683160.007,-78.96915524,-2.86471724,NO,NO
1,AZUAY,260,CUENCA,5905,SAGRARIO,0,,1094,UNIDAD EDUCATIVA DOLORES J. TORRES,NO,LUIS CORDERO 6-30 Y JUAN JARAMILLO,72822919,5,5,10,1,5,1,5,3500,721855,9679301,-79.00411066,-2.89967053,NO,NO
1,AZUAY,260,CUENCA,5905,SAGRARIO,0,,929,UNIDAD EDUCATIVA SALESIANAS MARIA AUXILIADORA,SI,BOLIVAR 4-03 Y VARGAS MACHUCA,72842972,10,10,20,6,15,6,15,7000,722271.054,9679421.171,-79.00037113,-2.89857736,NO,NO
1,AZUAY,260,CUENCA,5905,SAGRARIO,0,,1145,UNIDAD EDUCATIVA LUISA DE JESUS CORDERO,SI,MARISCAL SUCRE 6-23 Y HERMANO MIGUEL,72842322,10,10,20,16,25,16,25,7000,722037.8238,9679427.277,-79.00246859,-2.89852588,NO,NO
1,AZUAY,260,CUENCA,5905,SAGRARIO,0,,5872,UNIDAD EDUCATIVA PARTICULAR MISIONEROS OBLATOS-INGRESO CALLE BORRERO,SI,BORRERO 4-65 Y CALLE LARGA,2831154,6,3,9,26,31,26,28,2743,721867.7773,9679110.021,-79.00399273,-2.90139708,NO,NO
1,AZUAY,260,CUENCA,5930,SAN BLAS,0,,753,ESCUELA DE EDUCACION BASICA FISCOMISIONAL SOR TERESA VALSE,SI,AV. HUAYNA CAPAC 5-30 Y VIRACOCHABAMBA,74110204,7,7,14,1,7,1,7,4900,722709.2329,9678972.719,-78.9964236,-2.90262504,NO,NO
1,AZUAY,260,CUENCA,5930,SAN BLAS,0,,784,ESCUELA DE EDUCACION BASICA LUIS CORDERO CRESPO,SI,HONORATO VASQUEZ 2-91 Y TOMAS ORDOÑEZ,72822382,9,9,18,8,16,8,16,6300,722351.4232,9679001.936,-78.99964173,-2.9023666,NO,NO
1,AZUAY,260,CUENCA,5930,SAN BLAS,0,,698,ESCUELA DE EDUCACION BASICA MANUELA CAÑIZARES,SI,VELASCO IBARRA Y ELOY ALFARO,72806247,6,6,12,17,22,17,22,4200,722990.4268,9679031.134,-78.99389585,-2.90209238,NO,NO
1,AZUAY,260,CUENCA,5930,SAN BLAS,0,,795,UNIDAD EDUCATIVA PARTICULAR CORAZON DE MARIA,SI,HONORATO VASQUEZ 3-35 Y VARGAS MACHUCA,72844404,3,3,6,23,25,23,25,2100,722279.4805,9678980.148,-79.00028835,-2.90256475,NO,NO
1,AZUAY,260,CUENCA,5930,SAN BLAS,0,,8286,UNIVERSIDAD CATOLICA DE CUENCA- UNIDAD ACADEMICA DE CIENCIAS SOCIALES,NO,VARGAS MACHUCA 6-50 Y ENTRE JUAN JARAMILLO Y PRESIDENTE CORDOVA,,6,1,7,26,31,26,26,2202,722279,9679188,-79.00029597,-2.90068546,NO,NO
1,AZUAY,260,CUENCA,3460,SAN JOAQUIN,2,BARABON,1391,UNIDAD EDUCATIVA EDUARDO CRESPO MALO/ESCUELA DE EDUCACION BASICA EDUARDO CRESPO MALO,NO,VIA SOLDADOS S/N MARGEN DEL RIO YANUNCAY,72893699,1,1,2,1,1,1,1,177,712119,9676848,-79.09162854,-2.92200241,NO,NO
1,AZUAY,260,CUENCA,3460,SAN JOAQUIN,1,SAN JOAQUIN,1614,UNIDAD EDUCATIVA SAN JOAQUIN/ESCUELA RAFAEL MARIA ARIZAGA,SI,CARLOS ARIZAGA VEGA Y SEVERO ESPINOZA,72417679,7,7,14,1,7,1,7,4900,716748.7781,9679688.747,-79.05003601,-2.89624506,NO,NO
1,AZUAY,260,CUENCA,3460,SAN JOAQUIN,1,SAN JOAQUIN,1627,ESCUELA DE EDUCACION BASICA GENERAL ANTONIO FARFAN,NO,FRANCISCO JAVIER Y CALLE SIN NOMBRE,74177676,6,5,11,8,13,8,12,3691,716638.4592,9679539.782,-79.0510258,-2.89759369,NO,NO
1,AZUAY,260,CUENCA,6010,SAN SEBASTIAN,2,SAN PEDRO DEL CEBOLLAR,6895,ESCUELA DE EDUCACION BASICA EMILIO MURILLO,NO,AV ABELARDO J ANDRADE Y HUASIPICHANA,72857050,2,2,4,1,2,1,2,1047,719024.189,9681692.155,-79.02960477,-2.87809526,NO,NO
1,AZUAY,260,CUENCA,6010,SAN SEBASTIAN,1,SAN SEBASTIAN,1429,UNIDAD EDUCATIVA SAGRADOS CORAZONES,SI,AV. TRES DE NOVIEMBRE Y LEON TRECE,72822087,10,10,20,1,10,1,10,7000,720574.0775,9679845.75,-79.01563823,-2.89476547,NO,NO
1,AZUAY,260,CUENCA,6010,SAN SEBASTIAN,1,SAN SEBASTIAN,1415,UNIDAD EDUCATIVA ECUADOR,SI,AV. TRES DE NOVIEMBRE Y PIO DOCE,72832074,10,10,20,11,20,11,20,7000,720369.7612,9679995.493,-79.01747794,-2.89341478,NO,NO
1,AZUAY,260,CUENCA,6010,SAN SEBASTIAN,1,SAN SEBASTIAN,1441,UNIDAD EDUCATIVA VICTOR GERARDO AGUILAR/ESCUELA REMIGIO CRESPO,SI,GASPAR SANGURIMA Y MIGUEL MOROCHO,72832501,10,10,20,21,30,21,30,7000,720337.0561,9680373.226,-79.01777798,-2.88999997,NO,NO
1,AZUAY,260,CUENCA,6010,SAN SEBASTIAN,1,SAN SEBASTIAN,1519,COLEGIO DE BACHILLERATO CIUDAD DE CUENCA,SI,CALLE DEL SAUCO Y LOS CEREZOS,74089590,8,8,16,31,38,31,38,5600,718387.0411,9680459.374,-79.03531531,-2.88925167,NO,NO
1,AZUAY,260,CUENCA,6010,SAN SEBASTIAN,1,SAN SEBASTIAN,5884,ESCUELA DE EDUCACION BASICA ULISES CHACON,SI,CALLE DEL SARAR Y LA DEL TEJAR,72858443,4,4,8,39,42,39,42,2800,718354.8062,9680864.969,-79.03561149,-2.8855849,NO,NO
1,AZUAY,260,CUENCA,6010,SAN SEBASTIAN,1,SAN SEBASTIAN,7902,UNIDAD EDUCATIVA LAS PENCAS,NO,CAMINO DE LAS PENCAS Y CAMINO DEL PALTAN,72859332,8,2,10,43,50,43,44,3178,719243.35,9680677.945,-79.02761813,-2.88726201,NO,NO
1,AZUAY,260,CUENCA,3685,SANTA ANA,0,,1204,ESCUELA DE EDUCACION BASICA ALFONSO MARIA BORRERO,SI,VIA PRINCIPAL- TEPAN,72851023,5,4,9,1,5,1,4,3150,731255.3784,9675299.963,-78.91951162,-2.9356912,NO,NO
1,AZUAY,260,CUENCA,3685,SANTA ANA,0,,5935,UNIDAD EDUCATIVA DANIEL HERMIDA,NO,VIA SANTA ANA,72851183,4,3,7,6,9,5,7,2040,730858,9674743,-78.92307574,-2.94073343,NO,NO
1,AZUAY,260,CUENCA,3795,SAYAUSI,3,BELLAVISTA,5059,CASA COMUNAL BELLAVISTA,NO,VIA PRINCIPAL A BELLAVISTA,74020075,1,1,2,1,1,1,1,274,714222.5834,9683144.9,-79.07280659,-2.86503382,NO,NO
1,AZUAY,260,CUENCA,3795,SAYAUSI,2,SAN MIGUEL,2939,ESCUELA DE EDUCACION BASICA JOAQUIN MALO TAMARIZ,NO,LA FLORESTA Y VIA A SAN MIGUEL,74789189,1,1,2,1,1,1,1,587,716098,9682108,-79.05592559,-2.87438066,NO,NO
1,AZUAY,260,CUENCA,3795,SAYAUSI,1,SAYAUSI,4588,UNIDAD EDUCATIVA DEL MILENIO UEM SAYAUSI,SI,CALLE AV. DULCAMARA Y AUTOPISTA SAN JOAQUIN MOLLETURO,72370096,10,10,20,1,10,1,10,7000,714688.1732,9681258.021,-79.06859095,-2.88208772,NO,NO
1,AZUAY,260,CUENCA,3795,SAYAUSI,1,SAYAUSI,7900,ESCUELA DE EDUCACION BASICA GENERAL JESUS VASQUEZ OCHOA,SI,AV. DEL TEJAR Y CALLE SIN NOMBRE,74191845,6,5,11,11,16,11,15,3677,715482.96,9681508,-79.06144735,-2.87981524,NO,NO
1,AZUAY,260,CUENCA,3850,SIDCAY,3,ALTOS DE MACHANGARA,2945,UNIDAD EDUCATIVA DORA BEATRIZ CANELOS,NO,VIA BIBIN Y VIA SAN ANTONIO,72365085,1,1,2,1,1,1,1,165,724376,9687370,-78.98156797,-2.82667477,NO,NO
1,AZUAY,260,CUENCA,3850,SIDCAY,2,BIBIN,2990,ESCUELA DE EDUCACION BASICA ROSARIO PRIETO DE FARFAN,NO,OCTAVIO CORDERO PALACIOS Y CAMINO VECINAL AL PUYO,72365634,1,1,2,1,1,1,1,216,724849,9689762,-78.97735208,-2.80504026,NO,NO
1,AZUAY,260,CUENCA,3850,SIDCAY,1,SIDCAY,775,ESCUELA DE EDUCACIÓN BASICA MIGUEL PRIETO,SI,8 DE SEPTIEMBRE Y CALLE SIN NOMBRE,72365091,5,4,9,1,5,1,4,3074,726107.5333,9688345.242,-78.96601343,-2.81782995,NO,NO
1,AZUAY,260,CUENCA,3870,SININCAY,2,CRUCE DEL CARMEN,2944,ESCUELA DE EDUCACIÓN GENERAL BASICA PADRE JUAN CARLO,NO,EL CRUCE DEL CARMEN,72877084,2,1,3,1,2,1,1,860,721548,9683255,-79.00693364,-2.86392504,NO,NO
1,AZUAY,260,CUENCA,3870,SININCAY,3,SAN JOSE DE BALZAY,5015,UNIDAD EDUCATIVA REYNALDO CHICO GARCIA,NO,CESAR ANDRADE CORDERO Y MARIA FERREIRO,74185617,1,1,2,1,1,1,1,343,717379,9681969,-79.04440374,-2.87561769,NO,NO
1,AZUAY,260,CUENCA,3870,SININCAY,1,SININCAY,34,UNIDAD EDUCATIVA SININCAY/ESCUELA JUAN DE DIOS CORRAL,SI,SACERDOTE GONZALO VASQUEZ 401 Y DE LOS ARTESANOS,74146872,5,5,10,1,5,1,5,3500,720613.9711,9684608.713,-79.01535388,-2.85169992,NO,NO
1,AZUAY,260,CUENCA,3870,SININCAY,1,SININCAY,720,ESCUELA DE EDUCACION BASICA CAROLINA DE FEBRES CORDERO,SI,VIA MAYANCELA- SALADO,72877338,4,4,8,6,9,6,9,2800,721065.3361,9685080.093,-79.01130235,-2.84743085,NO,NO
1,AZUAY,260,CUENCA,3870,SININCAY,1,SININCAY,7915,ESCUELA DE EDUCACION BASICA ALEJANDRO PADILLA VASQUEZ,NO,VIA MAYANCELA- EL SALADO,72877456,6,3,9,10,15,10,12,2621,721453.06,9686110.079,-79.0078318,-2.83811209,NO,NO
1,AZUAY,260,CUENCA,6090,SUCRE,0,,8266,COLEGIO DE BACHILLERATO BENIGNO MALO/COLISEO,NO,AV. FRAY VICENTE SOLANO 2-58 Y AURELIO AGUILAR,72828202,5,5,10,1,5,1,5,3500,721505,9678864,-79.00725119,-2.90362727,NO,NO
1,AZUAY,260,CUENCA,6090,SUCRE,0,,981,UNIVERSIDAD DE CUENCA-FILOSOFIA,SI,AV 12 DE ABRIL Y AV LOJA,74051125,5,5,10,6,10,6,10,3500,721243.6404,9679222.34,-79.0096072,-2.90039148,NO,NO
1,AZUAY,260,CUENCA,6090,SUCRE,0,,5932,UNIVERSIDAD DE CUENCA - FACULTAD DE PSICOLOGIA,NO,AV. 12 DE ABRIL Y AV. LOJA,4051000,5,5,10,11,15,11,15,3500,721146.86,9679207.13,-79.01047728,-2.90053053,NO,NO
1,AZUAY,260,CUENCA,6090,SUCRE,0,,950,UNIDAD EDUCATIVA ANTONIO AVILA MALDONADO/COLEGIO ANTONIO AVILA MALDONADO,SI,GALAPAGOS 4-33 Y CAÑAR,72811788,6,6,12,16,21,16,21,4200,720429.3142,9679495.402,-79.01693454,-2.89793548,NO,NO
1,AZUAY,260,CUENCA,6090,SUCRE,0,,975,UNIDAD EDUCATIVA MIGUEL MERCHAN OCHOA,SI,REMIGIO ROMERO S/N Y GONZALO CORDERO,72810048,6,6,12,22,27,22,27,4200,720654.5363,9678635.364,-79.0148956,-2.90570804,NO,NO
1,AZUAY,260,CUENCA,6090,SUCRE,0,,1022,UNIDAD EDUCATIVA REMIGIO ROMERO Y CORDERO,SI,ESMERALDAS Y UNIDAD NACIONAL,72881360,6,2,8,28,33,28,29,2603,720046.8846,9679241.74,-79.02036965,-2.90023504,NO,NO
1,AZUAY,260,CUENCA,3980,TARQUI,3,GULLANZHAPA,6001,ESCUELA DE EDUCACION BASICA MIGUEL MOROCHO,NO,VIA GULLANZHAPA .TARQUI,72485326,1,1,2,1,1,1,1,244,722398,9670422,-78.99908457,-2.97994154,NO,NO
1,AZUAY,260,CUENCA,3980,TARQUI,1,TARQUI,1124,UNIDAD EDUCATIVA FAUSTO MOLINA,SI,VIA TARQUI TURI,72878143,7,7,14,1,7,1,7,4900,718687.208,9666827.097,-79.03239916,-3.01250599,NO,NO
1,AZUAY,260,CUENCA,3980,TARQUI,1,TARQUI,1223,ESCUELA DE EDUCACION BASICA ALFONSO MORENO MORA,SI,CENTRO DE TARQUI,72878051,6,4,10,8,13,8,11,3336,718516.965,9666770.319,-79.03392936,-3.01302214,NO,NO
1,AZUAY,260,CUENCA,3980,TARQUI,2,TUTUPALI BAJO,855,ESCUELA DE EDUCACION BASICA JUAN CONTRERAS HURTADO,NO,TUTUPALI GRANDE - ZHUCAY,72485326,1,1,2,1,1,1,1,385,713231,9670717,-79.08153293,-2.9774216,NO,NO
1,AZUAY,260,CUENCA,5360,TOTORACOCHA,0,,1472,UNIDAD EDUCATIVA HERLINDA TORAL COLISEO,NO,PASEODE LOS CAÑARIOS Y ALTAR UREN,72864161,4,4,8,1,4,1,4,2800,723919.3994,9679948.178,-78.9855566,-2.89378604,NO,NO
1,AZUAY,260,CUENCA,5360,TOTORACOCHA,0,,5989,UNIDAD EDUCATIVA HERLINDA TORAL MALO AULAS,SI,RIO MALACATUS Y ALTAR URCU,72864161,8,8,16,5,12,5,12,5600,723979,9679906,-78.98501996,-2.89416644,NO,NO
1,AZUAY,260,CUENCA,5360,TOTORACOCHA,0,,1543,UNIDAD EDUCATIVA ABELARDO TAMARIZ CRESPO,SI,AV DE LOS ANDES ENTRE CHINCHENITZA Y MAMA OGLLO,74084037,5,5,10,13,17,13,17,3500,724993.6135,9679880.315,-78.97589562,-2.89438233,NO,NO
1,AZUAY,260,CUENCA,5360,TOTORACOCHA,0,,1518,UNIDAD EDUCATIVA LA INMACULADA,SI,LOS SHIRIS Y ROCA SINCHI -MACO CAPAC,74058396,5,5,10,18,22,18,22,3500,725610.1137,9680065.061,-78.97035472,-2.89270202,NO,NO
1,AZUAY,260,CUENCA,5360,TOTORACOCHA,0,,6004,COLISEO POLIDEPORTIVO TOTORACOCHA,NO,AV. DEL CONDOR Y LOS ANDES,72869895,5,5,10,23,27,23,27,3500,724999,9680356,-78.97585481,-2.89008139,NO,NO
1,AZUAY,260,CUENCA,5360,TOTORACOCHA,0,,5952,UNIDAD EDUCATIVA FISCAL RICARDO MUÑOZ CHAVEZ,SI,PASEO DE LOS CAÑARIS Y AYAPUNGO,2868571,8,3,11,28,35,28,30,3847,724053,9679846,-78.98435356,-2.89470773,NO,NO
1,AZUAY,260,CUENCA,4095,TURI,0,,1064,UNIDAD EDUCATIVA TURI,SI,VIA TURI,74151894,6,6,12,1,6,1,6,4200,720977.2456,9676491.319,-79.0119595,-2.9250885,NO,NO
1,AZUAY,260,CUENCA,4095,TURI,0,,5949,ESCUELA DE EDUCACION BASICA JOSE RAFAEL ARIZAGA,NO,CARMEN DE GUZHO Y CALLE CALVARIO,7286275,5,3,8,7,11,7,9,2339,718198,9676405,-79.03695192,-2.92591321,NO,NO
1,AZUAY,260,CUENCA,4200,VALLE,2,CHILCAPAMBA,2288,ESCUELA DE EDUCACIÓN BASICA ELOY ALFARO / ESCUELA ELOY ALFARO,NO,CALLE CHILCAPAMBA Y VIA AL VALLE,74141334,2,2,4,1,2,1,2,1039,725157,9676386,-78.97436994,-2.92597315,NO,NO
1,AZUAY,260,CUENCA,4200,VALLE,3,GUALALCAY,2521,ESCUELA DE EDUCACIÓN BÁSICA RAMÓN BORRERO,NO,CENTRO DE LA COMUNIDAD DE GUALALCAY,74127833,1,1,2,1,1,1,1,314,723666,9672643,-78.98771745,-2.95983959,NO,NO
1,AZUAY,260,CUENCA,4200,VALLE,4,SAN ANTONIO DE MALUAY,8319,ESCUELA DE EDUCACION BASICA NICOLAS SOJOS JARAMILLO,NO,ENTRADA A MALUAY Y CALLE SIN NUMERO,72480488,1,1,2,1,1,1,1,180,726950.6613,9673046.634,-78.95818516,-2.95613594,NO,NO
1,AZUAY,260,CUENCA,4200,VALLE,1,VALLE,831,UNIDAD EDUCATIVA GUILLERMO MENSI,SI,CENTRO PARROQUIAL EL VALLE,72481013,7,7,14,1,7,1,7,4900,725990.9819,9675194.455,-78.96685072,-2.93673268,NO,NO
1,AZUAY,260,CUENCA,4200,VALLE,1,VALLE,799,ESCUELA DE EDUCACION BASICA MANUEL GUERRERO,SI,VIA AL VALLE EN LA ENTRADA A LA PARROQUIA VIA PRINCIPAL,72896462,8,8,16,8,15,8,15,5600,726020.7359,9675229.389,-78.96658372,-2.93641635,NO,NO
1,AZUAY,260,CUENCA,4200,VALLE,1,VALLE,5933,ESCUELA DE EDUCACION BASICA JOSE TOMAS RENDON SOLANO,SI,CALLE SIN NOMBRE y VIA AL DESPACHO,4122383,9,6,15,16,24,16,21,4750,726133.8532,9675173.5,-78.96556557,-2.93691979,NO,NO
1,AZUAY,260,CUENCA,4225,VICTORIA DEL PORTETE,0,,1247,UNIDAD EDUCATIVA DEL MILENIO VICTORIA DEL PORTETE,SI,VIA ANTIGUA GIRON- PASAJE,74038629,7,6,13,1,7,1,6,4160,715210.1719,9661803.46,-79.06359019,-3.05798531,NO,NO
1,AZUAY,260,CUENCA,5370,YANUNCAY,3,CDLA SIMON BOLIVAR,6809,UNIDAD EDUCATIVA CIUDAD DE CUENCA,NO,JUAN PIO MONTUFAR Y C ALFEREZ MANUEL CAJIES,74054541,2,2,4,1,2,1,2,1218,717602.261,9677365.707,-79.04232451,-2.91723613,NO,NO
1,AZUAY,260,CUENCA,5370,YANUNCAY,2,MISICATA,5943,UNIDAD DEL MILENIO FEBRES CORDERO,NO,CANTON CHORDELEG Y PRIMERO DE MAYO,4195320,2,2,4,1,2,1,2,1048,717251,9678863,-79.04550675,-2.90370346,NO,NO
1,AZUAY,260,CUENCA,5370,YANUNCAY,1,YANUNCAY,505,UNIDAD EDUCATIVA FISCOMISIONAL TÉCNICO SALESIANO/INSTITUTO TECNICO SUPERIOR SALESIANO,SI,AV. DON BOSCO Y FELIPE SEGUNDO,72814274,10,10,20,1,10,1,10,7000,720517.3621,9677485.044,-79.01611098,-2.91611097,NO,NO
1,AZUAY,260,CUENCA,5370,YANUNCAY,1,YANUNCAY,803,ESCUELA DE EDUCACIÓN BÁSICA NICOLÁS SOJOS,SI,CRISTOBAL COLON Y LOPE DE VEGA,72818001,5,5,10,11,15,11,15,3500,719664.2087,9677875.013,-79.02378947,-2.91259857,NO,NO
1,AZUAY,260,CUENCA,5370,YANUNCAY,1,YANUNCAY,932,ESCUELA BASICA JOSE MARIA VELASCO IBARRA,NO,DOMINGO SABIO 1-36 E ISABEL LA CATOLICA,72883006,4,4,8,16,19,16,19,2800,720608.0608,9677824.69,-79.01530072,-2.91303858,NO,NO
1,AZUAY,260,CUENCA,5370,YANUNCAY,1,YANUNCAY,6546,ESCUELA DE EDUCACION BASICA FRANCISCA ARIZAGA TORAL.,NO,JOSE ORTEGA Y GASET Y SALVADOR DALI,2811489,6,6,12,20,25,20,25,4200,720821,9677321,-79.0133778,-2.91758935,NO,NO
1,AZUAY,260,CUENCA,5370,YANUNCAY,1,YANUNCAY,5958,ESCUELA DE EDUCACION BASICA IGNACIO ESCANDON,SI,AV. LOJA Y NICOLAS DE ROCHA,74104763,5,5,10,26,30,26,30,3500,718535.8693,9677468.716,-79.03393017,-2.91629004,NO,NO
1,AZUAY,260,CUENCA,5370,YANUNCAY,1,YANUNCAY,5966,UNIDAD EDUCATIVA FRAY VICENTE SOLANO,SI,FRANCISCO DE ORELLANA ENTRE CRISTOBAL COLON Y FEDERICO GARCIA LORCA,7281936,5,5,10,31,35,31,35,3500,719485.0166,9677978.467,-79.02540256,-2.91166601,NO,NO
1,AZUAY,260,CUENCA,5370,YANUNCAY,1,YANUNCAY,7905,UNIDAD EDUCATIVA OTTO AROCEMENA GOMEZ,NO,MANUEL IGNACIO OCHOA Y CORNELIO CRESPO,74100345,7,1,8,36,42,36,36,2500,718146.15,9678187.3,-79.03744617,-2.90979894,NO,NO
1,AZUAY,960,EL PAN,6485,EL PAN,0,,997,UNIDAD EDUCATIVA EL PAN/COLEGIO NACIONAL TECNICO EL PAN,NO,NELSON DELGADO Y ANTONIO VILLAVICENCIO,72282130,3,2,5,1,3,1,2,1537,759243.944,9691041.023,-78.66813332,-2.79289998,NO,NO
1,AZUAY,960,EL PAN,1650,SAN VICENTE,2,LA MERCED,2076,ESCUELA DE EDUCACION BASICA ALFONSO MALO RODRIGUEZ,NO,VIA PRINCIPAL EL PARAISO,72319149,1,1,2,1,1,1,1,329,758695,9685732,-78.67297294,-2.84090117,NO,NO
1,AZUAY,960,EL PAN,1650,SAN VICENTE,1,SAN VICENTE,2072,ESCUELA DE EDUACION BASICA JOSE DOMINGO LAMAR,NO,PASEO DE LAS REINAS Y OLEGORIO ORELLANA,72319150,2,1,3,1,2,1,1,748,758959,9689012,-78.67065865,-2.81124658,NO,NO
1,AZUAY,960,EL PAN,1650,SAN VICENTE,3,SANTA TERESITA,2077,CASA COMUNAL,NO,VIA SAN VICENTE,73011126,1,1,2,1,1,1,1,118,760734,9687498,-78.65467405,-2.82490021,NO,NO
1,AZUAY,270,GIRON,175,ASUNCION,1,LA ASUNCION,1382,UNIDAD EDUCATIVA REMIGIO CRESPO TORAL / COLEGIO REMIGIO CRESPO TORAL,NO,15 DE AGOSTO,72293017,3,3,6,1,3,1,3,1673,693562.5432,9645030.026,-79.25805556,-3.21,NO,NO
1,AZUAY,270,GIRON,175,ASUNCION,2,LENTAG,2037,UNIDAD EDUCATIVA BENIGNO JARA,NO,VIA GIRON PASAJE,72100230,1,1,2,1,1,1,1,393,696896,9642042,-79.2280193,-3.23696796,NO,NO
1,AZUAY,270,GIRON,5395,GIRON,0,,893,ESCUELA EDUCACION BASICA 27 DE FEBRERO,SI,LUCIANO VALLEJO Y ANDRES F. CORDOVA,72275298,5,5,10,1,5,1,5,3500,705766.3714,9650686.641,-79.14835742,-3.15865746,NO,NO
1,AZUAY,270,GIRON,5395,GIRON,0,,1527,UNIDAD EDUCATIVA CIUDAD DE GIRON/COLEGIO CIUDAD DE GIRON,NO,AV. CUENCA Y JOSE GUARICELA,72275114,3,3,6,6,8,6,8,2100,706249,9651409,-79.14402748,-3.15211792,NO,NO
1,AZUAY,270,GIRON,5395,GIRON,0,,6926,UNIDAD EDUCATIVA ALEJANDRO ANDRADE CORDERO,NO,SIMON BOLIVAR S/N Y PACAYBAMBA,72275113,5,4,9,9,13,9,12,2881,705479.5875,9650150.763,-79.15092863,-3.16350765,NO,NO
1,AZUAY,270,GIRON,885,SAN GERARDO,0,,1947,ESCUELA DE EDUCACION BASICA AGUSTIN CRESPO HEREDIA,NO,BENIGNO ORDOÑEZ Y 22 DE ENERO,73054004,1,1,2,1,1,1,1,532,699622,9652948,-79.20366562,-3.13830648,NO,NO
1,AZUAY,990,GUACHAPALA,6615,GUACHAPALA,1,GUACHAPALA,986,UNIDAD EDUCATIVA GUACHAPALA/ COLEGIO TECNICO GUACHAPALA,NO,AV. 3 DE NOVIEMBRE Y MARISCAL SUCRE,72284431,5,4,9,1,5,1,4,2895,754009.409,9693422.286,-78.71523332,-2.77146664,NO,NO
1,AZUAY,990,GUACHAPALA,6615,GUACHAPALA,2,SACRE,2186,CASA COMUNAL DE SACRE/UNIDAD EDUCATIVA FELIPE SERRANO,NO,VIA A CHAULLAYACO,72284223,1,1,2,1,1,1,1,125,757297,9694478,-78.68569669,-2.76186562,NO,NO
1,AZUAY,265,GUALACEO,1005,DANIEL CORDOVA TORAL,0,,408,ESCUELA DE EDUCACIÓN BÁSICA MARIANO CUEVA,NO,CAMINO A LAGUAN VIA A MARIANO MORENO,73053029,2,2,4,1,2,1,2,1286,750937,9681991,-78.74265501,-2.87485902,NO,NO
1,AZUAY,265,GUALACEO,5420,GUALACEO,2,BULLCAY,7954,ESCUELA DE EDUCACION BASICA LUIS CORDERO DAVILA,NO,VIA CUENCA GUALACEO Y CALLE SIN NOMBRE,72171539,1,1,2,1,1,1,1,261,746897.57,9682912.3,-78.77898994,-2.86660186,NO,NO
1,AZUAY,265,GUALACEO,5420,GUALACEO,1,GUALACEO,1173,UNIDAD EDUCATIVA SANTO DOMINGO DE GUZMAN,SI,LUIS RIOS RODRIGUEZ 9-41 Y ABELARDO J. ANDRADE,72255109,5,5,10,1,5,1,5,3500,746622,9680242,-78.78142091,-2.89074689,NO,NO
1,AZUAY,265,GUALACEO,5420,GUALACEO,1,GUALACEO,1158,UNIDAD EDUCATIVA MIGUEL MALO GONZALEZ,NO,HUAYNACAPAC Y MANUEL GUILLEN,72255098,6,6,12,6,11,6,11,4200,746776,9679418,-78.78002175,-2.89819333,NO,NO
1,AZUAY,265,GUALACEO,5420,GUALACEO,1,GUALACEO,1088,UNIDAD EDUCATIVA ALFONSO LITUMA/COLEGIO ALFONSO LITUMA CORREA,SI,MANUEL GUILLEN S/N Y HUAYNA CAPAC,72255134,7,7,14,12,18,12,18,4900,746877,9679444,-78.77911407,-2.8979565,NO,NO
1,AZUAY,265,GUALACEO,5420,GUALACEO,1,GUALACEO,1197,ESCUELA DE EDUCACION BASICA BRASIL,NO,GRAN COLOMBIA SN Y FIDEL ANTONIO PIEDRA,72255145,4,4,8,19,22,19,22,2800,746859.7938,9680447.921,-78.77928645,-2.88888111,NO,NO
1,AZUAY,265,GUALACEO,5420,GUALACEO,1,GUALACEO,1058,ESCUELA DE EDUCACIÓN BÁSICA MERCEDES DE JESÚS MOLINA,NO,VICENTE PEÑA REYES 10-05 Y LUIS SALAZAR BRAVO,72255217,4,4,8,23,26,23,26,2800,746544,9680138,-78.78212041,-2.89168845,NO,NO
1,AZUAY,265,GUALACEO,5420,GUALACEO,1,GUALACEO,5803,UNIDAD EDUCATIVA GUALACEO,NO,CALLE DAVILA CHICA Y MARIETA VASQUEZ,7255060,7,1,8,27,33,27,27,2622,746939.4205,9680781.26,-78.77857636,-2.88586624,NO,NO
1,AZUAY,265,GUALACEO,1805,JADAN,3,EL CARMEN,5007,ESCUELA DE EDUCACION BASICA FEDERICO GUERRERO,NO,VIA ZHIDMAD JADAN,73010861,1,1,2,1,1,1,1,244,736470.7313,9677240.074,-78.87264632,-2.91806233,NO,NO
1,AZUAY,265,GUALACEO,1805,JADAN,1,JADAN,368,ESCUELA DE EDUCACION BASICA TADEO TORRES,SI,VICENTE PACHECO Y MIGUEL VELEZ,72253036,5,4,9,1,5,1,4,2968,735724.3936,9680751.001,-78.87941667,-2.88633333,NO,NO
1,AZUAY,265,GUALACEO,1805,JADAN,2,SANTA ROSA DE CHICHIN,4620,ESCUELA DE EDUCACION BASICA TERESA MORALES VILLAVICENCIO,NO,VIA GUALACEO JADAN CUENCA,73010835,1,1,2,1,1,1,1,170,740191.5917,9680828.624,-78.83925,-2.88555556,NO,NO
1,AZUAY,265,GUALACEO,1760,LUIS CORDERO VEGA,0,,2026,ESCUELA DE EDUCACION BASICA REMIGIO ASTUDILLO,NO,SECTOR LA CRUZ CACERIO LAGUAN,73053012,1,1,2,1,1,1,1,610,750487,9679818,-78.74666226,-2.89451107,NO,NO
1,AZUAY,265,GUALACEO,2385,MARIANO MORENO/CALLASAY,2,CERTAG,4991,CASA COMUNAL DE CERTAG,NO,VIA A UZHUPUD Y VIA A SAN JOSE,0,1,1,2,1,1,1,1,133,747974,9682789,-78.76930949,-2.8676976,NO,NO
1,AZUAY,265,GUALACEO,2385,MARIANO MORENO/CALLASAY,1,MARIANO MORENO/CALLASAY,693,UNIDAD EDUCATIVA RIO TOMEBAMBA/COLEGIO NACIONAL RIO TOMEBAMBA,NO,VIA COCHAPAMBA,73011230,3,2,5,1,3,1,2,1343,752174.6928,9684218.542,-78.73156665,-2.85469998,NO,NO
1,AZUAY,265,GUALACEO,3160,REMIGIO CRESPO TORAL,0,,2025,ESCUELA DE EDUCACION BASICA CLUB DE LEONES DE VIRGINIA,NO,CENTRO DE REMIGIO CRESPO,72101060,1,1,2,1,1,1,1,691,749276.888,9677431.041,-78.7575,-2.91611111,NO,NO
1,AZUAY,265,GUALACEO,3505,SAN JUAN,0,,1059,UNIDAD EDUCATIVA NICANOR AGUILAR MALDONADO,SI,ABDON CALDERON Y CIRCUNVALACION,73051123,6,4,10,1,6,1,4,3474,742904.7765,9671990.459,-78.81469945,-2.96540972,NO,NO
1,AZUAY,265,GUALACEO,3780,SIMON BOLIVAR,0,,2024,ESCUELA DE EDUCACION BASICA EMILIO MOSCOSO,NO,MAURO FLORES SN Y PAUL CARRASCO,0,1,1,2,1,1,1,1,554,745551,9670970,-78.79088612,-2.9745875,NO,NO
1,AZUAY,265,GUALACEO,4340,ZHIDMAD,2,SAN JOSE DE LALCOTE,4962,ESCUELA DE EDUCACION BASICA JOSE MARIA LOPEZ,NO,VIA ZHIDMAD,73010860,1,1,2,1,1,1,1,209,736657,9675178,-78.87093617,-2.93670192,NO,NO
1,AZUAY,265,GUALACEO,4340,ZHIDMAD,1,ZHIDMAD,2029,UNIDAD EDUCATIVA ZHIDMAD / ESCUELA DE EDUCACIÓN BÁSICA TOMÁS ORDÓÑEZ,NO,VIA AL CEMENTERIO,72329015,4,3,7,1,4,1,3,2017,733299.9095,9675747.838,-78.90113382,-2.93160743,NO,NO
1,AZUAY,885,NABON,575,COCHAPATA,1,COCHAPATA,2155,UNIDAD EDUCATIVA LEON VIVAR/ESCUELA DE EDUCACION BASICA ANDRES BELTRAN,NO,CALLE CUENCA SN Y FRANCISCO CARRASCO,72305234,3,3,6,1,3,1,3,1859,712549.3107,9624941.409,-79.08689998,-3.39133331,NO,NO
1,AZUAY,885,NABON,575,COCHAPATA,2,ÑAMARIN,2174,ESCUELA DE EDUCACION BASICA MANUEL ULPIANO ARIZAGA,NO,VIA A NABON OÑA,73050552,1,1,2,1,1,1,1,162,710667,9623684,-79.10381369,-3.40273628,NO,NO
1,AZUAY,885,NABON,1175,EL PROGRESO,0,,2311,UNIDAD EDUCATIVA EL PROGRESO\ENRIQUE ARIZAGA TORAL,NO,EL PROGRESO-VIA CORRALEJA,73012836,2,2,4,1,2,1,2,1360,699290,9630319,-79.20629183,-3.34293575,NO,NO
1,AZUAY,885,NABON,6595,NABON,4,CHUNASANA,2314,UNIDAD EDUCATIVA BALTAZAR AGUIRRE,NO,VIA A CHUNASANA (CENTRO DE CHUNASANA),72227327,1,1,2,1,1,1,1,152,714971,9634961,-79.06528906,-3.30069453,NO,NO
1,AZUAY,885,NABON,6595,NABON,1,NABON,411,UNIDAD EDUCATIVA NABON/ ESCUELA DE EDUCACIÓN BÁSICA AGUSTÍN J PERALTA,SI,JUAN LEON MERA Y HUASCAR,72277045,7,7,14,1,7,1,7,4900,714695.9315,9630981.904,-79.06769377,-3.33667768,NO,NO
1,AZUAY,885,NABON,6595,NABON,1,NABON,5997,UNIDAD EDUCATIVA NABON,SI,VIA COCHAPATA,2227037,5,3,8,8,12,8,10,2632,715056.19,9630463.37,-79.06444344,-3.34135976,NO,NO
1,AZUAY,885,NABON,6595,NABON,3,RAÑAS,2071,UNIDAD EDUCATIVA COMUNUTARIA INTERCULTURAL BILINGUE /ESCUELA DE EDUCACION INTERCULTURAL BILINGUE BÁSICA CESAR AGUSTIN MOROCHO,NO,JULIO PAUCAR SN Y ROSALINO MOROCHO,72227375,1,1,2,1,1,1,1,335,716769,9638195,-79.04917039,-3.2714218,NO,NO
1,AZUAY,885,NABON,6595,NABON,2,ZHIÑA,2111,UNIDAD EDUCATIVA FRANCISCO CHICO PACHECO,NO,CALLE 23 EL MOLINO,73052229,1,1,2,1,1,1,1,578,719566,9637034,-79.02398799,-3.28186963,NO,NO
1,AZUAY,885,NABON,2550,NIEVES,2,LA PAZ,2300,UNIDAD EDUCATIVA LA PAZ,NO,PANAMERICANA KM56,73052378,1,1,2,1,1,1,1,555,704401,9632595,-79.16034431,-3.32226997,NO,NO
1,AZUAY,885,NABON,2550,NIEVES,1,LAS NIEVES,2475,ESCUELA DE EDUCACION BASICA JUAN BAUTISTA DÁVILA,NO,CALLE RAFAEL CORREA Y RIO LEON ESQUINA,73012783,1,1,2,1,1,1,1,566,709461,9630339,-79.11478072,-3.34258268,NO,NO
1,AZUAY,780,OÑA,6360,OÑA,2,MORAS LOMA,2768,ESCUELA DE EDUCACIÓN BÁSICA EMILIO AREVALO,NO,VÍA A OÑA - NABON,73013462,1,1,2,1,1,1,1,181,710833,9618083,-79.10222025,-3.45337754,NO,SI
1,AZUAY,780,OÑA,6360,OÑA,1,OÑA,298,UNIDAD EDUCATIVA OÑA/ COLEGIO NACIONAL OÑA,SI,AV. AZUAY Y JOSE SERRANO,72434011,4,4,8,1,4,1,4,2411,705197.7623,9616543.329,-79.15289998,-3.46739997,NO,NO
1,AZUAY,780,OÑA,1540,SUSUDEL,0,,501,UNIDAD EDUCATIVA SUSUDEL/COLEGIO NACIONAL SUSUDEL,NO,FLORENCIO ASTUDILLO Y VIA SUSUDEL PROGRESO,73063703,2,1,3,1,2,1,1,894,701667.9015,9623559.712,-79.18478332,-3.40401664,NO,NO
1,AZUAY,275,PAUTE,395,BULAN / J. VICTOR IZQUIERDO,0,,2088,ESCUELA DE EDUCACION BASICA HONORATO LOYOLA,NO,KM. 71/2 VIA PAUTE- AZOGUEZ,73052918,2,2,4,1,2,1,2,1214,747312,9697777,-78.7755173,-2.73221424,NO,NO
1,AZUAY,275,PAUTE,870,CHICAN / GUILLERMO ORTEGA,1,CHICAN /G. ORTEGA,1205,UNIDAD EDUCATIVA MANUEL J CALLE,NO,VIA CHICAN Y LA FLORIDA,72301186,3,2,5,1,3,1,2,1439,748766.8877,9687553.646,-78.76226372,-2.82461052,NO,NO
1,AZUAY,275,PAUTE,870,CHICAN / GUILLERMO ORTEGA,2,UZHUPUD,2960,ESCUELA DE EDUCACION BASICA MODESTO VINTIMILLA,NO,VIA A CHICAN CENTRO,73052906,1,1,2,1,1,1,1,338,748092,9685275,-78.76829195,-2.84522163,NO,NO
1,AZUAY,275,PAUTE,890,DUG-DUG,1,DUG - DUG,2053,ESCUELA DE EDUCACION BASICA JOSE DE LA VEGA,NO,VIA A LAZUL Y DOCTOR LEOPOLDO AGUILAR,73014729,2,1,3,1,2,1,1,827,752994,9696985,-78.72442306,-2.73927766,NO,NO
1,AZUAY,275,PAUTE,890,DUG-DUG,2,LAZUL,2472,CASA COMUNAL LAZUL,NO,CENTRO DE LAZUL,0,1,1,2,1,1,1,1,184,752384,9697881,-78.72992209,-2.73118831,NO,NO
1,AZUAY,275,PAUTE,4565,EL CABO,0,,2343,UNIDAD EDUCATIVA ATENAS DEL ECUADOR/ESCUELA ANTONIO VEGA MUNOZ,NO,VIA BELLAVISTA E INTEROCEANICA,72203219,3,2,5,1,3,1,2,1564,746961,9684571,-78.77844849,-2.8516057,NO,NO
1,AZUAY,275,PAUTE,1455,GUARAINAC,1,GUARAINAC,2019,UNIDAD EDUCATIVA SAN PABLO DE GUARAINAC/COLEGIO LUIS VEGA GARIDO,NO,VIA 24 DE MAYO Y 4 DE MARZO,72254019,1,1,2,1,1,1,1,752,763199,9705265,-78.63282999,-2.66425321,NO,NO
1,AZUAY,275,PAUTE,1455,GUARAINAC,2,JUNTAS,2535,CASA COMUNAL DE JUNTAS,NO,VIA PRINCIPAL PAUTE-GUARAINAG,0,1,1,2,1,1,1,1,93,761672,9700886,-78.64648002,-2.70386333,NO,SI
1,AZUAY,275,PAUTE,5775,PAUTE,1,PAUTE,1174,ESCUELA DE EDUCACIÓN BÁSICA ISIDRO AYORA,SI,INDIA PAU Y TRES DE NOVIEMBRE,72250188,5,5,10,1,5,1,5,3500,748492.2411,9692429.883,-78.76481665,-2.78053331,NO,NO
1,AZUAY,275,PAUTE,5775,PAUTE,1,PAUTE,1165,UNIDAD EDUCATIVA 26 DE FEBRERO / ESCUELA SIMÓN BOLIVAR,SI,AV. INTEROCEÁNICA Y INDIA PAU,72250200,7,7,14,6,12,6,12,4900,748302.3562,9692676.624,-78.76652798,-2.77830598,NO,NO
1,AZUAY,275,PAUTE,5775,PAUTE,1,PAUTE,5870,UNIDAD EDUCATIVA CIUDAD DE PAUTE,SI,LUNTUR Y GONZALO COBOS,2256109,9,6,15,13,21,13,18,4797,748599,9691035,-78.76383304,-2.79314145,NO,NO
1,AZUAY,275,PAUTE,5775,PAUTE,2,VILLAFLOR,2754,ESCUELA DE EDUCACIÓN BÁSICA CORNELIO MOSQUERA LOPEZ,NO,VILLAFLOR VIA PRINCIPAL,73011414,1,1,2,1,1,1,1,94,745038,9687955,-78.79579625,-2.82104657,NO,NO
1,AZUAY,275,PAUTE,5775,PAUTE,3,ZHUMIR,2179,ESCUELA DE EDUCACION BASICA FRANCISCO ALVARADO COBOS,NO,LUIS ENRIQUE VASQUEZ S/N Y CHICAN EL CABO,72250969,1,1,2,1,1,1,1,192,748449.0744,9690434.41,-78.76517066,-2.79857346,NO,NO
1,AZUAY,275,PAUTE,3375,SAN CRISTOBAL,2,GUACHUN,2333,ESCUELA DE EDUCACIÓN BÁSICA ALBERTO MARÍA ANDRADE,NO,VIA SAN CRISTOBAL,73011406,1,1,2,1,1,1,1,261,737334,9687430,-78.8650549,-2.82592284,NO,NO
1,AZUAY,275,PAUTE,3375,SAN CRISTOBAL,1,SAN CRISTOBAL,2020,UNIDAD EDUCATIVA PIO BRAVO / ESCUELA DE EDUCACIÓN BÁSICA PIO BRAVO,NO,VIA ANTIGUA A PAUTE,73011904,3,2,5,1,3,1,2,1401,740552.8442,9687280.344,-78.83611098,-2.82722197,NO,NO
1,AZUAY,275,PAUTE,4050,TOMEBAMBA,0,,2015,ESCUELA DE EDUCACION BASICA ANTONIO MORALES,NO,VIA GUARAINAG 20 DE ENERO Y CABO YUPI MEDINA,73011909,2,2,4,1,2,1,2,1045,757770,9696745,-78.68148417,-2.74136441,NO,NO
1,AZUAY,555,PUCARA,5690,PUCARA,7,CALIGUIÑA,1984,ESCUELA DE EDUCACION BASICA DR. ALFREDO PEREZ GUERRERO,NO,VIA SAN MARCOS Y CALIGUIÑA,73064507,1,1,2,1,1,1,1,96,667920,9643241,-79.48874074,-3.22654846,NO,NO
1,AZUAY,555,PUCARA,5690,PUCARA,4,CERRO NEGRO,2153,UNIDAD EDUCATIVA CORNELIO VELEZ,NO,ANTONIO GARCIA Y ANTONIO VELA,73064519,1,1,2,1,1,1,1,200,660161,9643063,-79.55855328,-3.22826011,NO,NO
1,AZUAY,555,PUCARA,5690,PUCARA,3,GRAMALOTE,2526,ESCUELA DE EDUCACIÓN BÁSICA GRAMALOTE,NO,VIA GIRON PASAJE,72508152,1,1,2,1,1,1,1,301,654667,9633857,-79.60787437,-3.31159142,NO,NO
1,AZUAY,555,PUCARA,5690,PUCARA,8,LA DOLOROSA,2531,UNIDAD EDUCATIVA FEDERICO GONZALEZ SUAREZ/ESCUELA DE EDUCACIÓN BÁSICA FEDERICO GONZALEZ SUAREZ,NO,VIA A MINAS CHUQUI,73064510,1,1,2,1,1,1,1,75,672964,9647431,-79.4434138,-3.18858673,NO,NO
1,AZUAY,555,PUCARA,5690,PUCARA,9,LAS PALMAS,2209,ESCUELA DE EDUCACIÓN BÁSICA PROVINCIA DEL AZUAY,NO,CALLE RONDON MARIO Y VIA GIRÓN - PASAJE,985860682,1,1,2,1,1,1,1,111,649758.925,9633036.635,-79.65203252,-3.31907253,NO,NO
1,AZUAY,555,PUCARA,5690,PUCARA,5,PELINCAY,2527,ESCUELA DE EDUCACION BASICA PELINCAY,NO,CENTRO DE PELINCAY,72432206,1,1,2,1,1,1,1,120,669002,9646022,-79.47904243,-3.20138302,NO,NO
1,AZUAY,555,PUCARA,5690,PUCARA,1,PUCARA,967,UNIDAD EDUCATIVA PUCARA/ESCUELA JUAN DE VELASCO,SI,AV. 25 DE JULIO Y POLIVIO REYES,72432129,7,7,14,1,7,1,7,4303,670288.939,9644138.94,-79.46743784,-3.21839566,NO,NO
1,AZUAY,555,PUCARA,5690,PUCARA,11,SAN ANTONIO DE ÑUGRO,5857,ESCUELA DE EDUCACION BASICA ALBERTO DURAN CHICA,NO,VIA ALTERNA A PUCARA,73064517,1,1,2,1,1,1,1,118,670604,9635593,-79.46448593,-3.29567872,NO,NO
1,AZUAY,555,PUCARA,5690,PUCARA,10,SANTA CECILIA,33,ESCUELA DE EDUCACIÓN BÁSICA RAMÓN MORALES VALDIVIESO,NO,CENTRO DE SANTA CECILIA / VIA A MINAS DE LA PLAYA,73064526,1,1,2,1,1,1,1,267,650835,9634799,-79.6423704,-3.30311959,NO,NO
1,AZUAY,555,PUCARA,5690,PUCARA,2,SARAYUNGA,2184,UNIDAD EDUCATIVA SARAYUNGA,SI,JOSE RIOFRIO,72508058,2,1,3,1,2,1,1,753,657481,9633317,-79.58254436,-3.31643924,NO,NO
1,AZUAY,555,PUCARA,1690,SAN RAFAEL DE SHARUG,2,GUARUMAL,4984,ESCUELA DE EDUCACION BASICA GUARUMAL,NO,ENTRADA A LA COMUNIDAD DE GUARUMAL Y 3 DE MAYO,73064520,1,1,2,1,1,1,1,219,660178,9640155,-79.55836308,-3.25456025,NO,NO
1,AZUAY,555,PUCARA,1690,SAN RAFAEL DE SHARUG,1,SAN RAFAEL DE SHARUG,2089,UNIDAD EDUCATIVA SAN RAFAEL DE SHARUG / ESCUELA FAE,NO,CALLE FAE,73016076,2,2,4,1,2,1,2,971,661200,9637709,-79.54913508,-3.27666887,NO,NO
1,AZUAY,855,SAN FERNANDO,4560,CHUMBLIN,0,,1965,ESCUELA DE EDUCACION BASICA VICTOR ALVAREZ TORRES,NO,4 DE DICIEMBRE Y JAVIER MUÑOZ CHAVEZ,73054580,1,1,2,1,1,1,1,478,695485,9653779,-79.24089378,-3.13085552,NO,NO
1,AZUAY,855,SAN FERNANDO,6565,SAN FERNANDO,0,,1053,ESCUELA DE EDUCACION BASICA JUAN GIRON SANCHEZ,SI,CALLE SUCRE Y JESUS ARRIAGA,72279112,5,4,9,1,5,1,4,3122,694201.2182,9652081.845,-79.25241698,-3.14622197,NO,NO
1,AZUAY,285,SANTA ISABEL,15,ABDON CALDERON / LA UNION,0,,1336,UNIDAD EDUCATIVA JAIME ROLDOS AGUILERA/COLEGIO JAIME ROLDOS AGUILERA,NO,VIA A LA COMUNIDAD ABDON CALDERON,72262227,4,4,8,1,4,1,4,2665,690848.4894,9639254.775,-79.28238498,-3.2622667,NO,NO
1,AZUAY,285,SANTA ISABEL,4610,SAN SALVADOR DE CAÑARIBAMBA,0,,1986,ESCUELA DE EDUCACIÓN GENERAL BASICA EMILIANO HINOSTROZA,NO,"VIA A SHAGLLI, A 12 KM DE SANTA ISABEL",72172115,1,1,2,1,1,1,1,625,684613,9642200,-79.3385311,-3.23572712,NO,NO
1,AZUAY,285,SANTA ISABEL,6045,SANTA ISABEL,3,JUBONES,2002,ESCUELA DE EDUCACION BASICA RAFAEL VINTIMILLA JARA,NO,VIA A JUBONES Y CALLES SN,0,1,1,2,1,1,1,1,164,686630,9629968,-79.32019857,-3.3463123,NO,NO
1,AZUAY,285,SANTA ISABEL,6045,SANTA ISABEL,1,SANTA ISABEL,1328,ESCUELA DE EDUCACIÓN BÁSICA FERNANDO DE ARAGÓN,SI,RAFAEL GALARZA S/N Y MANABI,72270452,5,5,10,1,5,1,5,3500,687159.085,9637699.345,-79.31555598,-3.27638897,NO,NO
1,AZUAY,285,SANTA ISABEL,6045,SANTA ISABEL,1,SANTA ISABEL,1252,UNIDAD EDUCATIVA SANTA ISABEL/COLEGIO SANTA ISABEL,SI,RAFAEL GALARZA S/N,72270142,6,6,12,6,11,6,11,4200,687182.0516,9637432.846,-79.31534531,-3.27879859,NO,NO
1,AZUAY,285,SANTA ISABEL,6045,SANTA ISABEL,1,SANTA ISABEL,1988,ESCUELA DE EDUCACION BASICA VEINTE DE ENERO,NO,ROLANDO SARMIENTO SN Y RODRIGO PALACIOS,72270505,4,4,8,12,15,12,15,2800,687592,9637795,-79.31166231,-3.27551737,NO,NO
1,AZUAY,285,SANTA ISABEL,6045,SANTA ISABEL,1,SANTA ISABEL,5856,UNIDAD EDUCATIVA LA IMACULADA,NO,24 DE MAYO Y FIDEL ROSALES,72270143,3,1,4,16,18,16,16,1225,687181.7224,9637871.286,-79.3153549,-3.27483375,NO,NO
1,AZUAY,285,SANTA ISABEL,3835,SHAGLLI,2,HUERTAS,3476,ESCUELA BENJAMÍN CARRIÓN,NO,VIA HUERTAS HORNILLAS,73013958,1,1,2,1,1,1,1,115,678395,9653216,-79.39463082,-3.1361949,NO,NO
1,AZUAY,285,SANTA ISABEL,3835,SHAGLLI,3,PUCULCAY,5000,UNIDAD EDUCATIVA SAN ALFONSO DE PUCULCAY,NO,VIA PRINCIPAL A LA COMUNIDAD DE PUCULCAY,0,1,1,2,1,1,1,1,163,674251,9658827,-79.43198798,-3.08550786,NO,SI
1,AZUAY,285,SANTA ISABEL,3835,SHAGLLI,1,SHAGLLI,1243,UNIDAD EDUCATIVA SAN PEDRO DE SHAGLLI/ESCUELA PEDRO UNDA,SI,3 DE NOVIEMBRE,73011221,2,2,4,1,2,1,2,1293,680231.2639,9649275.415,-79.37805556,-3.17180556,NO,NO
1,AZUAY,955,SEVILLA DE ORO,85,AMALUZA,1,AMALUZA,2380,UNIDAD EDUCATIVA JUVENTINO VELEZ\ESCUELA JUVENTINO VELEZ,NO,VIA INTEROCEANICA - GUARUMALES-MENDEZ,0,1,1,2,1,1,1,1,552,771326,9710808,-78.55987872,-2.61400746,NO,NO
1,AZUAY,955,SEVILLA DE ORO,85,AMALUZA,2,SANTA RITA,2330,CASA COMUNAL DE SANTA RITA/ESCUELA RAFAEL LARRIVA CUESTA,NO,VIA INTEROCEANICA - GUARUMALES-MENDEZ,0,1,1,2,1,1,1,1,255,764931,9710583,-78.61735331,-2.61615231,NO,NO
1,AZUAY,955,SEVILLA DE ORO,2725,PALMAS,2,JURUPILLOS,2767,ESCUELA DOLORES GOMEZ LEÓN,NO,VIA GUARUMALES-MENDES KM 72,3012361,1,1,2,1,1,1,1,194,765863,9704995,-78.60887965,-2.66664728,NO,NO
1,AZUAY,955,SEVILLA DE ORO,2725,PALMAS,1,PALMAS,853,UNIDAD EDUCATIVA LAS PALMAS / COLEGIO NACIONAL TÉCNICO LAS PALMAS,NO,ADOLFO CLAVIJO Y RICARDO ESPINOZA,72536045,3,3,6,1,3,1,3,1659,763491.7842,9699392.528,-78.63009569,-2.7173313,NO,NO
1,AZUAY,955,SEVILLA DE ORO,2725,PALMAS,3,SANTA ROSA,2769,CASA COMUNAL DE SANTA ROSA,NO,VIA GUARUMALES-MENDEZ,0,1,1,2,1,1,1,1,108,762526,9697575,-78.63874517,-2.73377771,NO,NO
1,AZUAY,955,SEVILLA DE ORO,6480,SEVILLA DE ORO,2,CAIGUAS,1325,CASA COMUNAL DE CAIGUAS/ESCUELA MAX PALACIOS,NO,VIA GUARUMALES-MENDEZ,73011606,1,1,2,1,1,1,1,132,761464,9693292,-78.64821581,-2.77251244,NO,NO
1,AZUAY,955,SEVILLA DE ORO,6480,SEVILLA DE ORO,3,CHIMUL,2078,ESCUELA DE EDUCACIÓN BASICA PADRE ALBINO DEL CURTO,NO,ENTRA A CHIMUL VIA A SAN BARTOLO,73011631,1,1,2,1,1,1,1,131,761364,9688343,-78.6490257,-2.81725039,NO,NO
1,AZUAY,955,SEVILLA DE ORO,6480,SEVILLA DE ORO,1,SEVILLA DE ORO,829,UNIDAD EDUCATIVA SEVILLA DE ORO/COLEGIO ALFONSO MORENO MORA,SI,AV. DON BOSCO Y BENJAMIN CARDENAS,72280283,3,3,6,1,3,1,3,1873,760868.458,9690515.251,-78.65351979,-2.79762344,NO,NO
1,AZUAY,280,SIGSIG,750,CUTCHIL,0,,32,ESCUELA DE EDUCACIÓN BÁSICA ERNESTO LOPEZ,NO,CENTRO DE CUTCHIL,72267610,2,2,4,1,2,1,2,1123,744776.5746,9659418.845,-78.79763889,-3.07902778,NO,NO
1,AZUAY,280,SIGSIG,1355,GIMA,0,,580,UNIDAD EDUCATIVA JIMA/ ESCUELA DE EDUCACION BASICA REMIGIO ESTEVEZ DE TORAL,NO,AV. AMAZONAS Y RAMON ZHUNIO,72418384,5,4,9,1,5,1,4,2636,727010.4433,9647025.384,-78.95719998,-3.19139997,NO,NO
1,AZUAY,280,SIGSIG,1490,GUEL,0,,1434,ESCUELA DE EDUCACION BASICA JOSE FELIX GONZALEZ,NO,MANUELA CAÑIZARES S/N Y HERMANO MIGUEL,73010155,2,1,3,1,2,1,1,954,748213.9147,9666609.79,-78.76686137,-3.01395599,NO,NO
1,AZUAY,280,SIGSIG,2215,LUDO,2,BUENA VISTA,1218,ESCUELA DE EDUCACION BASICA LUIS BENIGNO TORRES,NO,VIA LA SIGSIG-LUDO,73050715,1,1,2,1,1,1,1,239,737911,9659284,-78.85937957,-3.08037329,NO,NO
1,AZUAY,280,SIGSIG,2215,LUDO,3,HATOBOLO,1242,ESCUELA DE EDUCACION BASICA MANUEL J. SALCEDO,NO,"VIA A LA DOLOROSA, A 30 MTS DEL COLISEO",73050565,1,1,2,1,1,1,1,105,734172.796,9656235.699,-78.89294444,-3.108,NO,NO
1,AZUAY,280,SIGSIG,2215,LUDO,1,LUDO,1170,UNIDAD EDUCATIVA AGUSTIN IGLESIAS/ESCUELA AGUSTÍN IGLESIAS,NO,CALLE DEL EJERCITO Y COLLANA,73050718,4,3,7,1,4,1,3,2190,734216.7869,9659220.919,-78.89260213,-3.08101016,NO,NO
1,AZUAY,280,SIGSIG,2215,LUDO,4,SERRAG,8323,CASA COMUNAL DE SERRAG,NO,VIA PRINCIPAL A SERRAG,98137030,1,1,2,1,1,1,1,185,731418,9655842,-78.91771366,-3.11160884,NO,NO
1,AZUAY,280,SIGSIG,3360,SAN BARTOLOME,2,LA LIBERTAD,818,CASA COMUNA / EX ESCUELA DE EDUCACION BASICA EDMUNDO MALDONADO,NO,VIA LA LIBERTAD CENTRO,73010187,1,1,2,1,1,1,1,56,736187,9667257,-78.87502548,-3.00832224,NO,NO
1,AZUAY,280,SIGSIG,3360,SAN BARTOLOME,1,SAN BARTOLOMÉ,706,UNIDAD EDUCATIVA SAN BARTOLOMÉ / ESCUELA MIGUEL MORENO,SI,ADOLFO CORRAL E ISAAC CALLE,72537081,5,3,8,1,5,1,3,2601,739278.5094,9667126.863,-78.84722198,-3.00944397,NO,NO
1,AZUAY,280,SIGSIG,3360,SAN BARTOLOME,3,SIGSIGLLANO,5024,UNIDAD EDUCATIVA JUAN BAUTISTA VASQUEZ,NO,CALLE ANTIGUA - SAN BARTOLOME - SIGSIG,73010375,1,1,2,1,1,1,1,100,741702.9149,9668289.855,-78.82544105,-2.99888647,NO,NO
1,AZUAY,280,SIGSIG,3495,SAN JOSE DE RARANGA,2,LA ESMERALDA,2151,ESCUELA DE EDUCACIÓN BÁSICA 5 DE NOVIEMBRE,NO,VIA A BANGUIR VIA A CERRAG,73051609,1,1,2,1,1,1,1,223,730502,9652234,-78.92588801,-3.14424535,NO,NO
1,AZUAY,280,SIGSIG,3495,SAN JOSE DE RARANGA,1,SAN JOSE DE RARANGA,1470,UNIDAD EDUCATIVA SAN JOSE DE RARANGA / ESCUELA ISAAC MARIA PEÑA,NO,BARRIO 25 DE DICIEMBRE,73010205,3,2,5,1,3,1,2,1280,725871.4745,9653515.976,-78.96755916,-3.13273693,NO,NO
1,AZUAY,280,SIGSIG,6085,SIGSIG,2,PIRUNCAY,2492,ESCUELA DE EDUCACIÓN BÁSICA CARMEN ADELA CARDENAS,NO,"CENTRO DE PIRUNCAY, JUNTO A LA CAPILLA",7305673,1,1,2,1,1,1,1,55,745412,9667340,-78.79207035,-3.00740632,NO,NO
1,AZUAY,280,SIGSIG,6085,SIGSIG,1,SIGSIG,1345,ESCUELA DE EDUCACIÓN BÁSICA DOMINGO SAVIO,SI,GARCIA MORENO 2-29 Y GUILLERMO ESPINOZA,72266229,5,5,10,1,5,1,5,3500,745350.665,9662341.049,-78.7925303,-3.05259946,NO,NO
1,AZUAY,280,SIGSIG,6085,SIGSIG,1,SIGSIG,4993,UNIDAD EDUCATIVA SIGSIG,SI,KENNEDY Y LUIS RODRIGUEZ,72266113,7,7,14,6,12,6,12,4900,744851.4903,9662676.463,-78.79702542,-3.04957646,NO,NO
1,AZUAY,280,SIGSIG,6085,SIGSIG,1,SIGSIG,5802,UNIDAD EDUCATIVA FISCOMISIONAL MARIA MAZZARELLO,NO,AV. MARIA AUXILIADORA Y DE LOS RECUERDOS,72226612,5,1,6,13,17,13,13,1800,745105,9662685,-78.79474584,-3.0494946,NO,NO
2,BOLIVAR,165,GUARANDA,795,SAN LUIS DE PAMBIL,3,JILIMBÍ,3791,ESCUELA EMILIO MARIA TERAN,NO,VIA SAN LUIS DE PAMBIL Y VIA FACUNDO VELA,990615595,1,1,2,1,1,1,1,114,704148,9867705,-79.16529164,-1.19629506,NO,SI
2,BOLIVAR,180,CHILLANES,5245,CHILLANES,5,SAN JOSÉ DE GUAYABAL,3615,UNIDAD EDUCATIVA MANUEL AGUILAR,NO,VIA A RAMOS LOMA,989219238,1,1,2,1,1,1,1,75,714015,9778302,-79.07589464,-2.00462555,NO,SI
2,BOLIVAR,760,CALUMA,6340,CALUMA / SAN ANTONIO/,3,YATUVI,3621,UNIDAD EDUCATIVA YATUVI,NO,RECINTO CALUMA NUEVO - VIA A CALUMA,32642614,1,1,2,1,1,1,1,183,689152.3397,9822299.023,-79.29972222,-1.607,NO,NO
2,BOLIVAR,180,CHILLANES,5245,CHILLANES,4,SAN VICENTE DE POROTOPAMBA,3573,ESCUELA 27 DE FEBRERO,NO,VIA A SAN JOSE DEL TAMBO,959707567,1,1,2,1,1,1,1,72,706909,9787938,-79.13985449,-1.91756717,NO,SI
2,BOLIVAR,760,CALUMA,6340,CALUMA / SAN ANTONIO/,4,SAN PABLO DE PITA,3620,ESCUELA FISCAL MIXTA FRANCISCO PIZARRO,NO,VIA A CALUMA Y VIA A SAMANA,33011972,1,1,2,1,1,1,1,244,689116,9819681,-79.30002906,-1.63067567,NO,SI
2,BOLIVAR,175,SAN MIGUEL,3595,SAN PABLO DE ATENAS,2,GUAMALÁN,3004,ESCUELA HERMANO MIGUEL,NO,VIA A SANDALANGA,0,1,1,2,1,1,1,1,73,711225,9793519,-79.10112203,-1.86705972,NO,SI
2,BOLIVAR,175,SAN MIGUEL,5995,SAN MIGUEL,2,QUISACOTO,3184,ESCUELA BASICA CHILE,NO,VIA KELLY,32650472,1,1,2,1,1,1,1,32,720903,9800628,-79.01422366,-1.80268523,NO,SI
2,BOLIVAR,165,GUARANDA,3860,SIMIATUG,3,SANTA TERESA,3175,CENTRO DE EDUCACION INTERCULTURAL BILINGÜE 23 DE ABRIL,NO,VIA A INGAPIRCA,967179673,1,1,2,1,1,1,1,82,721371,9863532,-79.01053858,-1.23391788,NO,SI
2,BOLIVAR,165,GUARANDA,3860,SIMIATUG,4,INGAPIRCA,3599,ESCUELA DE EDUCACION BASICA INGAPIRCA,NO,VÍA A FACUNDO VELA,33033203,1,1,2,1,1,1,1,128,720105,9864413,-79.02191743,-1.22596056,NO,SI
2,BOLIVAR,180,CHILLANES,3500,SAN JOSE DE TAMBO,4,VALPARAISO,3618,ESCUELA DE EDUCACION BASICA FRANCISCO DE ORELLANA,NO,VIA A LAS JUNTAS Y VIA A SAN JACINTO,33011972,1,1,2,1,1,1,1,145,695763,9774049,-79.23989361,-2.0432707,NO,SI
2,BOLIVAR,165,GUARANDA,3860,SIMIATUG,2,MINDINA,2998,ESCUELA CACIQUE GUARANGA,NO,VIA AL CORAZON Y SIMIATUG,969224011,1,1,2,1,1,1,1,191,723906,9864106,-78.98776981,-1.22871073,NO,SI
2,BOLIVAR,180,CHILLANES,3500,SAN JOSE DE TAMBO,5,JUNTA NUEVA,3619,ESCUELA DE EDUCACION BASICA TOMAS GAVILANES ALAVA,NO,VIA A LA COLOMBIA,32650942,1,1,2,1,1,1,1,363,692684.8062,9778282.969,-79.26760175,-2.00501302,NO,SI
2,BOLIVAR,180,CHILLANES,3500,SAN JOSE DE TAMBO,1,SAN JOSE DE TAMBO,1489,ESCUELA DE EDUCACION GENERAL BASICA DARIO C GUEVARA,SI,RUPERTO BENAVIDEZ Y SEGUNDO DANIEL GAIBOR,3213286,5,6,11,1,5,1,6,3672,696058.0612,9783672.21,-79.23733444,-1.95624612,NO,NO
2,BOLIVAR,175,SAN MIGUEL,345,BILOVAN,3,MATAPALO,3617,ESCUELA MIGUEL DE CERVANTES,NO,VIA LA FLORIDA,0,1,1,2,1,1,1,1,101,697771.319,9799704.776,-79.22208333,-1.81125,NO,SI
2,BOLIVAR,180,CHILLANES,5245,CHILLANES,1,CHILLANES,1494,UNIDAD EDUCATIVA CHILLANES,SI,ELOY ALFARO Y SANTA RITA,32978470,10,10,20,1,10,1,10,7000,715587.1887,9784827.886,-79.06183367,-1.94560175,NO,NO
2,BOLIVAR,180,CHILLANES,5245,CHILLANES,1,CHILLANES,1637,ESCUELA DE EDUCACION BASICA GABRIELA MISTRAL,NO,GABRIELA MISTRAL SNY Y CHIMBO,32978361,6,7,13,11,16,11,17,4094,714710,9785352,-79.06972212,-1.94087179,NO,NO
2,BOLIVAR,185,ECHEANDIA,5350,ECHEANDIA,1,ECHEANDIA,1648,ESCUELA DE EDUCACION BASICA ADOLFO PAEZ,SI,GENARO VISCARRO Y SIMON BOLIVAR,32970560,7,7,14,7,13,7,13,4900,691649.9678,9841651.702,-79.27741667,-1.43197222,NO,NO
2,BOLIVAR,185,ECHEANDIA,5350,ECHEANDIA,1,ECHEANDIA,1640,ESCUELA DE EDUCACION BASICA JUAN BENIGNO VELA,SI,ANGEL POLIBIO CHAVEZ Y ABDON CALDERON,32970193,6,6,12,1,6,1,6,4200,691271.5262,9841885.798,-79.28081871,-1.42985782,NO,NO
2,BOLIVAR,185,ECHEANDIA,5350,ECHEANDIA,1,ECHEANDIA,5954,UNIDAD EDUCATIVA GALO PLAZA,NO,Av. Nelson León y 5 de octubre,32970317,8,8,16,14,21,14,21,5505,690830,9841537,-79.28478369,-1.43301505,NO,NO
2,BOLIVAR,760,CALUMA,6340,CALUMA / SAN ANTONIO/,1,CALUMA /SAN ANTONIO,1657,UNIDAD EDUCATIVA CALUMA,SI,AV. TIWINSA Y COANGOS,32974142,7,7,14,9,15,9,15,4900,694399.2315,9819543.095,-79.25255144,-1.63188183,NO,NO
2,BOLIVAR,760,CALUMA,6340,CALUMA / SAN ANTONIO/,1,CALUMA /SAN ANTONIO,1665,ESCUELA DE EDUCACION BASICA ALFREDO NOBOA MONTENEGRO,SI,AV. HEROES DEL CENEPA Y DR. VINICIO NOBOA,32974129,8,8,16,1,8,1,8,5600,693883.7542,9819624.925,-79.25718425,-1.63114588,NO,NO
2,BOLIVAR,760,CALUMA,6340,CALUMA / SAN ANTONIO/,1,CALUMA /SAN ANTONIO,6091,ESCUELA DE EDUCACIÓN BÁSICA HUAYNA - CAPAC,NO,AV. ELIAS FIERRO,32974141,6,6,12,16,21,16,21,4171,694581,9819883,-79.2509207,-1.62880664,NO,NO
2,BOLIVAR,950,LAS NAVES,6470,LAS NAVES,1,LAS NAVES,1645,UNIDAD EDUCATIVA LAS NAVES,SI,AUGUSTO CHAVEZ Y ABDON CALDERON,32658125,5,5,10,1,5,1,5,3500,687049.3118,9857688.889,-79.31885641,-1.28697335,NO,NO
2,BOLIVAR,950,LAS NAVES,6470,LAS NAVES,1,LAS NAVES,6108,ESCUELA DE EDUCACIÓN BÁSICA GNRAL. VICENTE ANDA AGUIRRE,NO,10 DE AGOSTO Y 8 DE DICIEMBRE,32658146,4,4,8,6,9,6,9,2295,687416,9857763,-79.31556212,-1.28630095,NO,NO
2,BOLIVAR,950,LAS NAVES,6475,LAS MERCEDES,0,,2959,ESCUELA DE EDUCACION BASICA SEBASTIAN DE BENALCAZAR,NO,VIA LAS NAVES,32648068,2,2,4,1,2,1,2,905,686586,9859462,-79.32302973,-1.27094121,NO,NO
2,BOLIVAR,165,GUARANDA,3670,SAN SIMON,2,GRADAS,2868,UNIDAD EDUCATIVA COMUNITARIA INTERCULTURAL BILINGUE RUMIÑAHUI,NO,VIA A SAN SIMON,32981749,1,1,2,1,1,1,1,694,724893.597,9820821.727,-78.97855689,-1.62006264,NO,NO
2,BOLIVAR,165,GUARANDA,6630,GUANUJO,6,PACHAKUTIK,3250,UNIDAD EDUCATIVA COCDIAG,NO,CALLE PACHAKUTIK,32206918,1,1,2,1,1,1,1,83,730427,9830966,-78.92893232,-1.52829474,NO,SI
2,BOLIVAR,165,GUARANDA,6630,GUANUJO,4,CUATRO ESQUINAS,2902,ESCUELA DE EDUCACION BASICA ISABEL LA CATOLICA,NO,CHE GUEVARA JOSE MARIA SILVA,3205009,1,1,2,1,1,1,1,264,723112,9831180,-78.99465352,-1.5264226,NO,NO
2,BOLIVAR,165,GUARANDA,3285,SALINAS,3,CHAZOJUAN,3008,UNIDAD EDUCATIVA ATAHUALPA,NO,VIA MULLILLAGUN,3032286,1,1,2,1,1,1,1,195,705896,9845642,-79.14944273,-1.3957895,NO,SI
2,BOLIVAR,180,CHILLANES,5245,CHILLANES,2,ACHIN,3614,UNIDAD EDUCATIVA ANGEL JACINTO VILLARES,NO,PLAZOLETA PRINCIPAL DEL RECINTO,32650185,1,1,2,1,1,1,1,156,712775,9770782,-79.08695839,-2.07263545,NO,SI
2,BOLIVAR,180,CHILLANES,5245,CHILLANES,3,PALMIRA,3616,ESCUELA JUAN DE DIOS MORALES,NO,VIA A UNDUSHI,990743801,1,1,2,1,1,1,1,40,708686,9777509,-79.12377944,-2.01185203,NO,SI
2,BOLIVAR,185,ECHEANDIA,5350,ECHEANDIA,2,SABANETILLAS,2958,UNIDAD EDUCATIVA SABANETILLAS,NO,VIA SABANETILLAS Y SAN GERARDO,2646035,1,1,2,1,1,1,1,600,687619,9836925,-79.31360534,-1.47474436,NO,NO
2,BOLIVAR,165,GUARANDA,5035,ANGEL POLIVIO CHAVEZ,3,SAN JUAN DE LLULLUNDONGO,2905,ESCUELA DE EDUCACION BASICA FAE,NO,VIA ECHEANDIA,32984861,1,1,2,1,1,1,1,451,718135,9829828,-79.03935824,-1.53868878,NO,NO
2,BOLIVAR,180,CHILLANES,5245,CHILLANES,7,SANTA ROSA DE CERRITOS,3594,UNIDAD EDUCATIVA SANTA ROSA DE CERRITOS,NO,VIA A SAN JOSE DEL TAMBO,2127118,1,1,2,1,1,1,1,71,709600.46,9791549.43,-79.11570199,-1.88488495,NO,SI
2,BOLIVAR,175,SAN MIGUEL,345,BILOVAN,4,SAN JORGE,6935,ESCUELA DE EDUCACION BASICA IVAN FERNANDO ZUMBA LUCIO,NO,CENTRO DEL POBLADO,0,1,1,2,1,1,1,1,101,697260,9795322,-79.22663952,-1.85088735,NO,SI
2,BOLIVAR,165,GUARANDA,3285,SALINAS,1,SALINAS,6205,UNIDAD EDUCATIVA INTERCULTURAL DEL MILENIO SALINAS,SI,VIA A SIMIATUG 1 1/2 KM,0,5,5,10,1,5,1,5,3114,719490,9844748,-79.0273026,-1.403773,NO,NO
2,BOLIVAR,165,GUARANDA,3545,SAN LORENZO,0,,3165,UNIDAD EDUCATIVA SAN LORENZO,NO,VIA A CANDUYA Y ANGEL POLIBIO CHAVEZ,32201057,3,3,6,1,3,1,3,1797,722624.2396,9814446.896,-78.99888889,-1.67772222,NO,NO
2,BOLIVAR,165,GUARANDA,3670,SAN SIMON,1,SAN SIMON,1672,ESCUELA DE EDUCACION BASICA ABDON CALDERON,SI,15 DE MAYO Y ABDON CALDERON,3220107,2,2,4,1,2,1,2,1400,723601,9818331,-78.99014815,-1.64259452,NO,NO
2,BOLIVAR,165,GUARANDA,3670,SAN SIMON,1,SAN SIMON,6247,UNIDAD EDUCATIVA PROVINCIA DE BOLIVAR,NO,ABDON CALDERON,32220008,2,2,4,3,4,3,4,1291,723314,9818345,-78.99272693,-1.64247055,NO,NO
2,BOLIVAR,165,GUARANDA,3710,SANTA FE,0,,2942,UNIDAD EDUCATIVA 23 DE ABRIL,NO,PEDRO CARBO Y SIMON BOLIVAR,2635120,3,3,6,1,3,1,3,1860,721034,9821558,-79.01324099,-1.61343996,NO,NO
2,BOLIVAR,165,GUARANDA,3860,SIMIATUG,1,SIMIATUG,1649,UNIDAD EDUCATIVA FELIX GRANJA,SI,MATO GROSO Y VEINTIMILLA,32223115,6,6,12,1,6,1,6,4200,726930.1604,9857309.683,-78.96055556,-1.29013889,NO,NO
2,BOLIVAR,165,GUARANDA,3860,SIMIATUG,1,SIMIATUG,5407,UNIDAD EDUCATIVA DEL MILENIO INTERCULTURAL BILINGUE SIMIATUG BLOQUE 1,SI,ELOY ALFARO Y ARTURO YUMBAY,32223126,6,6,12,7,12,7,12,3928,727014,9857474,-78.95980358,-1.28865261,NO,NO
2,BOLIVAR,165,GUARANDA,5035,ANGEL POLIVIO CHAVEZ,1,ANGEL POLIVIO CHAVEZ,1658,UNIDAD EDUCATIVA ANGEL POLIBIO CHAVES,SI,JHONSON CITY Y SUCRE,32982158,17,15,32,1,17,1,15,10987,722369.742,9823345.603,-79.0012553,-1.59726516,NO,NO
2,BOLIVAR,165,GUARANDA,5375,GABRIEL I VEINTIMILLA,1,GABRIEL I VEINTIMILLA,1636,UNIDAD EDUCATIVA VERBO DIVINO,SI,AV CANDIDO RADA 301 Y GENERAL ENRIQUEZ,32980702,8,8,16,11,18,11,18,5600,722786.4592,9824259.215,-78.9975192,-1.5890009,NO,NO
2,BOLIVAR,165,GUARANDA,5375,GABRIEL I VEINTIMILLA,1,GABRIEL I VEINTIMILLA,1638,UNIDAD EDUCATIVA PEDRO CARBO,SI,9 DE ABRIL Y SELVA ALEGRE,32981692,10,10,20,1,10,1,10,7000,722487.742,9824290.356,-79.00020335,-1.58872195,NO,NO
2,BOLIVAR,165,GUARANDA,5375,GABRIEL I VEINTIMILLA,1,GABRIEL I VEINTIMILLA,5427,ESCUELA DE EDUCACION BASICA MANUEL DE ECHEANDIA,NO,7 DE MAYO Y MANUELA CAÑIZARES,32981389,4,4,8,19,22,19,22,2800,722418,9824147,-79.00082871,-1.59001874,NO,NO
2,BOLIVAR,165,GUARANDA,5375,GABRIEL I VEINTIMILLA,1,GABRIEL I VEINTIMILLA,5906,Unidad Educativa Roberto Alfredo Arregui Chauvin,SI,Jaime Aguirre y Av. Dr. Humberto del Pozo Saltos,32980183,9,7,16,23,31,23,29,5275,721918,9825004,-79.00532848,-1.58227436,NO,NO
2,BOLIVAR,170,CHIMBO,170,ASUNCION,0,,1644,UNIDAD EDUCATIVA LA ASUNCION,SI,SIMON BOLIVAR Y GENERAL JOSE GARCIA,32637043,4,4,8,1,4,1,4,2451,718207.7024,9815686.36,-79.03858333,-1.66655556,NO,NO
2,BOLIVAR,170,CHIMBO,2315,MAGDALENA/CHAPACOTO,0,,1643,UNIDAD EDUCATIVA LA MAGDALENA,NO,CALLE GUAYAS Y LA MERCED,32972133,4,4,8,1,4,1,4,2578,714841.3951,9815993.821,-79.06883333,-1.66380556,NO,NO
2,BOLIVAR,170,CHIMBO,3655,SAN SEBASTIAN,0,,3595,ESCUELA GONZALES SUAREZ,NO,7 DE DICIEMBRE Y SUCRE,2650761,2,2,4,1,2,1,2,920,718427,9812961,-79.0365883,-1.69119598,NO,NO
2,BOLIVAR,170,CHIMBO,3995,TELIMBELA,1,TELIMBELA,3624,UNIDAD EDUCATIVA GUSTAVO LEMOS RAMIREZ,NO,CALLE HERACLEO CORONEL,3012096,2,2,4,1,2,1,2,1258,703143,9815627,-79.17394793,-1.66722332,NO,NO
2,BOLIVAR,170,CHIMBO,5975,SAN JOSE DE CHIMBO,0,,1682,UNIDAD EDUCATIVA CORINA PARRAL DE VELASCO IBARRA,SI,AV VICTOR DEL POZO,32988138,5,5,10,1,5,1,5,3500,719983.143,9813552.693,-79.02261132,-1.68583172,NO,NO
2,BOLIVAR,170,CHIMBO,5975,SAN JOSE DE CHIMBO,0,,1683,ESCUELA BASICA ALEJANDRO SERGIO BERMEO,SI,AV ISIDRO AYORA Y TRES DE MARZO,32988828,4,4,8,6,9,6,9,2504,719747.338,9813511.58,-79.02472971,-1.68620562,NO,NO
2,BOLIVAR,175,SAN MIGUEL,275,BALZAPAMBA,0,,1612,UNIDAD EDUCATIVA 8 DE NOVIEMBRE,SI,VIA AL TORNEADO,52953083,5,5,10,1,5,1,5,3160,703114.91,9804797.64,-79.17410743,-1.76514921,NO,NO
2,BOLIVAR,175,SAN MIGUEL,3595,SAN PABLO DE ATENAS,1,SAN PABLO DE ATENAS,1655,UNIDAD EDUCATIVA SAN PABLO DE ATENAS,SI,AV 11 DE ENERO Y PADRE ANTONIO DOMINGUEZ,3217066,8,7,15,1,8,1,7,4964,714820.5166,9798642.825,-79.06886111,-1.82069444,NO,NO
2,BOLIVAR,175,SAN MIGUEL,3775,SANTIAGO,1,SANTIAGO,3005,UNIDAD EDUCATIVA SANTIAGO,NO,CALLE GUAYAQUIL VIA A CHIMBO,32229032,2,2,4,1,2,1,2,1389,722324,9812227,-79.00156606,-1.69779662,NO,NO
2,BOLIVAR,175,SAN MIGUEL,3900,SAN VICENTE,1,SAN VICENTE,3799,ESCUELA DE EDUCACION BASICA LUIS AURELIO GONZALES,NO,CALLE ROBERTO NUÑEZ Y 6 DE OCTUBRE,993731277,1,1,2,1,1,1,1,758,720288.825,9810151.331,-79.01983333,-1.71658333,NO,NO
2,BOLIVAR,175,SAN MIGUEL,4515,REGULO DE MORA,0,,3016,UNIDAD EDUCATIVA REGULO DE MORA,NO,CARMEN INZUA Y FILIBERTO GAIBOR,32989165,2,2,4,1,2,1,2,1081,701319,9792366,-79.19013405,-1.87758041,NO,NO
2,BOLIVAR,175,SAN MIGUEL,5995,SAN MIGUEL,1,SAN MIGUEL,1621,UNIDAD EDUCATIVA 10 DE ENERO,SI,AV VELAZCO IBARRA Y SUCRE,32650716,8,8,16,1,8,1,8,5600,717855.587,9810675.166,-79.04170179,-1.71186952,NO,NO
2,BOLIVAR,175,SAN MIGUEL,5995,SAN MIGUEL,1,SAN MIGUEL,1625,UNIDAD EDUCATIVA DEL MILENIO ANGEL POLIBIO CHAVES,SI,AV. EL MAESTRO Y AUGUSTO SABALA,32989035,12,10,22,9,20,9,18,7483,717193.337,9811413.962,-79.04765916,-1.70519547,NO,NO
2,BOLIVAR,165,GUARANDA,3285,SALINAS,4,GRAMALOTE,2963,ESCUELA INTERCULTURAL BILINGÜE HUALCOPO DUCHICELA,NO,CENTRO DEL RECINTO,939575764,1,1,2,1,1,1,1,57,710189,9857273,-79.11095273,-1.29058749,NO,SI
2,BOLIVAR,165,GUARANDA,3860,SIMIATUG,5,TALAHUA,3204,ESCUELA DE EDUCACION BASICA SIMON RODRIGUEZ,NO,VIA FACUNDO VELA,980631746,1,1,2,1,1,1,1,227,720501,9856329,-79.01830464,-1.299052,NO,SI
2,BOLIVAR,170,CHIMBO,3995,TELIMBELA,3,TABLAS LA FLORIDA,5426,ESCUELA DE EDUCACION BASICA GUTBERTO GARCIA,NO,VIA A CALUMA - VIA A LA ESMERALDA,983060458,1,1,2,1,1,1,1,385,692988,9816402,-79.26520848,-1.660298,NO,SI
2,BOLIVAR,165,GUARANDA,5375,GABRIEL I VEINTIMILLA,2,INTI CHURI - CASAICHE,5409,UNIDAD EDUCATIVA INTERCULTURAL BILINGÜE INTI CHURI,NO,VIA SAN ANTONIO,0,1,1,2,1,1,1,1,106,731662,9824326,-78.91777812,-1.58831773,NO,SI
2,BOLIVAR,180,CHILLANES,5245,CHILLANES,8,UNDUSHI,4639,UNIDAD EDUCATIVA BARTOLOME RUIZ,NO,VIA A SAN JOSE DEL TAMBO,69567924,1,1,2,1,1,1,1,86,707748.459,9780559.904,-79.13223669,-1.98427437,NO,SI
2,BOLIVAR,165,GUARANDA,795,SAN LUIS DE PAMBIL,2,SAN FERNANDO,3289,UNIDAD EDUCATIVA SIMON BOLIVAR,NO,VIA A MORASPUNGO,2680167,1,1,2,1,1,1,1,508,698041,9869842,-79.22017045,-1.17700681,NO,SI
2,BOLIVAR,180,CHILLANES,3500,SAN JOSE DE TAMBO,2,STA ROSA DE AGUA CLARA,2991,ESCUELA DE EDUCACION BASICA GRAN COLOMBIA,NO,VIA BUCAY - PALLATANGA,987094862,1,1,2,1,1,1,1,742,709344.2231,9756789.741,-79.11763889,-2.19919444,NO,NO
2,BOLIVAR,180,CHILLANES,3500,SAN JOSE DE TAMBO,3,ANGELICA,3541,UNIDAD EDUCATIVA LA ANGELICA,NO,VIA SANTANDERIANA Y ESTERO LA PLATA,52715017,1,1,2,1,1,1,1,495,696176,9771242,-79.23615363,-2.06864997,NO,SI
2,BOLIVAR,175,SAN MIGUEL,3775,SANTIAGO,2,TOTORAS,3014,ESCUELA ALBERTO DAVILA LOPEZ,NO,VIA COLTA - RIOBAMABA,99336142,1,1,2,1,1,1,1,159,726906.8466,9809311.789,-78.96036111,-1.72411111,NO,NO
2,BOLIVAR,760,CALUMA,6340,CALUMA / SAN ANTONIO/,2,PASAGUA,3623,ESCUELA JOSE H GONZALES,NO,VIA PASAGUA - CUMBILLI,32640026,1,1,2,1,1,1,1,143,704011,9825631,-79.16622962,-1.57675409,NO,SI
2,BOLIVAR,165,GUARANDA,3285,SALINAS,2,LA PALMA,2965,UNIDAD EDUCATIVA LA PALMA,NO,VIA A SALINAS,983136149,1,1,2,1,1,1,1,286,705245,9850398,-79.15532477,-1.3527878,NO,SI
2,BOLIVAR,165,GUARANDA,5035,ANGEL POLIVIO CHAVEZ,2,GUACHANA,2992,ESCUELA DE EDUCACIÓN BÁSICA PROCER NICASIO GONZALEZ,NO,VIA A ECHEANDIA,33013,1,1,2,1,1,1,1,173,700214.2,9831208.8,-79.20038871,-1.52634538,NO,SI
2,BOLIVAR,175,SAN MIGUEL,345,BILOVAN,2,LAS GUARDIAS,3001,UNIDAD EDUCATIVA CAMINO REAL,NO,VIA PRINCIPAL DE LAS GUARDIAS - BALZAPAMBA,32654020,1,1,2,1,1,1,1,306,706595,9797940,-79.14277163,-1.82712785,NO,NO
2,BOLIVAR,170,CHIMBO,3995,TELIMBELA,2,UNION DE TIANDIAGOTE,3625,ESCUELA AMERICA,NO,VIA TELIMBELA Y VIA BALZAPAMBA,32200058,1,1,2,1,1,1,1,56,700987,9809406,-79.19326953,-1.72349599,NO,SI
2,BOLIVAR,165,GUARANDA,6630,GUANUJO,1,GUANUJO,1620,UNIDAD EDUCATIVA ROCAFUERTE (EX TRINIDAD CAMACHO),NO,SIMON BOLIVAR Y SUCRE,32206189,4,4,8,15,18,15,18,2800,721430.2988,9826851.143,-79.00972616,-1.56557719,NO,NO
2,BOLIVAR,165,GUARANDA,6630,GUANUJO,1,GUANUJO,1642,UNIDAD EDUCATIVA VICENTE ROCAFUERTE,SI,MANUEL DE ECHEANDIA Y SUCRE,32206189,7,7,14,8,14,8,14,4900,721327.7052,9827234.566,-79.01065119,-1.56211125,NO,NO
2,BOLIVAR,165,GUARANDA,6630,GUANUJO,1,GUANUJO,1647,UNIDAD EDUCATIVA SAN PEDRO,SI,GARCIA MORENO Y PROGRESO,32206750,7,7,14,1,7,1,7,4900,721623.8766,9827624.707,-79.00799352,-1.55858116,NO,NO
2,BOLIVAR,165,GUARANDA,6630,GUANUJO,1,GUANUJO,5408,ESCUELA DE EDUCACION BASICA FABIAN AGUILAR IBARRA,NO,111 MANUEL PALIZ,2550080,3,3,6,19,21,19,21,2100,721890,9827265,-79.00559945,-1.56183125,NO,NO
2,BOLIVAR,165,GUARANDA,6630,GUANUJO,1,GUANUJO,6097,UNIVERSIDAD ESTATAL DE BOLIVAR,SI,AV. ERNESTO CHE GUEVARA Y GABRIEL SECAIRA,32206010,12,9,21,22,33,22,30,7070,721745,9826289,-79.00689388,-1.57065723,NO,NO
2,BOLIVAR,175,SAN MIGUEL,345,BILOVAN,1,BILOVAN,3180,ESCUELA MIXTA JOSEFINA BARBA,NO,AV. LOS HEROES Y ANTIGUA VIA FOLORES,32988730,3,3,6,1,3,1,3,1753,711051,9800104,-79.10274853,-1.80751836,NO,NO
2,BOLIVAR,165,GUARANDA,795,SAN LUIS DE PAMBIL,1,SAN LUIS DE PAMBIL,1646,UNIDAD EDUCATIVA DIEGO DE ALMAGRO,SI,ABEL TORRES OLEAS Y GABRIEL SILVA,32656038,7,7,14,1,7,1,7,4844,695834.2553,9863629.471,-79.23996047,-1.23319923,NO,NO
2,BOLIVAR,165,GUARANDA,1255,FACUNDO VELA,1,FACUNDO VELA,1615,UNIDAD EDUCATIVA DR. FACUNDO VELA,SI,MORAYMA OFIR CARBAJAL Y ANGEL POLIBIO CHAVEZ,32203112,3,3,6,1,3,1,3,2041,714976.9826,9866731.782,-79.068,-1.20502778,NO,SI
2,BOLIVAR,165,GUARANDA,1890,JULIO E MORENO,1,JULIO MORENO,3796,ESCUELA DE EDUCACION GENERAL BASICA CARLOS GUALBERTO GALARZA,NO,CALLE 23 DE ABRIL Y MIGUEL CALERO,0,3,3,6,1,3,1,3,1800,718855.6833,9823919.014,-79.03283333,-1.59211111,NO,NO
2,BOLIVAR,165,GUARANDA,1890,JULIO E MORENO,3,TABLAS CHICO - EL TOPE,8008,ESCUELA DE EDUCACIÓN BÁSICA LUZ DE AMÉRICA,NO,El Tope vía a Tablas Chico,99999999,1,1,2,1,1,1,1,123,705657,9826544,-79.15144683,-1.56848512,NO,SI
2,BOLIVAR,165,GUARANDA,1255,FACUNDO VELA,3,EL PORVENIR,3798,ESCUELA 20 DE AGOSTO,NO,RECINTO EL PORVENIR,33033984,1,1,2,1,1,1,1,69,707793.1001,9858477.129,-79.13248576,-1.27971523,NO,SI
2,BOLIVAR,165,GUARANDA,1890,JULIO E MORENO,2,RODEOPAMBA,2898,UNIDAD EDUCATIVA INTERCULTURAL BILINGÜE 7 DE MAYO,NO,COMUNIDAD RODEOPAMBA VIA A JULIO MORENO,3010310,1,1,2,1,1,1,1,175,717681,9826040,-79.04340571,-1.5729434,NO,SI
2,BOLIVAR,180,CHILLANES,5245,CHILLANES,6,ARRAYANPAMBA,3593,ESCUELA BELISARIO QUEVEDO,NO,VIA PUBLICA,981737972,1,1,2,1,1,1,1,17,708522,9784703,-79.12532647,-1.94680321,NO,SI
2,BOLIVAR,950,LAS NAVES,6470,LAS NAVES,2,JERUSALEN,2901,ESCUELA DE EDUCACION BASICA CORONEL MARIANO SALTOS ALBAN,NO,VIA LAS NAVES-SAN JACINTO,988058630,1,1,2,1,1,1,1,109,691858,9859115,-79.27565895,-1.27404779,NO,NO
2,BOLIVAR,175,SAN MIGUEL,3900,SAN VICENTE,2,SAN LUIS DE UNGUBI,8302,ESCUELA DE EDUCACION BASICA JUAN LEON MERA,NO,VIA MIRAFLORES,,1,1,2,1,1,1,1,202,722547,9805849,-78.99950206,-1.75546237,NO,NO
3,CAÑAR,240,CAÑAR,3305,SAN ANTONIO,4,MANTA REAL,4100,CASA COMUNAL,NO,MANTA REAL CENTRO,3018494,1,1,2,1,1,1,1,122,681641,9717588,-79.36624799,-2.55400871,NO,SI
3,CAÑAR,250,LA TRONCAL,2745,PANCHO NEGRO,2,LA PUNTILLA,4141,UNIDAD EDUCATIVA DR. TOMAS RENDON SOLANO,NO,VIA A NARANJAL,2128098,3,3,6,1,3,1,3,1891,679979,9728357,-79.38131227,-2.45663821,NO,NO
3,CAÑAR,235,AZOGUES,585,COJITAMBO,0,,1738,UNIDAD EDUCATIVA COJITAMBO,NO,COJITAMBO,3022642,2,1,3,4,5,4,4,947,735246.6955,9694955.888,-78.88394444,-2.75791667,NO,NO
3,CAÑAR,235,AZOGUES,585,COJITAMBO,0,,5962,UNIDAD EDUCATIVA DR. GABRIEL SANCHEZ LUNA,SI,KM 7 VIA A COJITAMBO,302233,3,3,6,1,3,1,3,2100,735142.4973,9695432.304,-78.88488889,-2.75361111,NO,NO
3,CAÑAR,235,AZOGUES,1445,GUAPAN,1,GUAPAN,1498,UNIDAD EDUCATIVA GUAPAN - EX COLEGIO EZEQUIEL CÁRDENAS,SI,GUAPÁN CALLE TRAJANO CARRASCO,7207005,6,4,10,1,6,1,4,3500,739249,9699767,-78.84803805,-2.71435605,NO,NO
3,CAÑAR,235,AZOGUES,1445,GUAPAN,1,GUAPAN,1522,UNIDAD EDUCATIVA GUAPÁN - EX ESCUELA MANUELA CAÑIZARES,NO,CALLE TRAJANO CARRASCO,2207200,3,3,6,7,9,5,7,2140,739307,9699714,-78.84751576,-2.71483427,NO,NO
3,CAÑAR,241,SUSCAL,6715,SUSCAL,2,SUSCALPAMBA,6863,ESCUELA DE EDUCACION BASICA 23 DE OCTUBRE,NO,VIA DURAN - TAMBO,0,1,1,2,1,1,1,1,254,714544,9728861,-79.07055851,-2.45166612,NO,NO
3,CAÑAR,240,CAÑAR,1900,JUNCAL,2,CHARCAY,4008,ESCUELA DE EDUCACIÓN BÁSICA 4 DE JUNIO,NO,PANAMERICANA ANTIGUA,0,1,1,2,1,1,1,1,219,724137,9725481,-78.98427564,-2.48209864,NO,NO
3,CAÑAR,235,AZOGUES,1825,JAVIER LOYOLA / CHUQUIPATA,1,JAVIER LOYOLA / CHUQUIPATA,1764,UNIDAD EDUCATIVA JAVIER LOYOLA - EX ESCUELA ARGENTINA,NO,AV DE LA INDEPENDENCIA,2214543,1,1,2,1,1,1,1,700,736945.2523,9690458.42,-78.86859998,-2.79854998,NO,NO
3,CAÑAR,235,AZOGUES,1825,JAVIER LOYOLA / CHUQUIPATA,1,JAVIER LOYOLA / CHUQUIPATA,5976,UNIVERSIDAD UNAE,SI,AV. INDEPENDENCIA,3701200,4,5,9,2,5,2,6,3150,736750.0312,9689760.766,-78.87034384,-2.80486053,NO,NO
3,CAÑAR,235,AZOGUES,1825,JAVIER LOYOLA / CHUQUIPATA,1,JAVIER LOYOLA / CHUQUIPATA,6422,UNIVERSIDAD UNAE MODULO 2,NO,AVENIDA INDEPENDENCIA,3701200,4,1,5,6,9,7,7,1464,736656,9689738,-78.87118892,-2.8050679,NO,NO
3,CAÑAR,235,AZOGUES,2220,LUIS CORDERO,0,,1710,UNIDAD EDUCATIVA LOS CAÑARIS,SI,MARCIAL GUILLEN,72219355,3,2,5,1,3,1,2,1750,741669.9259,9696220.205,-78.82621549,-2.7463819,NO,NO
3,CAÑAR,235,AZOGUES,2220,LUIS CORDERO,0,,6424,UNIDAD EDUCATIVA LOS CAÑARIS EX ESCUELA,NO,MARCIAL GUILLEN,2219355,2,2,4,4,5,3,4,1098,741669.9259,9696220.205,-78.82621549,-2.7463819,NO,NO
3,CAÑAR,235,AZOGUES,2885,PINDILIG,1,PINDILIG,1503,ESCUELA DE EDUCACION BASICA BELIZARIO QUEVEDO,NO,CORONEL ELIZALDE Y SIMON BOLIVAR,2248394,2,2,4,1,2,1,2,1305,757519.8171,9710073.571,-78.68395989,-2.62088285,NO,SI
3,CAÑAR,235,AZOGUES,3210,RIVERA,0,,3268,UNIDAD EDUCATIVA ELOY ALFARO,NO,VIA A COLEPATO,72437021,3,2,5,1,3,1,2,1547,760831,9714816,-78.65427618,-2.57795797,NO,SI
3,CAÑAR,235,AZOGUES,3575,SAN MIGUEL,0,,1717,UNIDAD EDUCATIVA PEDRO FERMIN CEVALLOS,SI,VIA GUARANGOS CHICO,73021482,2,1,3,4,5,4,4,576,739533.146,9690346.211,-78.84533019,-2.79952167,NO,NO
3,CAÑAR,235,AZOGUES,3575,SAN MIGUEL,0,,4124,UNIDAD EDUCATIVA LUIS MANUEL GONZALEZ RODAS,NO,VIA A CISNEROS,2138013,3,3,6,1,3,1,3,2100,738975,9690516,-78.8503513,-2.79799592,NO,NO
3,CAÑAR,235,AZOGUES,3945,TADAY,0,,3256,UNIDAD EDUCATIVA ANDRES GURITAVE,SI,VIA A MAZAR,2438042,2,2,4,1,2,1,2,1254,756259,9708114,-78.69526051,-2.63861792,NO,NO
3,CAÑAR,235,AZOGUES,5065,AZOGUES,1,AZOGUES,1784,CENTRO DE EDUCACION INICIAL MARIA MONTESORI,NO,SERRANO Y VIA ORIENTE,2240369,2,2,4,15,16,13,14,1400,739554.312,9697197.121,-78.84525183,-2.73758456,NO,NO
3,CAÑAR,235,AZOGUES,5065,AZOGUES,1,AZOGUES,1669,UNIDAD EDUCATIVA LUIS ROGERIO GONZALEZ,SI,LUIS CORDERO Y TENEMAZA Y GENERAL ENRIQUEZ,72240545,5,4,9,32,36,30,33,3150,739274.5071,9696735.776,-78.84775998,-2.74175998,NO,NO
3,CAÑAR,235,AZOGUES,5065,AZOGUES,1,AZOGUES,1704,UNIDAD EDUCATIVA LUIS CORDERO,SI,INGAPIRCA,2240067,5,5,10,1,5,1,5,3500,739303.7736,9697548.715,-78.84750998,-2.73440998,NO,NO
3,CAÑAR,235,AZOGUES,5065,AZOGUES,1,AZOGUES,1709,UNIDAD EDUCATIVA LA PROVIDENCIA,SI,SUCRE,2240086,4,4,8,17,20,15,18,2800,739543.2032,9697090.355,-78.84534998,-2.73854998,NO,NO
3,CAÑAR,235,AZOGUES,5065,AZOGUES,1,AZOGUES,1735,UNIDAD DE EDUCACION BASICA SAN FRANCISCO DE PELEUSI DE AZOGUES,SI,AURELIO JARAMILLO Y 24 DE MAYO,2240176,4,4,8,37,40,34,37,2800,739305.2308,9696502.43,-78.84747999,-2.74386908,NO,NO
3,CAÑAR,235,AZOGUES,5065,AZOGUES,1,AZOGUES,1705,UNIDAD EDUCATIVA JUAN BAUSTISTA VAZQUEZ,SI,AZUAY Y VIA ORIENTE,2240091,6,4,10,9,14,9,12,3500,739573.7494,9697376.783,-78.84507998,-2.73595998,NO,NO
3,CAÑAR,235,AZOGUES,5065,AZOGUES,1,AZOGUES,3842,UNIDAD EDUCATIVA LA SALLE,NO,LUIS CORDERO Y SOLANO,2240281,4,4,8,25,28,23,26,2800,739160.247,9697008.46,-78.84879165,-2.73929658,NO,NO
3,CAÑAR,235,AZOGUES,5065,AZOGUES,1,AZOGUES,3956,ESCUELA BASICA MANUEL MUÑOZ CORDERO,NO,AV. JUAN BAUTISTA CORDERO Y VIA ORIENTE,2240033,3,3,6,6,8,6,8,2100,739499,9697485,-78.84575377,-2.73498284,NO,NO
3,CAÑAR,235,AZOGUES,5065,AZOGUES,1,AZOGUES,4125,UNIDAD EDUCATIVA EMILIO ABAD,NO,LUIS CORDERO Y 10 DE AGOSTO,2240122,3,3,6,29,31,27,29,2100,739228,9696885,-78.84818052,-2.74041164,NO,NO
3,CAÑAR,235,AZOGUES,5065,AZOGUES,1,AZOGUES,5859,UNIDAD EDUCATIVA 16 DE ABRIL,NO,4 DE NOVIEMBRE Y 3 DE NOVIEMBRE,2240288,4,4,8,21,24,19,22,2800,739634.175,9697037.171,-78.84453124,-2.73902932,NO,NO
3,CAÑAR,235,AZOGUES,5065,AZOGUES,1,AZOGUES,5861,UNIDAD EDUCATIVA UNE,NO,AV. ANDRES F CORDOVA Y AV. 16 DE ABRIL,2243170,4,1,5,43,46,40,40,1617,738972.4823,9696260.72,-78.85046769,-2.74605972,NO,NO
3,CAÑAR,235,AZOGUES,5065,AZOGUES,1,AZOGUES,5852,CENTRO DE EDUCACIÓN INICIAL ALONSO TORRES,NO,EMILIO ABAD Y SAMUEL ABAD,2241485,2,2,4,41,42,38,39,1400,739422.0625,9696434.206,-78.8464285,-2.74448397,NO,NO
3,CAÑAR,235,AZOGUES,5950,SAN FRANCISCO,0,,4129,UNIDAD EDUCATIVA PARTICULAR SAN DIEGO DE ALCALÁ,NO,4 DE NOVIEMBRE Y AVENIDA DE LA VIRGEN,2240019,2,1,3,1,2,1,1,814,739757,9696834,-78.84342369,-2.74086412,NO,NO
3,CAÑAR,235,AZOGUES,6790,BORRERO,0,,1716,UNIDAD EDUCATIVA SANTA MARIANITA EX LEONIDAS GARCÌA,SI,ELOY ALFARO Y BATALLA DE PICHINCHA,3022369,4,3,7,3,6,3,5,2021,739672.3884,9693674.11,-78.84413298,-2.76943298,NO,NO
3,CAÑAR,235,AZOGUES,6790,BORRERO,0,,5961,UNIDAD EDUCATIVA SANTA MARIANITA,NO,AV. PANAMERICANA SUR,3022369,2,2,4,1,2,1,2,1400,739403.7708,9694254.008,-78.84655753,-2.76419473,NO,NO
3,CAÑAR,235,AZOGUES,6845,AURELIO BAYAS MARTINEZ,0,,1667,UNIDAD EDUCATIVA QUITO No.9,NO,MANUEL AGUSTIN AGUIRRE,2241939,3,2,5,1,3,1,2,1750,741034.4363,9697876.45,-78.8319558,-2.73141891,NO,NO
3,CAÑAR,235,AZOGUES,6845,AURELIO BAYAS MARTINEZ,0,,4130,UNIDAD EDUCATIVA CARLOS LENIN AVILA,SI,MANUEL AGUSTIN AGUIRRE Y GENERAL VEINTIMILLA,2247192,3,3,6,4,6,3,5,1579,740915.3462,9697775.932,-78.83302484,-2.73232959,NO,NO
3,CAÑAR,240,CAÑAR,935,CHONTAMARCA,1,CHONTAMARCA,1364,UNIDAD EDUCATIVA CHONTAMARCA - EX ESCUELA AZOGUES 111,SI,CENTRO DE CHONTAMARCA,73075877,3,3,6,1,3,1,3,2100,711802.1059,9729995.378,-79.09522222,-2.44144444,NO,NO
3,CAÑAR,240,CAÑAR,935,CHONTAMARCA,1,CHONTAMARCA,6446,UNIDAD EDUCATIVA CHONTAMARCA,NO,CENTRO DE CHONTAMARCA,3075877,1,1,2,4,4,4,4,335,711771.7708,9729954.529,-79.09549441,-2.4418142,NO,NO
3,CAÑAR,240,CAÑAR,950,CHOROCOPTE,0,,1105,ESCUELA DE EDUCACIÓN BÁSICA REMIGIO CRESPO TORAL,NO,CALLE 6 DE NOVIEMBRE Y CALLE DOLORES GUAMAN,0,3,3,6,1,3,1,3,1812,728233.6771,9714412.783,-78.94729133,-2.58211265,NO,NO
3,CAÑAR,240,CAÑAR,1335,GRAL.MORALES / SOCARTE,0,,3980,UNIDAD EDUCATIVA SHUNGUMARCA EX ESCUELA JOSE MEJIA LEQUERICA,NO,SOCARTE CENTRO,33012801,2,1,3,1,2,1,1,1050,719751.7618,9733658.224,-79.02380556,-2.40822222,NO,NO
3,CAÑAR,240,CAÑAR,1335,GRAL.MORALES / SOCARTE,0,,4133,UNIDAD EDUCATIVA SHUNGOMARCA - EX COLEGIO SHUNGOMARCA,NO,SOCARTE CENTRO,73012801,1,2,3,3,3,2,3,873,719877,9733645,-79.02267959,-2.40834015,NO,NO
3,CAÑAR,240,CAÑAR,1895,DUCUR,3,CHIL CHIL,4595,ESCUELA DE EDUCACIÓN BÁSICA RAFAEL AGUILAR,NO,CHIL CHIL,2236162,1,1,2,1,1,1,1,101,709461.8051,9729098.577,-79.11625,-2.44958333,NO,NO
3,CAÑAR,235,AZOGUES,5065,AZOGUES,2,LA PLAYA,1737,UNIDAD EDUCATIVA PARTICULAR UNIVERSITARIA DE AZOGUES,NO,16 DE ABRIL Y CHE GUEVARA,2246543,1,1,2,1,1,1,1,491,739272.0231,9695295.575,-78.84775898,-2.75478041,NO,NO
3,CAÑAR,235,AZOGUES,5065,AZOGUES,3,FERROVIARIA,5315,UNIDAD EDUCATIVA ROBERTO RODAS,NO,MIGUEL VINTIMILLA,2241241,1,1,2,1,1,1,1,182,738939.889,9697511.961,-78.85078091,-2.73474815,NO,NO
3,CAÑAR,235,AZOGUES,5065,AZOGUES,4,CIUDADELA DEL CHOFER,5329,COLISEO TIPO MIL,NO,GABRIEL GARCIA MORENO,72176005,1,1,2,1,1,1,1,347,739604,9695346,-78.84477511,-2.75431911,NO,NO
3,CAÑAR,235,AZOGUES,5065,AZOGUES,5,UCHUPUCUN,5185,ASOCIACIÓN DE NO VIDENTES DE LA ZONA SUR DEL CAÑAR,NO,CALLE ALFONSO VINTIMILLA,72240521,1,1,2,1,1,1,1,369,739993.6224,9698175.143,-78.84131801,-2.72873546,NO,NO
3,CAÑAR,765,EL TAMBO,6345,EL TAMBO,3,PILCOPATA,5301,UNIDAD EDUCATIVA BELIZARIO ANDRADE,NO,PILCOPATA,72240545,1,1,2,1,1,1,1,181,729123,9723589,-78.9394279,-2.49913521,NO,NO
3,CAÑAR,235,AZOGUES,1445,GUAPAN,3,AGUILAN,5319,ESCUELA AMBATO COMUNIDAD DE AGUILAN,NO,AGUILAN,72231165,1,1,2,1,1,1,1,113,736560.7257,9701040.133,-78.87222696,-2.70288888,NO,NO
3,CAÑAR,905,DELEG,6425,DELEG,3,HORNAPALA,5332,UNIDAD EDUCATIVA ALEJANDRO HUMBOLDT,NO,VIA DELEG,72302386,1,1,2,1,1,1,1,130,728922.7235,9692106.115,-78.94075929,-2.78378238,NO,NO
3,CAÑAR,250,LA TRONCAL,5610,LA TRONCAL,4,ROBERTO ISAIAS,5346,UNIDAD EDUCATIVA DEL MILENIO NELA MARTINEZ ESPINOZA,NO,16 ESTE Y 2 SUR,72423247,1,1,2,1,1,1,1,335,685400.0296,9730468.84,-79.33259412,-2.43747995,NO,NO
3,CAÑAR,250,LA TRONCAL,5610,LA TRONCAL,5,JAIME ROLDOS,5358,COLISEO CIUDAD DE LA TRONCAL,NO,CIUDADELA JAIME ROLDOS Y ANGEL MARIA IGLESIAS,73018605,1,1,2,1,1,1,1,379,686021.6765,9730745.257,-79.32700799,-2.43497327,NO,NO
3,CAÑAR,905,DELEG,6425,DELEG,2,BAYANDEL,4145,UNIDAD EDUCATIVA DOLORES VEINTIMILLA DE GALINDO,NO,BAYANDEL,72211078,1,1,2,1,1,1,1,166,728658,9695575,-78.94319364,-2.75242355,NO,NO
3,CAÑAR,765,EL TAMBO,6345,EL TAMBO,2,MARIA AUXILIADORA,4138,UNIDAD EDUCATIVA ALFONSO MARIA ARCE,NO,CHUICHUN,3017236,1,1,2,1,1,1,1,225,727606.61,9724281.114,-78.95306906,-2.49289902,NO,NO
3,CAÑAR,240,CAÑAR,3305,SAN ANTONIO,2,ZHUCAY,3976,UNIDAD EDUCATIVA FROILÁN SEGUNDO MENDEZ,NO,AV. GUILLERMO FERREIRA Y HONORIO BRAVO,3018854,1,1,2,1,1,1,1,583,685837,9721660,-79.32856543,-2.51713576,NO,NO
3,CAÑAR,250,LA TRONCAL,5610,LA TRONCAL,2,VOLUNTAD DE DIOS,3974,UNIDAD EDUCATIVA MIGUEL ANDRADE VICUÑA,NO,VIA DURÁN - TAMBO Y 6 DE FEBRERO,72192085,2,2,4,1,2,1,2,1139,687025,9728914,-79.31796656,-2.45152245,NO,NO
3,CAÑAR,250,LA TRONCAL,5610,LA TRONCAL,3,COCHANCAY,3977,UNIDAD EDUCATIVA VIRGILIO URGILES MIRANDA,NO,VIA DURÁN - TAMBO,2410287,3,2,5,1,3,1,2,1602,688555.128,9727090.507,-79.30418836,-2.46799513,NO,NO
3,CAÑAR,240,CAÑAR,5160,CAÑAR,3,NAR,5244,ESCUELA DE EDUCACIÓN BÁSICA ISABEL DE SANTIAGO,NO,ENTRADA A NAR CENTRO,72236037,1,1,2,1,1,1,1,97,729777,9719329,-78.93348813,-2.5376415,NO,NO
3,CAÑAR,250,LA TRONCAL,5610,LA TRONCAL,6,JULIO MARIA MATOVELLE,5350,UNIDAD EDUCATIVA PARTICULAR JULIO MARIA MATOVELLE,NO,16 OESTE Y 3 NORTE,72420744,1,1,2,1,1,1,1,495,683655.8581,9733023.398,-79.34830406,-2.41439758,NO,NO
3,CAÑAR,240,CAÑAR,5160,CAÑAR,2,QUILLOAC,4958,UNIDAD EDUCATIVA QUILLOAC,NO,SECTOR QUILLOAC VIA A JIRINCAY,72235198,1,1,2,1,1,1,1,112,727976,9717193,-78.94964797,-2.55697963,NO,NO
3,CAÑAR,235,AZOGUES,1445,GUAPAN,2,ZHINDILIG,4106,UNIDAD EDUCATIVA REPÚBLICA DEL ECUADOR,NO,ZHINDILIG,2207392,1,1,2,1,1,1,1,405,737730,9700833,-78.86171142,-2.70474295,NO,NO
3,CAÑAR,240,CAÑAR,1410,GUALLETURO,2,PURUBIN,4104,ANGEL MARÍA IGLESIAS,NO,PURUBIN,0,1,1,2,1,1,1,1,79,712434,9716713,-79.08936774,-2.56153663,NO,SI
3,CAÑAR,240,CAÑAR,1895,DUCUR,2,JAVIN,4101,UNIDAD EDUCATIVA MANUEL AGUSTIN AGUIRRE,NO,VIA DURÁN TAMBO Y VIRGEN DE LA NUBE,3075398,1,1,2,1,1,1,1,350,702160.1868,9726503.697,-79.18186111,-2.47313889,NO,NO
3,CAÑAR,240,CAÑAR,1725,INGAPIRCA,2,SISID,4135,UNIDAD EDUCATIVA COMUNITARIA INTERCULTURAL BILINGUE SISID,NO,VIA TAMBO INGAPIRCA,2217049,1,1,2,1,1,1,1,362,734589,9719307,-78.89023035,-2.53777017,NO,NO
3,CAÑAR,250,LA TRONCAL,2365,MANUEL J. CALLE,2,SAN ISIDRO,4142,UNIDAD EDUCATIVA ROBERTO CASTILLO,NO,VIA A GUIGRA,0,1,1,2,1,1,1,1,271,678118.4599,9739433.4,-79.39815805,-2.35648803,NO,NO
3,CAÑAR,240,CAÑAR,3305,SAN ANTONIO,3,CARGUA,4102,ESCUELA DE EDUCACIÓN GENERAL BÁSICA JULIO ANDRADE TERÁN,NO,VIA A CARGUA,0,1,1,2,1,1,1,1,121,697385,9714852,-79.22464989,-2.5785609,NO,SI
3,CAÑAR,235,AZOGUES,2885,PINDILIG,2,SHAL,3160,UNIDAD EDUCATIVA 2 DE AGOSTO,NO,SHAL,73056388,1,1,2,1,1,1,1,156,762901,9710614,-78.63560007,-2.61590681,NO,SI
3,CAÑAR,240,CAÑAR,935,CHONTAMARCA,2,CIMIENTOS,4132,ESCUEA DE EDUCACION BASICA LA CONDAMINE,NO,VIA A SAN CARLOS,0,1,1,2,1,1,1,1,91,708568,9736086,-79.12437213,-2.38641249,NO,SI
3,CAÑAR,240,CAÑAR,1410,GUALLETURO,1,GUALLETURO,1093,UNIDAD EDUCATIVA SAN FRANCISCO DE GUALLETURO - EX COLEGIO DAVID MOGROVEJO,SI,CALLE JOSE PERALTA Y ZUNDIL,73055848,3,3,6,1,3,1,3,2048,707492.9588,9720560.824,-79.13384148,-2.52680927,NO,NO
3,CAÑAR,235,AZOGUES,1825,JAVIER LOYOLA / CHUQUIPATA,2,AYANCAY,4123,UNIDAD EDUCATIVA FRAY ENRIQUE VACAS GALINDO,NO,VIA SOLANO (AYANCAY),0,1,1,2,1,1,1,1,208,732602,9688684,-78.90762273,-2.81466324,NO,NO
3,CAÑAR,245,BIBLIAN,4100,TURUPAMBA,0,,3251,EUGENIO ESPEJO,NO,CALLE SUCRE Y CALLE CUENCA,2126014,1,1,2,1,1,1,1,630,731887,9698371,-78.91420501,-2.72709401,NO,NO
3,CAÑAR,245,BIBLIAN,5115,BIBLIAN,0,,695,ESCUELA DE EDUCACIÓN BÁSICA HÉROES DE VERDELOMA,SI,PRIMERO DE AGOSTO,2230170,4,3,7,8,11,6,8,2450,734595.0274,9699789.146,-78.88987998,-2.71422998,NO,NO
3,CAÑAR,245,BIBLIAN,5115,BIBLIAN,0,,585,UNIDAD EDUCATIVA CORAZON DE MARIA,SI,AV. NICOLAS MUÑOZ Y CALLE BENJAMIN OCHOA,2230135,2,2,4,4,5,2,3,1400,734486.3629,9699982.9,-78.89085998,-2.71247998,NO,NO
3,CAÑAR,245,BIBLIAN,5115,BIBLIAN,0,,597,UNIDAD EDUCATIVA JOSE BENIGNO IGLESIAS,SI,AV. JOSE BENIGNO IGLESIAS Y CALLE SIMON BOLIVAR,72231512,4,3,7,12,15,9,11,2450,733998.3921,9700164.04,-78.89524998,-2.71084997,NO,NO
3,CAÑAR,245,BIBLIAN,5115,BIBLIAN,0,,1749,UNIDAD EDUCATIVA DR CAMILO GALLEGOS DOMINGUEZ,NO,SN Y SIMON BOLIVAR,2230245,3,3,6,17,19,13,15,1958,734649.371,9699062.356,-78.88937998,-2.72079998,NO,NO
3,CAÑAR,245,BIBLIAN,5115,BIBLIAN,0,,4143,C.E.I. TOMAS SACOTO,NO,3 DE NOVIEMBRE Y 1 DE AGOSTO,72230600,2,2,4,6,7,4,5,1400,734546,9699844,-78.89032163,-2.71373482,NO,NO
3,CAÑAR,245,BIBLIAN,5115,BIBLIAN,0,,4144,ESCUELA DE EDUCACION BASICA DANIEL MUÑOZ SERRANO,NO,AV HEROES DE VERDELOMA Y NICOLAS MUÑOZ DAVILA,72230160,3,1,4,1,3,1,1,1400,734463,9700004,-78.89107036,-2.71228958,NO,NO
3,CAÑAR,245,BIBLIAN,5115,BIBLIAN,0,,5376,COMPLEJO DEPORTIVO,NO,CALLE SIMON BOLIVAR,72230812,1,1,2,16,16,12,12,700,734747.5499,9698870.623,-78.88849427,-2.72253187,NO,NO
3,CAÑAR,250,LA TRONCAL,2365,MANUEL J. CALLE,1,MANUEL J. CALLE,1698,UNIDAD EDUCATIVA MANUEL J CALLE - EX ESCUELA JUAN MONTALVO,SI,SIMON BOLIVAR Y BARRIO LINDO,2415021,2,2,4,1,2,1,2,1400,678086.6543,9739516.916,-79.39844487,-2.35573307,NO,NO
3,CAÑAR,250,LA TRONCAL,2365,MANUEL J. CALLE,1,MANUEL J. CALLE,6466,UNIDAD EDUCATIVA MANUEL J CALLE - EX COLEGIO,NO,MANUEL J CALLE,2415021,3,3,6,3,5,3,5,1802,678097.6353,9739190.741,-79.39834277,-2.35868276,NO,NO
3,CAÑAR,250,LA TRONCAL,2745,PANCHO NEGRO,1,PANCHO NEGRO,5326,UNIDAD EDUCATIVA DEL MILENIO GENERAL ELOY ALFARO DELGADO,SI,VIA PUERTO INCA - LA TRONCAL,73073406,4,4,8,1,4,1,4,2692,667883.1343,9723013.758,-79.49001844,-2.50509045,NO,NO
3,CAÑAR,250,LA TRONCAL,5610,LA TRONCAL,1,LA TRONCAL,1681,UNIDAD EDUCATIVA 31 DE OCTUBRE - EX ESCUELA LUZ DE AMÉRICA,NO,AV 25 DE AGOSTO Y CALLE BIBLIAN,72424676,4,4,8,23,26,23,26,2800,683858.1073,9732505.381,-79.34647998,-2.41907998,NO,NO
3,CAÑAR,250,LA TRONCAL,5610,LA TRONCAL,1,LA TRONCAL,1692,UNIDAD EDUCATIVA SAN GABRIEL,NO,SAN GABRIEL ENTRE 3 SUR Y 4 SUR,72420117,3,5,8,37,39,36,40,2800,683795.8284,9731598.714,-79.34702998,-2.42727997,NO,NO
3,CAÑAR,250,LA TRONCAL,5610,LA TRONCAL,1,LA TRONCAL,1694,INSTITUTO TECONOLOGICO SUPERIOR DR. ENRIQUE NOBOA ARIZAGA,SI,4 DE NOVIEMBRE Y LOJA,72420114,5,5,10,1,5,1,5,3500,685094.4346,9732116.843,-79.33535998,-2.42257998,NO,NO
3,CAÑAR,250,LA TRONCAL,5610,LA TRONCAL,1,LA TRONCAL,1670,UNIDAD EDUCATIVA 31 DE OCTUBRE,SI,CALLE JOSE PERALTA Y CALLE ZHINDON,2420248,5,4,9,27,31,27,30,3150,684058.1103,9732342.587,-79.34467998,-2.42054998,NO,NO
3,CAÑAR,250,LA TRONCAL,5610,LA TRONCAL,1,LA TRONCAL,1703,UNIDAD EDUCATIVA DOLORES VEINTIMILLA DE GALINDO,SI,4 DE NOVIEMBRE Y BOLIVAR,72420214,5,5,10,6,10,6,10,3500,685259.253,9732285.826,-79.33387998,-2.42104997,NO,NO
3,CAÑAR,250,LA TRONCAL,5610,LA TRONCAL,1,LA TRONCAL,1714,UNIDAD EDUCATIVA MIGUEL DE CERVANTES,SI,ALFONSO ANDRADE Y MANUEL J CALLE,72420973,5,5,10,18,22,18,22,3500,684650.6651,9732126.234,-79.33934998,-2.42249998,NO,NO
3,CAÑAR,250,LA TRONCAL,5610,LA TRONCAL,1,LA TRONCAL,1702,UNIDAD EDUCATIVA PRESIDENTE VELASCO IBARRA,SI,VELASCO IBARRA Y 24 DE MAYO,2420204,5,5,10,32,36,31,35,3500,684309.7135,9731629.047,-79.34240998,-2.42699997,NO,NO
3,CAÑAR,250,LA TRONCAL,5610,LA TRONCAL,1,LA TRONCAL,6050,UNIDAD EDUCATIVA BENJAMIN SARMIENTO,NO,VELASCO IBARRA Y ESMERALDAS,2420749,2,2,4,40,41,41,42,1400,684662.4584,9731251.646,-79.3392343,-2.43040903,NO,NO
3,CAÑAR,250,LA TRONCAL,5610,LA TRONCAL,1,LA TRONCAL,5977,UNIVERSIDAD CATOLICA SEDE SAN PABLO DE LA TRONCAL,SI,KM 72 VIA DURAN TAMBO,2424110,6,2,8,42,47,43,44,2268,685330.4833,9730673.113,-79.33322168,-2.43563343,NO,NO
3,CAÑAR,250,LA TRONCAL,5610,LA TRONCAL,1,LA TRONCAL,6053,UNIDAD EDUCATIVA 5 DE FEBRERO,NO,AZUAY,2420212,3,3,6,11,13,11,13,2100,685069.5052,9732237.362,-79.33558545,-2.42149036,NO,NO
3,CAÑAR,250,LA TRONCAL,5610,LA TRONCAL,1,LA TRONCAL,6076,UNIDAD EDUCATIVA JAIME ROLDOS,NO,18 DE OCTUBRE,2421647,4,4,8,14,17,14,17,2800,685181.5932,9731755.217,-79.33457235,-2.4258493,NO,NO
3,CAÑAR,765,EL TAMBO,6345,EL TAMBO,1,EL TAMBO,1061,UNIDAD EDUCATIVA EL TAMBO,SI,VIA AL ROSARIO (PANAMERICANA SUR),72238106,5,5,10,1,5,1,5,3500,730144.296,9722129.952,-78.93022637,-2.51231223,NO,NO
3,CAÑAR,765,EL TAMBO,6345,EL TAMBO,1,EL TAMBO,1069,UNIDAD EDUCATIVA MARIANA DE JESUS,SI,PARQUE CENTRAL,2238107,4,2,6,9,12,9,10,1903,730372.584,9722285.121,-78.92817641,-2.51090605,NO,NO
3,CAÑAR,765,EL TAMBO,6345,EL TAMBO,1,EL TAMBO,6096,UNIDAD EDUCATIVA ALFONSO MARIA ORTIZ,NO,RAMON BORRERO,2238108,3,3,6,6,8,6,8,2100,730527.2495,9722286.151,-78.92678607,-2.51089452,NO,NO
3,CAÑAR,905,DELEG,3875,SOLANO,0,,3747,UNIDAD EDUCATIVA SAN SEBASTIAN - EX COLEGIO SOLANO,NO,SALVADOR MACIAS Y 11 DE AGOSTO,72137081,2,2,4,1,2,1,2,1201,729749.5128,9689106.549,-78.93327778,-2.81088889,NO,NO
3,CAÑAR,905,DELEG,6425,DELEG,1,DELEG,1507,UNIDAD EDUCATIVA VICENTE ANDA AGUIRRE,SI,HUMBERTO ZAMORA Y JUAN BAUTISTA FLORES,2210103,3,2,5,5,7,5,6,1303,731188.2371,9693420.828,-78.92040998,-2.77185998,NO,NO
3,CAÑAR,905,DELEG,6425,DELEG,1,DELEG,4006,UNIDAD EDUCATIVA AMALIA URIGUEN,NO,JULIO MARÍA MATOVELLE Y SAN BARTOLOMÉ,7210216,2,2,4,3,4,3,4,1400,731356,9693170,-78.91889762,-2.77412507,NO,NO
3,CAÑAR,905,DELEG,6425,DELEG,1,DELEG,4146,UNIDAD EDUCATIVA OCTAVIO CORDERO PALACIOS,NO,JULIO MARIA MATOVELLE Y LEOPOLDO CORDERO,2210444,2,2,4,1,2,1,2,1400,731457,9693532,-78.91799523,-2.77085059,NO,NO
3,CAÑAR,240,CAÑAR,1605,HONORATO VASQUEZ,0,,1469,SAN RAFAEL HONORATO VASQUEZ - EX COLEGIO NACIONAL HONORATO VASQUEZ,NO,CALLE 14 DE SEPTIEMBRE Y LUIS MARIA PADILLA,2218115,4,3,7,1,4,1,3,2450,731170.2967,9717055.098,-78.92092998,-2.55817998,NO,NO
3,CAÑAR,240,CAÑAR,1605,HONORATO VASQUEZ,0,,1459,UNIDAD EDUCATIVA SAN RAFAEL HONORATO VASQUEZ - EX ESCUELA ISIDRO AYORA,SI,CALLE ESTEBAN VALDEZ Y CALLE 14 DE SEPTIEMBRE,2218122,3,2,5,5,7,4,5,1326,731008,9717257,-78.92239192,-2.55635693,NO,NO
3,CAÑAR,240,CAÑAR,1725,INGAPIRCA,1,INGAPIRCA,1159,UNIDAD EDUCATIVA INGAPIRCA,NO,CALLE TALCASHAPAC VIA A SAN PEDRO,2217117,4,3,7,6,9,5,7,2172,736048.0058,9718300.307,-78.87709998,-2.54684998,NO,NO
3,CAÑAR,240,CAÑAR,1725,INGAPIRCA,1,INGAPIRCA,1164,ESCUELA DE EDUCACION BASICA HUAYNA CAPAC,SI,CALLE RIGOBERTO CORDERO,72240545,5,4,9,1,5,1,4,3150,736128.3317,9718440.648,-78.87637998,-2.54557998,NO,NO
3,CAÑAR,240,CAÑAR,1775,VENTURA,0,,4122,UNIDAD EDUCATIVA 25 DE ENERO,NO,LUZ Y PROGRESO,0,2,1,3,1,2,1,1,816,708691.3146,9751270.208,-79.12344444,-2.24911111,NO,NO
3,CAÑAR,240,CAÑAR,1895,DUCUR,1,DUCUR,4121,U.E SEVERO ESPINOZA - EX AMBROSIO ANDRADE PALACIOS,SI,VIA A GUALLETURO,2129006,3,3,6,1,3,1,3,1891,709319.2499,9727808.575,-79.11751524,-2.46124964,NO,NO
3,CAÑAR,240,CAÑAR,1900,JUNCAL,1,JUNCAL,4005,ESCUELA DE EDUCACION BASICA FEDERICO PROAÑO,NO,JUNCAL CENTRO,0,2,2,4,1,2,1,2,1048,725478,9724993,-78.972214,-2.48649232,NO,NO
3,CAÑAR,240,CAÑAR,3305,SAN ANTONIO,1,SAN ANTONIO,4105,UNIDAD EDUCATIVA DR JAIME CHAVEZ RAMIREZ,NO,VIA A CHAUPIYUNGA,0,1,1,2,1,1,1,1,576,701413,9721722,-79.18851953,-2.51638705,NO,NO
3,CAÑAR,240,CAÑAR,4345,ZHUD,0,,1323,UNIDAD EDUCATIVA VICTOR HUGO ABAD MUÑOZ,SI,PANAMERICANA NORTE - CALLE SIN NOMBRE,73017172,2,2,4,1,2,1,2,1342,721964.9539,9727842.375,-79.00383333,-2.46077778,NO,NO
3,CAÑAR,240,CAÑAR,5160,CAÑAR,1,CAÑAR,1414,ESCUELA DE EDUCACIÓN BÁSICA CARLOS CUEVA TAMARIZ,SI,AV. SAN ANTONIO,72235170,2,2,4,1,2,1,2,1400,729305.2915,9716518.003,-78.93768813,-2.56306319,NO,NO
3,CAÑAR,240,CAÑAR,5160,CAÑAR,1,CAÑAR,1471,UNIDAD EDUCATIVA LUIS ROBERTO CHACON,NO,AV. 24 DE MAYO Y CALLE 3 DE NOVIEMBRE,2235269,4,3,7,3,6,3,5,2450,729581.663,9716795.474,-78.93520762,-2.56055048,NO,NO
3,CAÑAR,240,CAÑAR,5160,CAÑAR,1,CAÑAR,1216,UNIDAD EDUCATIVA ANDRES F CORDOVA,SI,CALLE TARQUI Y CALLE COLON,2235070,2,2,4,28,29,24,25,1125,729243.412,9716676.42,-78.9382467,-2.5616318,NO,NO
3,CAÑAR,240,CAÑAR,5160,CAÑAR,1,CAÑAR,1652,UNIDAD EDUCATIVA CALASANZ,NO,AV. PASEO DE LOS CAÑARIS,72235089,4,4,8,16,19,13,16,2800,728805.2978,9717477.995,-78.94219683,-2.55439092,NO,NO
3,CAÑAR,240,CAÑAR,5160,CAÑAR,1,CAÑAR,1656,UNIDAD EDUCATIVA EZEQUIEL CARDENAS ESPINOZA,NO,CALLE 3 DE NOVIEMBRE Y PANAMERICANA,72235264,4,3,7,24,27,21,23,2450,728859.2956,9716643.002,-78.94169936,-2.56193952,NO,NO
3,CAÑAR,240,CAÑAR,5160,CAÑAR,1,CAÑAR,1502,UNIDAD EDUCATIVA JOSE PERALTA,SI,3 DE NOVIEMBRE Y 24 DE MAYO,2235043,5,4,9,7,11,6,9,3150,729499.5698,9716832.393,-78.93594615,-2.56021789,NO,NO
3,CAÑAR,240,CAÑAR,5160,CAÑAR,1,CAÑAR,1394,UNIDAD EDUCATIVA SIMON BOLIVAR,NO,AVENIDA 24 DE MAYO Y CALLE ESPAÑA,2235823,4,3,7,12,15,10,12,2450,729273.2941,9717651.993,-78.93799216,-2.55281098,NO,NO
3,CAÑAR,240,CAÑAR,5160,CAÑAR,1,CAÑAR,6130,UNIVERSIDAD CATOLICA SEDE CAÑAR,SI,ANTONIO AVILA CLAVIJO,2235268,4,4,8,20,23,17,20,2800,729011.8843,9717711.502,-78.94034303,-2.55227674,NO,NO
3,CAÑAR,241,SUSCAL,6715,SUSCAL,1,SUSCAL,1707,UNIDAD EDUCATIVA AMBROSIO ANDRADE PALACIOS,SI,DIEGO DELGADO JARA Y ELOY ALFARO,2234005,4,4,8,4,7,3,6,2753,717108.5062,9730313.486,-79.04752328,-2.43849933,NO,NO
3,CAÑAR,241,SUSCAL,6715,SUSCAL,1,SUSCAL,1708,UNIDAD EDUCATIVA LUIS NAPOLEÓN DILLON,NO,DARIO MACHUCA Y GUAIRA PALTE,2234006,3,2,5,1,3,1,2,1750,716395.767,9730272.42,-79.05392998,-2.43887998,NO,NO
3,CAÑAR,245,BIBLIAN,1085,JERUSALEN,0,,3255,UNIDAD EDUCATIVA ESPAÑA,NO,JERUSALEN CENTRO,2177594,1,1,2,1,1,1,1,658,729972,9701954,-78.93147765,-2.69472936,NO,NO
3,CAÑAR,245,BIBLIAN,2545,NAZON,0,,509,UNIDAD EDUCATIVA NELSON IZQUIERDO NAULA,NO,CALLE ALBERTO MONTERO Y 23 DE ABRIL,72177123,3,2,5,1,3,1,2,1750,732383.0545,9701005.905,-78.90978601,-2.70326392,NO,NO
3,CAÑAR,245,BIBLIAN,2545,NAZON,0,,3254,ESCUELA DE EDUCACION BASICA COLOMBIA,SI,CALLE 23 DE ABRIL Y VIA A PLAYA DE FÁTIMA,2177077,2,2,4,4,5,3,4,975,732016.5999,9701177.058,-78.91308333,-2.70172222,NO,NO
3,CAÑAR,245,BIBLIAN,3410,SAN FCO. DE SAGEO,0,,3252,UNIDAD EDUCATIVA JUAN BENIGNO VELA,NO,PANAMERICANA NORTE,2245086,2,2,4,1,2,1,2,1023,736662,9698937,-78.8712832,-2.72190133,NO,NO
3,CAÑAR,240,CAÑAR,1410,GUALLETURO,3,GER,4120,CECIB DE EDUCACION BASICA GER,NO,GER,3055826,1,1,2,1,1,1,1,117,717024,9722519,-79.04817989,-2.50897709,NO,SI
3,CAÑAR,240,CAÑAR,1410,GUALLETURO,4,SHUYA,4103,ESCUELA DE EDUCAICON BASICA URUGUAY,NO,FRENTE AL SALÓN DE USO MÚLTIPLE,0,1,1,2,1,1,1,1,163,718286,9719618,-79.03679513,-2.53519026,NO,SI
4,CARCHI,5,TULCAN,5415,GONZALEZ SUAREZ,3,EL BOSQUE,2778,UNIDAD EDUCATIVA BOLIVAR,SI,SUCRE Y ARGENTINA ESQUINA,62980327,8,6,14,1,8,1,6,4626,866833.1541,10091001.98,-77.70485555,0.8219527,NO,NO
4,CARCHI,5,TULCAN,6165,TULCAN,3,LAS GRADAS,2794,"UNIDAD EDUCATIVA ""ISAAC ACOSTA""",SI,OLMEDO Y QUITO,62980429,5,5,10,1,5,1,5,3500,864981.523,10089479.15,-77.72148097,0.80821164,NO,NO
4,CARCHI,5,TULCAN,6165,TULCAN,3,LAS GRADAS,4608,UNIDAD EDUCATIVA ALEJANDRO R. MERA,NO,PICHINCHA Y BOLIVAR,62980542,4,3,7,9,12,9,11,1968,865267.6242,10089987.5,-77.71891014,0.81280121,NO,NO
4,CARCHI,5,TULCAN,6165,TULCAN,3,LAS GRADAS,5790,UNIDAD EDUCATIVA ISAAC ACOSTA SEDE 1/ ANTERIORMENTE ESCUELA MARIETA DE VEINTIMILLA,NO,MALDONADO Y QUITO,62980358,3,3,6,6,8,6,8,2100,865171,10089439,-77.71978112,0.80784765,NO,NO
4,CARCHI,25,BOLIVAR,2455,MONTEOLIVO,1,MONTEOLIVO,3084,UNIDAD EDUCATIVA MONTEOLIVO SEDE N°2,NO,BOLIVAR ENTRE COLON Y SUCRE,0,2,2,4,1,2,1,2,1175,849286.8415,10042907.43,-77.86255556,0.38761111,NO,NO
4,CARCHI,15,ESPEJO,5295,EL ANGEL,2,INGUEZA,3315,UNIDAD EDUCATIVA EL ANGEL SEDE INGUEZA,NO,S/N,62230040,1,1,2,1,1,1,1,101,837297.017,10071090.35,-77.97003012,0.64227132,NO,NO
4,CARCHI,5,TULCAN,5415,GONZALEZ SUAREZ,2,CHAPUEL,3843,ESCUELA JOSE MARIA VELASCO IBARRA,NO,VIA TUFIÑO Y AV. GRAN COLOMBIA,62961280,1,1,2,1,1,1,1,227,862962.796,10090790.94,-77.7395853,0.8200752,NO,NO
4,CARCHI,5,TULCAN,6165,TULCAN,2,LA ESTRELLITA,3429,"ESCUELA ""UNESCO""",NO,VIA A EL CARMELO,63014639,1,1,2,1,1,1,1,77,865864.5915,10081752.61,-77.71361111,0.73841667,NO,NO
4,CARCHI,10,MONTUFAR,5970,SAN JOSE,2,EL CAPULÍ,3844,"CENTRO LUZ Y VIDA ""ANTIGUA ESCUELA DR. RICARDO JARAMILLO""",NO,VIA ACCESO AL CAPULI,0,1,1,2,1,1,1,1,145,852074,10062547.53,-77.83746465,0.56501939,NO,NO
4,CARCHI,10,MONTUFAR,5970,SAN JOSE,3,CANCHAGUANO,2867,ESCUELA BASICA PROCER MANUEL QUIROGA,NO,COMUNIDAD CANCHAGUANO,62301379,1,1,2,1,1,1,1,138,854999.176,10059960.35,-77.81122869,0.54163436,NO,NO
4,CARCHI,25,BOLIVAR,6520,BOLIVAR,3,CUESACA,3307,ESCUELA UNE,NO,AVENIDA DE LOS DINOSAURIOS,62979381,1,1,2,1,1,1,1,324,847333.455,10056990.64,-77.88002995,0.51484266,NO,NO
4,CARCHI,25,BOLIVAR,2205,LOS ANDES,3,CUNQUER,3301,ESCUELA CELIA NAVARRETE,NO,ACCESO A LA COMUNIDAD,0,1,1,2,1,1,1,1,150,839767.4913,10052730.59,-77.94794444,0.47638889,NO,NO
4,CARCHI,20,MIRA,1875,JUAN MONTALVO,2,SANTIAGUILLO,2781,ESCUELA RUMIÑAHUI,NO,VIA DE ACCESO,0,1,1,2,1,1,1,1,236,820960.0161,10063709.68,-78.11669444,0.57566667,NO,NO
4,CARCHI,20,MIRA,2010,LA CONCEPCION,2,PALO BLANCO,2854,ESCUELA ANA CELIDA BURBANO,NO,PALO BLANCO,63010217,1,1,2,1,1,1,1,112,827661.3576,10073059.18,-78.0565,0.66011111,NO,NO
4,CARCHI,5,TULCAN,1195,EL CHICAL,2,SAN MARCOS,3437,JUAN BAUTISTA AGUIRRE,NO,VIA A TOBAR DONOSO,63000071,1,1,2,1,1,1,1,653,800169.6966,10120126.72,-78.30297222,1.08561111,SI,NO
4,CARCHI,5,TULCAN,4040,TOBAR DONOSO,2,EL BABOSO,3438,ESCUELA HUMBERTO VALENZUELA,NO,COMUNIDAD EL BABOSO,0,1,1,2,1,1,1,1,424,784556.5623,10099140.48,-78.44330556,0.89605556,NO,NO
4,CARCHI,15,ESPEJO,1150,EL GOALTAL / LAS JUNTAS,2,CORAZON DE MUNDO NUEVO,2684,UNIDAD EDUCATIVA ROMULO DELGADO,NO,VIA DE ACCESO,63011225,1,1,2,1,1,1,1,211,815140.0027,10078474.54,-78.16886111,0.70911111,NO,NO
4,CARCHI,20,MIRA,5685,MIRA,2,MASCARILLA,2850,UNIDAD EDUCATIVA CARLOS MARTINEZ ACOSTA SEDE N°2- MASCARILLA,NO,S/N,62562187,1,1,2,1,1,1,1,423,825873.12,10054012.38,-78.07263786,0.48802489,NO,NO
4,CARCHI,20,MIRA,5685,MIRA,3,HATO DE MIRA,2852,UNIDAD EDUCATIVA CARLOS MARTINEZ SEDE N° 3,NO,S/N,0,1,1,2,1,1,1,1,210,828021.607,10064681,-78.05330866,0.58441021,NO,NO
4,CARCHI,25,BOLIVAR,1055,SAN RAFAEL,2,CALDERA,7646,ESCUELA GENERAL BASICA CUBA,NO,SAN RAFAEL VIA A MONTEOLIVO,0,1,1,2,1,1,1,1,560,841441.61,10048021.33,-77.93293862,0.43383742,NO,NO
4,CARCHI,25,BOLIVAR,2205,LOS ANDES,2,PIQUIUCHO,2826,UNIDAD EDUCATIVA DEL MILENIO SAN GABRIEL DE PIQUIUCHO,NO,PANAMERICANA NORTE,62673008,1,1,2,1,1,1,1,509,838674.6507,10048485.89,-77.95776804,0.43804457,NO,NO
4,CARCHI,25,BOLIVAR,6520,BOLIVAR,2,ALOOR,2873,ANTIGUA ESCUELA ESTADOS UNIDOS,NO,VIA A LAS COLONIAS,0,1,1,2,1,1,1,1,177,844155.954,10050006.39,-77.90857283,0.45176057,NO,NO
4,CARCHI,25,BOLIVAR,3680,SAN VICENTE DE PUSIR,2,PUSIR GRANDE,2801,UNIDAD EDUCATIVA PUSIR GRANDE,NO,GALO PLAZA LASSO Y TERESA GARCIA,63010085,1,1,2,1,1,1,1,500,834594.97,10050940.25,-77.9943717,0.46023413,NO,NO
4,CARCHI,25,BOLIVAR,2455,MONTEOLIVO,2,PUEBLO NUEVO,5787,ESCUELA JUAN DE DIOS PADILLA,NO,REACENTAMIENTO,2902101,1,1,2,1,1,1,1,361,844851,10045060,-77.9023536,0.40707224,NO,NO
4,CARCHI,20,MIRA,2010,LA CONCEPCION,3,SANTA LUCIA,5010,ESCUELA ERNESTO RUIZ ARTURO,NO,CALLE PRINCIPAL,63010245,1,1,2,1,1,1,1,331,817312,10070841,-78.14940476,0.64012213,NO,NO
4,CARCHI,5,TULCAN,2340,MALDONADO,2,CHILMA ALTO,5012,ESCUELA VICTOR MANUEL PEÑA HERRERA,NO,CALLE PRINCIPAL COMUNIDAD CHILMA ALTO,63012657,1,1,2,1,1,1,1,275,826853.9353,10095289.31,-78.06361111,0.86097222,NO,NO
4,CARCHI,20,MIRA,2010,LA CONCEPCION,4,NARANJITO,5003,ESCUELA SAN CLEMENTE YEROVI,NO,VIA A NARANJITO,0,1,1,2,1,1,1,1,166,812105,10076688,-78.1961144,0.69298391,NO,NO
4,CARCHI,25,BOLIVAR,2455,MONTEOLIVO,3,EL MOTILON,5807,ESCUELA FISCAL MIXTA GONZALO ZALDUMBIDE,NO,VÍA AL MANZANAL,0,1,1,2,1,1,1,1,105,848035,10044820,-77.8737824,0.40489302,NO,NO
4,CARCHI,20,MIRA,1835,JIJON Y CAAMAÑO,2,RIO VERDE,2851,UNIDAD EDUCATIVA VICENTE DE LA CARRERA,NO,VIA DE ACCESO,63012040,1,1,2,1,1,1,1,325,792305.5381,10091542.04,-78.37377778,0.82733333,NO,NO
4,CARCHI,10,MONTUFAR,1270,FERNANDEZ SALVADOR,2,SAN FRANCISCO DE LA LINEA ROJA,3845,CASA COMUNAL SAN FRANCISCO DE LA LINEA ROJA,NO,VIA DE ACCESO,0,1,1,2,1,1,1,1,224,863635.0316,10063386.24,-77.73372388,0.57253715,NO,NO
4,CARCHI,25,BOLIVAR,3680,SAN VICENTE DE PUSIR,3,TUMBATÚ,2871,ESCUELA PLURIDOCENTE JOSE MARIA GRIJALBA,NO,ROBERTO GUERRERO Y JOSE MARIA GRIJALBA,63010098,1,1,2,1,1,1,1,227,831487.645,10053292.67,-78.02225,0.4815,NO,NO
4,CARCHI,995,SAN PEDRO DE HUACA,6665,HUACA,2,CUASPUD,3375,ESCUELA CHILE,NO,VIA A HUACA,0,1,1,2,1,1,1,1,97,862473.018,10073426.71,-77.74409482,0.66323468,NO,NO
4,CARCHI,25,BOLIVAR,1315,GARCIA MORENO,2,EL TAMBO,3411,CASA COMUNAL,NO,CALLE CENTRAL,0,1,1,2,1,1,1,1,120,835881.4141,10056158.92,-77.98280561,0.50737824,NO,NO
4,CARCHI,5,TULCAN,1125,EL CARMELO/EL PUN/,0,,3350,UNUIDAD EDUCATIVA EL CARMELO SEDE 1 (ANTERIOR ESCUELA MANUEL VILLAVICENCIO),NO,GARCIA MORENO Y 10 DE AGOSTO,62202079,3,3,6,1,3,1,3,1999,879275.7711,10074436.27,-77.59333333,0.67225,NO,NO
4,CARCHI,5,TULCAN,1195,EL CHICAL,1,EL CHICAL,3846,UNIDAD EDUCATIVA ECUADOR,NO,CARCHI Y AGAPITO ROMO,62200073,4,4,8,1,4,1,4,2518,811747.4758,10105920.07,-78.19913889,0.95713889,NO,NO
4,CARCHI,5,TULCAN,1765,SANTA MARTHA DE CUBA,0,,3362,UNIDAD EDUCATIVA DEL MILENIO CARLOS ROMO DAVILA ANTIGUO COLEGIO SANTA MARTHA DE CUBA,NO,RUBEN FUENTES Y MIGUEL LAGUNA,62967115,3,3,6,1,3,1,3,1904,861590.6351,10070743.12,-77.75202778,0.639,NO,NO
4,CARCHI,5,TULCAN,1885,JULIO ANDRADE,0,,1457,UNIDAD EDUCATIVA CESAR ANTONIO MOSQUERA 1,SI,EL ORO Y JUAN MONTALVO,62205540,6,6,12,1,6,1,6,4200,865087,10072719,-77.72064471,0.65682681,NO,NO
4,CARCHI,5,TULCAN,1885,JULIO ANDRADE,0,,5009,UNIDAD EDUCATIVA CESAR ANTONIO MOSQUERA SEDE 2,NO,PANAMERICANA Y BOLIVAR,62225013,5,6,11,7,11,7,12,3711,865220.55,10073055.02,-77.71944444,0.65986111,NO,NO
4,CARCHI,5,TULCAN,2340,MALDONADO,1,MALDONADO,5808,UNIDAD EDUCATIVA MALDONADO SEDE 2 CENTRO POBLADO,NO,VÍA A TULCÁN,62969039,2,2,4,1,2,1,2,1299,821074.37,610101125.9,-78.108267,0.913744,NO,NO
4,CARCHI,5,TULCAN,2900,PIOTER,0,,3282,ESCUELA CESAR BORJA,NO,SIMON BOLIVAR Y 19 DE NOVIEMBRE,63015218,1,1,2,1,1,1,1,721,857857.1068,10070857.63,-77.78552778,0.64005556,NO,NO
4,CARCHI,5,TULCAN,4040,TOBAR DONOSO,1,TOBAR DONOSO,4153,ESCUELA ADOLFO JURADO GONZALEZ,NO,TOBAR DONOSO,0,1,1,2,1,1,1,1,521,779604.8264,10131122.51,-78.48753828,1.185157,SI,NO
4,CARCHI,5,TULCAN,4070,TUFIÑO,0,,3422,UNIDAD EDUCATIVA TUFIÑO,SI,AVENIDA GRAN COLOMBIA,62222092,4,4,8,1,4,1,4,2420,850640.5292,10088714.75,-77.85017375,0.80140907,NO,NO
4,CARCHI,5,TULCAN,4130,URBINA,0,,3433,ESCUELA SIMON RODRIGUEZ,NO,11 DE JUNIO Y PICHINCHA,0,2,2,4,1,2,1,2,1200,870097.1909,10089029.31,-77.67558333,0.80411111,NO,NO
4,CARCHI,5,TULCAN,5415,GONZALEZ SUAREZ,1,GONZALEZ SUAREZ,1557,UNIDAD EDUCATIVA TULCAN (ANTERIORMENTE INSTITUTO TECNOLOGICO TULCAN),SI,RAFAEL ARELLANO 18-53 Y GARCIA MORENO,62980422,8,7,15,1,8,1,7,5250,865555.794,10090330.51,-77.71632194,0.81589728,NO,NO
4,CARCHI,5,TULCAN,5415,GONZALEZ SUAREZ,1,GONZALEZ SUAREZ,5011,UNIDAD EDUCATIVA SAGRADO CORAZON DE JESUS,NO,JUNIN Y OLMEDO,62980471,6,5,11,16,21,15,19,3850,865686.877,10089993.16,-77.71514823,0.81284919,NO,NO
4,CARCHI,5,TULCAN,5415,GONZALEZ SUAREZ,1,GONZALEZ SUAREZ,5809,UNIDAD EDUCATIVA SUCRE Nº 1,NO,AV. DE LA CULTURA ENTRE BENJAMIN CARRION Y COTOPAXI,62980376,7,7,14,9,15,8,14,4900,865499,10090609,-77.7168295,0.8184131,NO,NO
4,CARCHI,5,TULCAN,5415,GONZALEZ SUAREZ,1,GONZALEZ SUAREZ,6118,UNIDAD EDUCATIVA CRISTOBAL COLÓN,NO,MALDONADO Y AYACUCHO,62980534,8,9,17,22,29,20,28,5596,865703,10089732,-77.71500546,0.81049023,NO,NO
4,CARCHI,5,TULCAN,6165,TULCAN,1,TULCAN,1569,UNIDAD EDUCATIVA VICENTE FIERRO (ANTERIORMENTE INSTITUTO TECNICO VICENTE FIERRO),SI,JUAN XXIII Y TULCANAZA,62980466,10,10,20,1,10,1,10,7000,864044.9468,10088510,-77.72989171,0.79946467,NO,NO
4,CARCHI,5,TULCAN,6165,TULCAN,1,TULCAN,5013,U.E. CONSEJO PROVINCIAL DEL CARCHI,NO,CAMILO PONCE E INGLATERRA,62281301,8,8,16,19,26,19,26,5600,863409.881,10087856.28,-77.73559475,0.79356453,NO,NO
4,CARCHI,5,TULCAN,6165,TULCAN,1,TULCAN,5789,U.E. CONSEJO PROVINCIAL DEL CARCHI SEDE 1 / ANTERIORMENTE ESCUELA JOSÉ JOAQUIN OLMEDO,NO,AV. VEINTIMILLA Y ANTONIO NARIÑO,62245771,9,9,18,27,35,27,35,5847,863037,10087900,-77.73894028,0.79396209,NO,NO
4,CARCHI,5,TULCAN,6165,TULCAN,1,TULCAN,5788,ESCUELA CRISTO REY,NO,AV. VEINTIMILA Y AV. TULCANAZA,62224147,8,8,16,11,18,11,18,5600,863649,10088337,-77.73344574,0.79790492,NO,NO
4,CARCHI,10,MONTUFAR,250,PIARTAL,0,,3280,UNIDAD EDUCATIVA PIARTAL SEDE 2 / ANTIGUA ESCUELA VENEZUELA,NO,PASAJE MANUEL QUIROZ Y FANNY FLORES,623013795,2,2,4,1,2,1,2,929,859468.6244,10062697.07,-77.77111111,0.56633333,NO,NO
4,CARCHI,10,MONTUFAR,690,CRISTOBAL COLON,0,,1490,UNIDAD EDUCATIVA CRISTOBAL COLON,SI,GARCIA MORENO Y ESPEJO,62290025,4,4,8,1,4,1,4,2525,855001.7404,10067117.16,-77.81116984,0.60628328,NO,NO
4,CARCHI,10,MONTUFAR,910,CHITAN DE NAVARRETES,0,,3327,ESCUELA GREGORIO CHAMORRO,NO,ENRIQUEZ ARCOS Y CARLOS CASTAÑEDA,0,1,1,2,1,1,1,1,705,857144.43,10069296.54,-77.79193137,0.62595822,NO,NO
4,CARCHI,10,MONTUFAR,1270,FERNANDEZ SALVADOR,1,FERNANDEZ SALVADOR,3339,ESCUELA GONZALO PIZARRO,NO,JORGE ANDINO Y JUAN ARELLANO,0,1,1,2,1,1,1,1,686,861741.8759,10066437.85,-77.75069444,0.60011111,NO,NO
4,CARCHI,10,MONTUFAR,2065,LA PAZ,0,,1532,UNIDAD EDUCATIVA LA PAZ / ANTERIORMENTE COLEGIO NACIONAL LA PAZ,NO,AV. GONZÁLEZ SUÁREZ Y PASTORA ALOMÍA,62979381,4,4,8,1,4,1,4,2773,849200.6606,10056209.49,-77.86327778,0.50777778,NO,NO
4,CARCHI,10,MONTUFAR,5405,GONZALEZ SUAREZ,0,,2788,UNIDAD EDUCATIVA JOSE JULIAN ANDRADE,SI,MONTUFAR Y PICHINCHA,62290112,5,5,10,1,5,1,5,3500,852121.12,10066363.67,-77.83702259,0.59949193,NO,NO
4,CARCHI,10,MONTUFAR,5405,GONZALEZ SUAREZ,0,,5028,ESCUELA ABDON CALDERON,NO,BOLIVAR Y PICHINCHA,62290149,9,8,17,6,14,6,13,5477,852264.025,10066443.79,-77.83573982,0.60021494,NO,NO
4,CARCHI,10,MONTUFAR,5970,SAN JOSE,1,SAN JOSE,1520,UNIDAD EDUCATIVA MARIO OÑA PERDOMO SEDE N 2 ANTIGUA ESCUELA 27 DE SEPTIEMBRE,NO,LOS ANDES ENTRE IBARRA Y ANGEL POLIVIO CHAVEZ,62290230,6,6,12,9,14,8,13,3968,852825.934,10065598.26,-77.83070195,0.59257406,NO,NO
4,CARCHI,10,MONTUFAR,5970,SAN JOSE,1,SAN JOSE,4650,UNIDAD EDUCATIVA MARIO OÑA PERDOMO BLOQUE 3,SI,MONTUFAR Y ANGEL POLIVIO CHAVES,62290230,8,7,15,1,8,1,7,5250,852874.44,10065762.4,-77.83026584,0.59405653,NO,NO
4,CARCHI,15,ESPEJO,1150,EL GOALTAL / LAS JUNTAS,1,EL GOALTAL / LAS JUNTAS,3321,UNIDAD EDUCATIVA EUGENIO ESPEJO SEDE GUALCHAN 1,NO,VIA A LAS JUNTAS Y JUNTO PADRE BOSCO,63010857,1,1,2,1,1,1,1,644,810349.4767,10086655.21,-78.21181696,0.78306213,NO,NO
4,CARCHI,15,ESPEJO,2040,LA LIBERTAD,0,,1555,UNIDAD EDUCATIVA LIBERTAD (ANTERIORMENTE COLEGIO LA LIBERTAD),SI,AV. GRAN COLOMBIA Y CARCHI,62212001,5,5,10,1,5,1,5,3438,840011.4813,10072651.99,-77.94566053,0.65636514,NO,NO
4,CARCHI,15,ESPEJO,5295,EL ANGEL,1,EL ANGEL,1563,UNIDAD EDUCATIVA EL ANGEL(ANTERIORMENTE COLEGIO NACIONAL EL ANGEL),SI,CALLE JOSÉ BENIGNO GRIJALVA Y QUIROGA,62977431,4,4,8,1,4,1,4,2800,840241.794,10068968.9,-77.9436133,0.62308951,NO,NO
4,CARCHI,15,ESPEJO,5295,EL ANGEL,1,EL ANGEL,5806,UNIDAD EDUCATIVA EL ANGEL (ANTERIORMENTE COLEGIO NACIONAL EL ANGEL) SEDE 2,NO,JOSE BENIGNO GRIJALVA Y QUIROGA,62977431,3,3,6,5,7,5,7,1752,840345.225,10068841.47,-77.94268573,0.62193778,NO,NO
4,CARCHI,15,ESPEJO,3435,SAN ISIDRO,0,,1568,UNIDAD EDUCATIVA SAN ISIDRO (ANTERIORMENTE ESCUELA 9 DE OCTUBRE),SI,ESMERALDAS Y 9 DE OCTUBRE,62974380,5,4,9,1,5,1,4,2892,835295.6007,10066453.18,-77.98801605,0.60038645,NO,NO
4,CARCHI,15,ESPEJO,6250,27 DE SEPTIEMBRE,0,,2807,UNIDAD EDUCATIVA ALFONSO HERRERA SEDE 27 DE SEPTIEMBRE,NO,PANAMERICANA Y PICHINCHA,62977274,2,2,4,1,2,1,2,1340,840946.36,10069228,-77.9372889,0.62542661,NO,NO
4,CARCHI,20,MIRA,1835,JIJON Y CAAMAÑO,1,JIJON Y CAAMAÑO,5506,UNIDAD EDUCATIVA EUGENIO ESPEJO SEDE 1,NO,VIA A GUALCHAN,63011946,3,3,6,1,3,1,3,1706,809703.8201,10086028.62,-78.21761667,0.77740377,NO,NO
4,CARCHI,20,MIRA,1875,JUAN MONTALVO,1,JUAN MONTALVO,2849,UNIDAD EDUCATIVA JUAN MONTALVO,NO,AV. 9 DE ENERO Y AV EL MAESTRO,63012324,2,2,4,1,2,1,2,1016,824254.3736,10065113.28,-78.08711901,0.58833385,NO,NO
4,CARCHI,20,MIRA,2010,LA CONCEPCION,1,LA CONCEPCION,1570,UNIDAD EDUCATIVA 19 DE NOVIEMBRE (ANTERIORMENTE COLEGIO NACIONAL 19 DE NOVIEMBRE),SI,AVENIDA EL EDEN Y LUCIANO FOLLECO,62210031,3,3,6,1,3,1,3,2137,819875.1596,10066986.2,-78.12641667,0.60527778,NO,NO
4,CARCHI,20,MIRA,5685,MIRA,1,MIRA,1567,UNIDAD EDUCATIVA CARLOS MARTINEZ ACOSTA (ANTERIORMENTE COLEGIO CARLOS MARTINEZ ACOSTA) SEDE 1,SI,ULPIANO PALACIOS Y BOLIVAR,62280699,8,8,16,1,8,1,8,5612,829661.9759,10061015.95,-78.0386029,0.55128815,NO,NO
4,CARCHI,25,BOLIVAR,1055,SAN RAFAEL,1,SAN RAFAEL,3115,UNIDAD EDUCATIVA CARLOS MONTUFAR SEDE N°2,NO,PADRE ALFONSO W. Y MIGUEL LAGUNA,62902144,2,2,4,1,2,1,2,1068,843773.4567,10045547.15,-77.91202157,0.41147693,NO,NO
4,CARCHI,25,BOLIVAR,1315,GARCIA MORENO,1,GARCIA MORENO,3158,UNIDAD EDUCATIVA GARCIA MORENO SEDE N°1,NO,AV. MARIO OÑA Y JUAN MONTALVO,62227036,2,2,4,1,2,1,2,1281,839512.3315,10061951.4,-77.95019444,0.55969444,NO,NO
4,CARCHI,25,BOLIVAR,2205,LOS ANDES,1,LOS ANDES,3149,UNIDAD EDUCATIVA LOS ANDES SEDE N°1,NO,CALLE GARCIA MORENO VIA A LA CANGAGUA,62232027,2,2,4,1,2,1,2,1360,840713.64,10055374.2,-77.93944272,0.50026827,NO,NO
4,CARCHI,25,BOLIVAR,3680,SAN VICENTE DE PUSIR,1,SAN VICENTE DE PUSIR,3344,UNIDAD EDUCATIVA SAN VICENTE (ESCUELA JUAN SALINAS),NO,23 DE AGOSTO Y 10 DE AGOSTO,62215034,2,2,4,1,2,1,2,1276,828926.794,10054800.66,-78.04522753,0.49513506,NO,NO
4,CARCHI,25,BOLIVAR,6520,BOLIVAR,1,BOLIVAR,1552,UNIDAD EDUCATIVA JULIO ANDRADE SEDE 3,SI,CALLE GARCIA MORENO Y LUIS A MANTILLA,62287229,7,7,14,1,7,1,7,4494,844780.237,10055492.13,-77.90294846,0.50131635,NO,NO
4,CARCHI,995,SAN PEDRO DE HUACA,1520,MARISCAL SUCRE,0,,3369,UNIDAD EDUCATIVA MARISCAL SUCRE / ANTIGUA ESCUELA FRANCISCO DE ORELLANA,NO,4 DE JULIO Y AMERICA,62234104,2,2,4,1,2,1,2,1181,863717.4168,10065774.76,-77.73297222,0.59411111,NO,NO
4,CARCHI,995,SAN PEDRO DE HUACA,6665,HUACA,1,HUACA,1479,UNIDAD EDUCATIVA HUACA (ANTERIORMENTE COLEGIO NACIONAL HUACA),SI,8 DE DICIEMBRE Y AURELIO SIERRA,62973032,5,5,10,1,5,1,5,3500,864433.087,10069564.48,-77.72653013,0.62833766,NO,NO
4,CARCHI,995,SAN PEDRO DE HUACA,6665,HUACA,1,HUACA,5026,UNIDAD EDUCATIVA MANUEL MARIA VELASCO,NO,PANAMERICANA Y JUAN MONTALVO,62973065,4,4,8,6,9,6,9,2731,864590.7654,10070314.48,-77.72511111,0.63511111,NO,NO
5,COTOPAXI,100,LATACUNGA,35,ALAQUEZ,0,,1730,U.E. MANUEL GONZALO ALBAN RUMAZO / ESC. ABDON CALDERON,SI,VICENTE LEON Y ARCENTALES,32262820,5,5,10,1,5,1,5,3500,767551,9904411,-78.59602518,-0.86405688,NO,NO
5,COTOPAXI,100,LATACUNGA,35,ALAQUEZ,0,,6252,U.E. MANUEL GONZALO ALBÁN RUMAZO - BLOQUE DOS,NO,MANUEL ARCENTALES ALBERTO YANEZ,,5,4,9,6,10,6,9,2968,767461,9904323,-78.59683286,-0.86485286,NO,NO
5,COTOPAXI,100,LATACUNGA,315,BELISARIO QUEVEDO,0,,1558,U.E. BELISARIO QUEVEDO,NO,24 DE MAYO Y DR. RAUL LEON MENDEZ,32266275,4,4,8,1,4,1,4,2800,768856,9890907,-78.58422399,-0.98611469,NO,NO
5,COTOPAXI,100,LATACUNGA,315,BELISARIO QUEVEDO,0,,6257,U.E. BELISARIO QUEVEDO / BLOQUE DOS,NO,BRUNO ZAMBONINO Y 24 DE MAYO,,4,3,7,5,8,5,7,2193,768954,9890981,-78.58334444,-0.98544515,NO,NO
5,COTOPAXI,100,LATACUNGA,1485,GUAYTACAMA,0,,1775,U.E. SAN JOSE DE GUAYTACAMA,SI,JUAN MONTALVO,32690189,13,12,25,1,13,1,12,8391,762042,9908422,-78.64551766,-0.82783023,NO,NO
5,COTOPAXI,100,LATACUNGA,1905,JOSEGUANGO BAJO,0,,3104,U.E. FELIX VALENCIA,NO,Av. de los Incas e Isabel Eastman,33230143,3,3,6,1,3,1,3,1758,767774,9909541,-78.59405109,-0.81768418,NO,NO
5,COTOPAXI,100,LATACUNGA,2480,MULALO,0,,1760,UNIDAD EDUCATIVA MULALO / COLEGIO TÉCNICO MULALÓ,NO,4 DE OCTUBRE Y RUMIÑAHUI,32710137,4,4,8,5,8,5,8,2800,769324,9913558,-78.58015393,-0.78136539,NO,NO
5,COTOPAXI,100,LATACUNGA,2480,MULALO,0,,1783,UNIDAD EDUCATIVA MULALO / Esc. JUAN PIO MONTUFAR,SI,SAN FRANCISCO 4 DE OCTUBRE,,4,4,8,1,4,1,4,2800,769698.5011,9913611.128,-78.57679137,-0.78088321,NO,NO
5,COTOPAXI,100,LATACUNGA,2480,MULALO,0,,6292,UNIDAD EDUCATIVA MULALO / BLOQUE TRES,NO,ATAHUALPA Y LA LIBERTAD,,4,3,7,9,12,9,11,2270,769752,9913902,-78.57631248,-0.77825369,NO,NO
5,COTOPAXI,105,PUJILI,4365,ZUMBAHUA,2,LA COCHA,3154,U.E. INTERCULTURAL BILINGUE 24 DE OCTUBRE,NO,VIA QUILOTOA,0,1,1,2,1,1,1,1,356,731861,9898224,-78.91651895,-0.92018588,NO,NO
5,COTOPAXI,105,PUJILI,4365,ZUMBAHUA,3,TIGUA WANAPAMPA,8349,ESCUELA DE EDUCACIÓN BASICA BEATRIZ JIMENEZ BAQUERO,NO,VIA ZUMBAHUA,,1,1,2,1,1,1,1,128,738650.05,9895239.5,-78.85552511,-0.94713209,NO,NO
5,COTOPAXI,930,SIGCHOS,960,CHUGCHILAN,7,SAN MIGUEL DE GUARUMAL,3217,ESCUELA EDUCACIÓN BÁSICA CIUDAD DE BRASILIA,NO,INGRESO A LA COMUNIDAD,0,1,1,2,1,1,1,1,254,719427,9903963,-79.02823173,-0.86835835,NO,NO
5,COTOPAXI,120,PANGUA,2460,MORASPUNGO,4,EL DESEO,3173,U.E. 3 DE NOVIEMBRE,NO,LAS PEÑAS,0,1,1,2,1,1,1,1,608,701209,9890860,-79.19182109,-0.98692795,NO,NO
5,COTOPAXI,120,PANGUA,2460,MORASPUNGO,5,CALABICITO,3176,CASA COMUNAL / CALABICITO,NO,VIA SAN ANTONIO/ QUINSALOMA,0,1,1,2,1,1,1,1,132,690141,9869868,-79.29114765,-1.17681638,NO,NO
5,COTOPAXI,120,PANGUA,3155,RAMON CAMPAÑA,2,PILANCÓN,6437,U.E.COMUNITARIA INTERCULTURAL BILINGUE REPUBLICA DOMINICANA,NO,VIA LA FLORIDA - ENTRADA,0,1,1,2,1,1,1,1,195,712770,9885150,-79.08793486,-1.03850051,NO,NO
5,COTOPAXI,110,SALCEDO,6000,SAN MIGUEL DE SALCEDO,3,SAN FRANCISCO DE COLLANAS,6419,U.E. ALONSO ATI,NO,SAN FRANCISCO DE COLLANAS,0,1,1,2,1,1,1,1,194,764958,9885679,-78.6191942,-1.0333982,NO,NO
5,COTOPAXI,110,SALCEDO,6000,SAN MIGUEL DE SALCEDO,4,SALACHE BARBAPAMBA,6418,UNIDAD EDUCATIVA. MARIA INES ENDARA,NO,ENTRE LA VIA PANAMERICANA SUR E-35,0,1,1,2,1,1,1,1,279,766862,9888058,-78.60211161,-1.01188073,NO,NO
5,COTOPAXI,100,LATACUNGA,5465,IGNACIO FLORES,2,PALOPO CENTRO,6833,UNIDAD EDUCATIVA INTERCULTURAL BILINGUE SUMAK KAWSAY,NO,VIA PALOPO,0,1,1,2,1,1,1,1,286,773317.5077,9894600.284,-78.54418419,-0.95270187,NO,NO
5,COTOPAXI,930,SIGCHOS,960,CHUGCHILAN,5,SARAWASI,3211,U.E. COMUNITARIA INTERCULTURAL BILINGÜE ANTONIO MILLINGALLI AYALA,NO,VIA SARAWASI,0,1,1,2,1,1,1,1,587,720004,9903245,-79.0230455,-0.87484769,NO,NO
5,COTOPAXI,105,PUJILI,4015,TINGO,2,EL PROGRESO,3246,U.E. DIGNA BEATRIZ CERDA NETO / BLOQUE 3,NO,E-30 Y VIA LATACUNGA,32290222,1,1,2,1,1,1,1,517,703728,9898229,-79.16922684,-0.92028028,NO,NO
5,COTOPAXI,100,LATACUNGA,3530,SAN JUAN DE PASTOCALLE,2,LA LIBERTAD,3106,U.E. ATANASIO VITERI KAROLYS,NO,CENTRO DE LA COMUNIDAD,0,1,1,2,1,1,1,1,327,763888,9931732,-78.62904988,-0.61710951,NO,NO
5,COTOPAXI,100,LATACUNGA,5465,IGNACIO FLORES,1,IGNACIO FLORES,1575,U.E. 11 DE NOVIEMBRE,SI,SANTIAGO ZAMORA Y AV. RUMIÑAHUI Y ATAHUALPA,32813500,7,7,14,10,16,8,14,4900,766139.729,9896164.985,-78.60864952,-0.93860363,NO,NO
5,COTOPAXI,100,LATACUNGA,5465,IGNACIO FLORES,1,IGNACIO FLORES,1576,U.E. LUIS FERNANDO RUIZ,SI,AV. TRAJANO NARANJO Y 11 DE NOVIEMBRE,32813201,9,7,16,1,9,1,7,5600,766568.471,9896745.179,-78.60480296,-0.93335641,NO,NO
5,COTOPAXI,100,LATACUNGA,5465,IGNACIO FLORES,1,IGNACIO FLORES,6332,UNIDAD EDUCATIVA RAMON BARBA NARANJO/ CENTRO,NO,AV. UNIDAD NACIONAL Y AV. RUMIÑAHUI,0,7,7,14,22,28,19,25,4659,765879,9896124,-78.61099064,-0.93897572,NO,NO
5,COTOPAXI,100,LATACUNGA,5465,IGNACIO FLORES,1,IGNACIO FLORES,6322,U.E. JOSE MARIA VELASCO IBARRA,NO,QUITO Y ATAHUALPA,62803285,5,4,9,17,21,15,18,3150,765549,9895981,-78.61395319,-0.94027039,NO,NO
5,COTOPAXI,100,LATACUNGA,5500,JUAN MONTALVO,0,,2013,UNIDAD EDUCATIVA LUIS FERNANDO VIVERO,SI,CALLE ISLA SEYMOUR Y JUAN ABEL ECHEVERIA,813199,5,5,10,13,17,11,15,3500,765789.1679,9897114.116,-78.61180339,-0.93002625,NO,NO
5,COTOPAXI,100,LATACUNGA,5500,JUAN MONTALVO,0,,1605,U.E. VICENTE LEON (LA COCHA),SI,AV. TAHUANTINSUYO Y CARANQUIS,32101098,8,6,14,1,8,1,6,4900,765981.3456,9897928.087,-78.61008255,-0.92266728,NO,NO
5,COTOPAXI,100,LATACUNGA,5500,JUAN MONTALVO,0,,6459,SINDICATO DE CHOFERES DE COTOPAXI,NO,QUIJANO Y ORDOÑEZ Y FELIZ VALENCIA,32808888,4,4,8,22,25,20,23,2488,765486,9897118,-78.61452588,-0.92999299,NO,NO
5,COTOPAXI,100,LATACUNGA,5500,JUAN MONTALVO,0,,6461,U.E. SEMILLITAS DE VIDA,NO,GRAL. PROAÑO Y QUIJANO Y ORDOÑEZ,32806754,4,4,8,18,21,16,19,2800,765599,9897439,-78.61351308,-0.92709065,NO,NO
5,COTOPAXI,100,LATACUNGA,5500,JUAN MONTALVO,0,,6442,UNIDAD EDUCATIVA JOSÉ MARÍA VELAZ,NO,ISLA SEYMOUR Y GUAYAQUIL,0,4,4,8,9,12,7,10,2800,765849,9897083,-78.6112659,-0.93030715,NO,NO
5,COTOPAXI,100,LATACUNGA,5555,LA MATRIZ,0,,1581,U.E. PCEI VICENTE LEÓN Y ARGUELLES / COL. VICENTE LEON DEL CENTRO,SI,BELISARIO QUEVEDO Y GRAL. PROAÑO,32813853,4,4,8,5,8,5,8,2800,765313.7531,9896662.947,-78.6160699,-0.93410745,NO,NO
5,COTOPAXI,100,LATACUNGA,5555,LA MATRIZ,0,,1582,U.E. PARTICULAR SAN JOSE LA SALLE,NO,QUIJANO Y ORDOÑEZ Y GRAL. MALDONADO,32800133,4,4,8,9,12,9,12,2800,765584.6224,9896785.495,-78.61363822,-0.93299803,NO,NO
5,COTOPAXI,100,LATACUNGA,5555,LA MATRIZ,0,,1583,U.E. VICTORIA VASCONEZ CUVI / ELVIRA ORTEGA - SUR,NO,SANCHEZ DE ORELLANA Y FELIX VALENCIA Y QUITO,,8,8,16,27,34,27,34,5600,765342.9666,9897130.652,-78.61581041,-0.9298795,NO,NO
5,COTOPAXI,100,LATACUNGA,5555,LA MATRIZ,0,,1584,U.E. VICTORIA VASCONEZ CUVI,SI,FELIX VALENCIA Y SANCHEZ DE ORELLANA ENTRE QUITO,32812566,6,6,12,13,18,13,18,4200,765309.1036,9897117.022,-78.61611442,-0.93000291,NO,NO
5,COTOPAXI,100,LATACUNGA,5555,LA MATRIZ,0,,1804,U. E. ISIDRO AYORA,SI,QUIJANO Y ORDOÑEZ Y TARQUI,32801401,4,4,8,19,22,19,22,2800,765671.138,9896571.714,-78.61286,-0.93492995,NO,NO
5,COTOPAXI,100,LATACUNGA,5555,LA MATRIZ,0,,6323,U.E. LA INMACULADA,NO,ANTONIA VELA Y TARQUI,32800766,4,4,8,1,4,1,4,2800,765109,9896460,-78.61790737,-0.93594323,NO,NO
5,COTOPAXI,100,LATACUNGA,5555,LA MATRIZ,0,,6324,U.E. PRIMERO DE ABRIL,NO,AV.ORIENTE Y HERMANAS PAEZ,,4,4,8,23,26,23,26,2800,765803,9896578,-78.6116759,-0.93487231,NO,NO
5,COTOPAXI,100,LATACUNGA,5555,LA MATRIZ,0,,6334,U.E. VASCONEZ CUVI / SIMON BOLIVAR BLOQUE NORTE,NO,CALIXTO PINO Y SANCHEZ DE ORELLANA,,6,2,8,35,40,35,36,2811,765318,9897310,-78.6160357,-0.92825845,NO,NO
5,COTOPAXI,100,LATACUNGA,5940,SAN BUENAVENTURA,0,,1774,ESC. DE EDUCACION BASICA NUMA POMPILIO LLONA,SI,SAN BARTOLOME Y AV. SAN AGUSTIN,32997210,4,3,7,1,4,1,3,2450,765773.92,9900965.001,-78.61196328,-0.89521672,NO,NO
5,COTOPAXI,100,LATACUNGA,5940,SAN BUENAVENTURA,0,,7995,U.E. 14 DE JULIO - JUAN ABEL ECHEVERRIA,NO,AV. MIGUEL ITURRALDE Y LAS AGUILAS,32385666,5,5,10,5,9,4,8,3393,765069.76,9900753,-78.6182854,-0.89713723,NO,NO
5,COTOPAXI,105,PUJILI,125,ANGAMARCA,1,ANGAMARCA,1509,U.E. ANGAMARCA BLOQUE DOS,NO,LUIS GONZALEZ Y IGNACIO FLORES,,3,3,6,4,6,4,6,1630,730191,9876511,-78.93139363,-1.1165095,NO,NO
5,COTOPAXI,105,PUJILI,125,ANGAMARCA,1,ANGAMARCA,6351,UNIDAD EDUCATIVA ANGAMARCA BLOQUE UNO,NO,TEODORO CORONEL Y IGNACIO FLORES,32275013,3,3,6,1,3,1,3,2100,730029,9876212,-78.93284691,-1.11921389,NO,NO
5,COTOPAXI,105,PUJILI,1430,GUANGAJE,1,GUANGAJE,1585,UNIDAD EDUCATIVA GUANGAJE,NO,INGRESO A LA PARROQUIA,33046413,6,4,10,1,6,1,4,3500,739583,9904327,-78.84719424,-0.86496803,NO,NO
5,COTOPAXI,105,PUJILI,1430,GUANGAJE,1,GUANGAJE,3144,COL. JATARI UNANCHA,NO,CENTRO DE GUANGAJE,0,4,5,9,7,10,5,9,2675,739590,9904472,-78.84713211,-0.86365707,NO,NO
5,COTOPAXI,105,PUJILI,2150,LA VICTORIA,0,,1577,U.E. 14 DE OCTUBRE - VICENTE ROCAFUERTE,NO,ANTONIO JOSE DE SUCRE Y SIMON BOLIVAR,,2,2,4,1,2,1,2,1400,756516.9417,9898580.529,-78.69507963,-0.91682574,NO,NO
5,COTOPAXI,105,PUJILI,2150,LA VICTORIA,0,,6416,U. E. 14 DE OCTUBRE VICENTE ROCAFUERTE BLOQUE UNO,NO,11 DE NOVIEMBRE,32740960,2,2,4,3,4,3,4,1141,756787,9898543,-78.69265414,-0.91716342,NO,NO
5,COTOPAXI,105,PUJILI,2865,PILALO,1,PILALO,3264,ESC. DE EDUCACION GENERAL JOSE JOAQUIN DE OLMEDO,NO,10 DE AGOSTO Y LATACUNGA LA MANA,32299027,2,2,4,1,2,1,2,1354,723292,9895319,-78.99347198,-0.94649646,NO,NO
5,COTOPAXI,105,PUJILI,4015,TINGO,1,TINGO,1578,ESC. FISCAL ARGENTINA,NO,10 DE AGOSTO,32249186,3,4,7,1,3,1,4,2104,716243,9898376,-79.05680543,-0.91889122,NO,NO
5,COTOPAXI,105,PUJILI,4365,ZUMBAHUA,1,ZUMBAHUA,1579,U.E. DEL MILENIO CACIQUE TUMBALA,SI,AV. QUILOTOA Y PSJ CONDOR MATZI,32672114,6,6,12,1,6,1,6,4200,733838.4538,9893619.092,-78.89873281,-0.96180912,NO,NO
5,COTOPAXI,105,PUJILI,4365,ZUMBAHUA,1,ZUMBAHUA,3152,SALON PARROQUIAL,NO,DOLORES CACUANGO Y QUILOTOA,32672041,2,2,4,9,10,9,10,1400,733848,9893770,-78.8986479,-0.96044469,NO,NO
5,COTOPAXI,105,PUJILI,4365,ZUMBAHUA,1,ZUMBAHUA,3109,CASA DE LA JUVENTUD ALLI KAWSAY,NO,PADRE TONNY BRESIANI Y QUINTISILLI,32672041,2,2,4,7,8,7,8,1400,733965,9893657,-78.89759639,-0.96146569,NO,NO
5,COTOPAXI,105,PUJILI,4365,ZUMBAHUA,1,ZUMBAHUA,3632,U.E. A DISTANCIA MONSEÑOR LEONIDAS PROAÑO,NO,AV. ORIENTE Y QUILOTOA Y ZUMBAHUA,0,4,3,7,11,14,11,13,2450,733808,9893525,-78.89900582,-0.96265999,NO,NO
5,COTOPAXI,105,PUJILI,4365,ZUMBAHUA,1,ZUMBAHUA,6337,UNIDAD EDUCATIVA INTERCULTURAL BILINGUE JATARI UNANCHA,NO,PADRE TONNY BRESCIANI Y MONSEÑOR LEONIDAS PROAÑO,32812590,4,3,7,15,18,14,16,1966,733975,9893783,-78.89750727,-0.96032644,NO,NO
5,COTOPAXI,105,PUJILI,5820,PUJILI,1,PUJILI,1580,U.E. PROVINCIA DE COTOPAXI BLOQUE 2 / ESC. PEDRO VICENTE MALDONADO,NO,JUAN SALINAS Y BELISARIO QUEVEDO,32723154,5,5,10,29,33,29,33,3500,756606.857,9894300.3,-78.69424685,-0.95551812,NO,NO
5,COTOPAXI,105,PUJILI,5820,PUJILI,1,PUJILI,1601,U.E. BELISARIO QUEVEDO BLOQUE 2/ESCUELA PABLO HERRERA,NO,AV. VELASCO IBARRA Y RAFEL MORALES,,5,5,10,24,28,24,28,3500,755957.972,9894089.709,-78.70007301,-0.95742579,NO,NO
5,COTOPAXI,105,PUJILI,5820,PUJILI,1,PUJILI,1602,U.E. BELISARIO QUEVEDO / INSTITUTO BELISARIO QUEVEDO,SI,AV. VELASCO IBARRA Y RAFAEL MORALES,32723152,5,5,10,13,17,13,17,3500,755953.519,9894051.656,-78.70011277,-0.95776981,NO,NO
5,COTOPAXI,105,PUJILI,5820,PUJILI,1,PUJILI,1603,U. E. TÉCNICO PUJILÍ BLOQUE 2,SI,AV. PICHINCHA Y MODESTO VILLAVICENCIO,32723541,6,6,12,1,6,1,6,4200,756118.5386,9893668.86,-78.69862847,-0.96122926,NO,NO
5,COTOPAXI,105,PUJILI,5820,PUJILI,1,PUJILI,1604,U.E. PROVINCIA DE COTOPAXI,SI,AV. VELASCO IBARRA Y TEÓFILO SEGOVIA,32723162,13,9,22,34,46,34,42,7700,757054.0322,9894697.358,-78.69023332,-0.95192604,NO,NO
5,COTOPAXI,105,PUJILI,5820,PUJILI,1,PUJILI,6411,UNIDAD EDUCATIVA. PUJILI BLOQUE UNO,NO,RAFAEL MORALES /RAFAEL VILLACIS,32723541,6,6,12,7,12,7,12,4200,756660,9894031,-78.69376796,-0.95795225,NO,NO
5,COTOPAXI,105,PUJILI,5820,PUJILI,1,PUJILI,6412,ESCUELA DE EDUCACION BASICA SANTA MARIANITA DE JESUS,NO,GABRIELA ALVAREZ Y RAFAEL MORALES,32141149,6,5,11,47,52,43,47,3749,756177,9894055,-78.69810578,-0.95773823,NO,NO
5,COTOPAXI,105,PUJILI,5820,PUJILI,1,PUJILI,6409,U.E. BELISARIO QUEVEDO - ESCUELA 9 DE OCTUBRE,SI,GARCIA MORENO Y PICHINCHA,32723152,6,6,12,18,23,18,23,4200,756199,9894122,-78.69790861,-0.95713242,NO,NO
5,COTOPAXI,110,SALCEDO,135,ANTONIO J. HOLGUIN,0,,1633,UNIDAD EDUCATIVA IGNACIO FLORES,NO,JULIO MANCHENO Y 9 DE OCTUBRE,32260119,2,2,4,3,4,3,4,1038,766635,9878416,-78.60408339,-1.09903937,NO,NO
5,COTOPAXI,110,SALCEDO,135,ANTONIO J. HOLGUIN,0,,6371,SINDICATO DE CHOFERES PROFESIONALES SANTA LUCIA,NO,9 DE OCTUBRE Y MARTIN VILLACIS,32260175,2,2,4,1,2,1,2,1400,766940,9878624,-78.60134584,-1.09715699,NO,NO
5,COTOPAXI,110,SALCEDO,745,CUSUBAMBA,0,,1618,UNIDAD EDUCATIVA. CUSUBAMBA/COL. GRAL. ALBERTO ENRIQUEZ GALLO,NO,JUAN MONTALVO Y 2 DE MAYO,,4,3,7,5,8,5,7,2450,755982,9881615,-78.6997776,-1.07019634,NO,NO
5,COTOPAXI,110,SALCEDO,745,CUSUBAMBA,0,,1619,UNIDAD EDUCATIVA. CUSUBAMBA / JUAN MONTALVO BLOQUE 1,SI,JUAN MONTALVO Y SUCRE,32282005,4,4,8,1,4,1,4,2800,755900.2664,9881667.674,-78.70051201,-1.06972073,NO,NO
5,COTOPAXI,110,SALCEDO,745,CUSUBAMBA,0,,6372,COLISEO GAD PARROQUIAL DE CUSUBAMBA,NO,JUAN MONTALVO Y 2 DE MAYO,32282139,1,1,2,9,9,8,8,707,755883,9881704,-78.70066732,-1.06939246,NO,NO
5,COTOPAXI,110,SALCEDO,2475,MULALILLO,0,,1616,UNIDAD EDUCATIVA LUIS A. MARTINEZ BLOQUE 1,SI,LUIS A MARTINEZ Y ABDÓN CALDERÓN,,5,4,9,1,5,1,4,3150,764000,9879000,-78.62775131,-1.09377934,NO,NO
5,COTOPAXI,110,SALCEDO,2475,MULALILLO,0,,6373,U.E. LUIS A. MARTINEZ BLOQUE DOS,NO,19 DE SEPTIEMBRE Y JOSE PERALTA,32276123,5,4,9,6,10,5,8,2930,764782,9879056,-78.62072888,-1.09326754,NO,NO
5,COTOPAXI,110,SALCEDO,2490,MULLIQUINDIL,0,,1641,UNIDAD EDUCATIVA. EMILIO TERAN BLOQUE 1,SI,VIA SAN ISIDRO,32705292,5,4,9,5,9,5,8,2921,770942.0343,9885703.117,-78.56545647,-1.03313919,NO,NO
5,COTOPAXI,110,SALCEDO,2490,MULLIQUINDIL,0,,5366,UNIDAD EDUCATIVA EMILIO TERAN BLOQUE 2,NO,FRENTE A LA PLAZOLETA MULLIQUINDIL,32705292,4,4,8,1,4,1,4,2800,771031.9735,9885711.487,-78.56464887,-1.03306291,NO,NO
5,COTOPAXI,110,SALCEDO,2760,PANZALEO,0,,1630,UNIDAD EDUCATIVA. JOSE MEJIA LEQUERICA,NO,30 DE AGOSTO Y GUILLERMO PACHECO,32138123,3,2,5,3,5,3,4,1463,767154,9882006,-78.59944807,-1.06658456,NO,NO
5,COTOPAXI,110,SALCEDO,2760,PANZALEO,0,,6390,CENTRO PARROQUIAL PANZALEO/ COLISEO PARROQUIAL,NO,SIXTO SALAZAR Y AMAZONAS,32738099,2,2,4,1,2,1,2,1400,767192,9882016,-78.59910688,-1.0664939,NO,NO
5,COTOPAXI,825,LA MANA,6895,EL TRIUNFO,4,ESTERO HONDO,3209,ESCUELA DE EDUCACION BASICA AZUAY,NO,VIA AL RECINTO LA ENVIDIA,,1,1,2,1,1,1,1,256,694162,9890225,-79.25512637,-0.99270434,NO,NO
5,COTOPAXI,105,PUJILI,4015,TINGO,3,PUEMBO,3108,U.E. BEATRIZ CERDA NETO / BLOQUE 2,NO,PUEMBO E30 Y VIA PRINCIPAL LATACUNGA,32290222,1,1,2,1,1,1,1,376,702052,9896494,-79.18427488,-0.93597714,NO,NO
5,COTOPAXI,930,SIGCHOS,960,CHUGCHILAN,6,SAN MIGUEL DE PILAPUCHIN,3244,ESC. LORENZO LICTA,NO,VIA GUAYAMA LATACUNGA,0,1,1,2,1,1,1,1,243,736287,9908001,-78.87681527,-0.83176804,NO,NO
5,COTOPAXI,110,SALCEDO,6000,SAN MIGUEL DE SALCEDO,2,CHAMBAPONGO,3166,U.E. JOSE EMILIO ALVAREZ,NO,VIA SALCEDO- TENA KM 10,0,1,1,2,1,1,1,1,748,777551,9883460,-78.5060931,-1.05336759,NO,NO
5,COTOPAXI,120,PANGUA,5305,EL CORAZON,2,QUISHPE,3181,U.E. COMUNITARIA INTERCULTURAL ALEJANDRO HUMBOLT,NO,AV. QUISHPE- MINDINA,0,1,1,2,1,1,1,1,281,719183,9869110,-79.03023065,-1.18349694,NO,NO
5,COTOPAXI,110,SALCEDO,6000,SAN MIGUEL DE SALCEDO,1,SAN MIGUEL DE SALCEDO,1606,U.E. CRISTOBAL COLON,NO,SUCRE HERRERA Y RIO AMAZONAS,32726270,7,7,14,16,22,16,22,4900,767782.2034,9884534.636,-78.59382416,-1.04372315,NO,NO
5,COTOPAXI,110,SALCEDO,6000,SAN MIGUEL DE SALCEDO,1,SAN MIGUEL DE SALCEDO,1607,UNIDAD EDUCATIVA FEDERICO GONZALEZ SUAREZ,SI,ROCAFUERTE Y PADRE SALCEDO,32726014,7,7,14,23,29,23,29,4900,768402.5939,9884409.51,-78.58825205,-1.04484989,NO,NO
5,COTOPAXI,110,SALCEDO,6000,SAN MIGUEL DE SALCEDO,1,SAN MIGUEL DE SALCEDO,1586,UNIDAD EDUCATIVA SALCEDO / COL. NACIONAL SALCEDO,SI,CALLE MEJIA Y MANUEL MARIA SALGADO,32726000,9,9,18,1,9,1,9,6300,767631.1315,9884104.666,-78.59517787,-1.0476108,NO,NO
5,COTOPAXI,110,SALCEDO,6000,SAN MIGUEL DE SALCEDO,1,SAN MIGUEL DE SALCEDO,1587,U.E. ROSA ZARATE,SI,RUMIPAMBA DE LAS ROSAS,32726260,6,6,12,10,15,10,15,4200,767848.1741,9884987.628,-78.59323484,-1.03962798,NO,NO
5,COTOPAXI,110,SALCEDO,6000,SAN MIGUEL DE SALCEDO,1,SAN MIGUEL DE SALCEDO,6391,UNIDAD EDUCATIVA. SAN FRANCISCO DE ASIS,NO,SUCRE Y GONZALES SUAREZ,32726146,7,7,14,30,36,30,36,4900,768258,9884600,-78.58955184,-1.04312901,NO,NO
5,COTOPAXI,110,SALCEDO,6000,SAN MIGUEL DE SALCEDO,1,SAN MIGUEL DE SALCEDO,6392,U.E. MUNICIPAL ALICIA MACUARD DE YEROVI,NO,AV. VELASCO IBARRA,32730281,6,6,12,37,42,37,42,4200,768061,9885004,-78.59132372,-1.03947852,NO,NO
5,COTOPAXI,110,SALCEDO,6000,SAN MIGUEL DE SALCEDO,1,SAN MIGUEL DE SALCEDO,6393,SINDICATO DE CHOFERES SAN MIGUEL DE SALCEDO,NO,AV. VELASCO IBARRA KM. 1.5,32726265,6,3,9,43,48,43,45,2713,768127,9885698,-78.59073577,-1.03320484,NO,NO
5,COTOPAXI,115,SAQUISILI,465,CANCHAGUA,1,CANCHAGUA,3167,CENTRO CULTURAL CANCHAGUA / ESC. INDOAMERICA,NO,RODRIGO ITURRALDE Y 6 DE OCTUBRE,32722209,3,3,6,1,3,1,3,2077,757651,9910526,-78.68496048,-0.80883375,NO,NO
5,COTOPAXI,115,SAQUISILI,830,CHANTILIN,0,,3168,CENTRO CULTURAL CHANTILIN,NO,24 DE MAYO Y AV. AMAZONAS,32722189,2,2,4,1,2,1,2,1139,760849.8537,9906559.391,-78.65621323,-0.844674,NO,NO
5,COTOPAXI,115,SAQUISILI,990,COCHAPAMBA,0,,3169,U.E. INTERCULTURAL BILINGUE COCHAPAMBA,NO,VIA SALAMALAG,,4,4,8,1,4,1,4,2370,750160.7,9907204,-78.75221002,-0.83890366,NO,NO
5,COTOPAXI,120,PANGUA,2460,MORASPUNGO,1,MORASPUNGO,1425,U.E. MORASPUNGO,SI,CALLE JUAN MONTALVO,32680025,5,5,10,1,5,1,5,3500,697426,9869868,-79.22569593,-1.17677524,NO,NO
5,COTOPAXI,120,PANGUA,2460,MORASPUNGO,1,MORASPUNGO,1430,U.E. GABRIELA MISTRAL BLOQUE 1,NO,PIRMERO DE JUNIO - MONSEÑOR LEONIDAS PROAÑO,32680085,4,4,8,6,9,6,9,2800,697632,9870053,-79.22384623,-1.17510112,NO,NO
5,COTOPAXI,120,PANGUA,2460,MORASPUNGO,1,MORASPUNGO,6425,U.E. GABRIELA MISTRAL NIVEL INICIAL,NO,1 DE JUNIO,32680085,2,3,5,10,11,10,12,1623,697321,9870011,-79.2266401,-1.1754827,NO,NO
5,COTOPAXI,120,PANGUA,2890,PINLLOPATA,0,,3177,U.E. GONZALO PIZARRO,NO,VIA AL CORAZON,0,2,2,4,1,2,1,2,850,719509,9873457,-79.02732942,-1.1441898,NO,NO
5,COTOPAXI,120,PANGUA,3155,RAMON CAMPAÑA,1,RAMON CAMPAÑA,3179,U.E. WALTER HIMMELMAN,NO,VIA LATACUNGA / VIA AL CORAZON,0,2,2,4,1,2,1,2,1267,712609,9876928,-79.0893349,-1.11284651,NO,NO
5,COTOPAXI,120,PANGUA,5305,EL CORAZON,1,EL CORAZON,1491,U.E. FISCOMISIONAL LA INMACULADA,NO,AV. GRAL. ENRIQUEZ GALLO Y JULIO DOMINGUEZ,,4,4,8,1,4,1,4,2800,713123.9824,9874523.733,-79.08469444,-1.13458333,NO,NO
5,COTOPAXI,120,PANGUA,5305,EL CORAZON,1,EL CORAZON,1525,ESC. PEDRO FERMIN CEVALLOS,NO,ALBERTO FLORES,32684252,3,3,6,5,7,5,7,2100,713335,9874136,-79.08279647,-1.13808802,NO,NO
5,COTOPAXI,120,PANGUA,5305,EL CORAZON,1,EL CORAZON,6423,U.E. PANGUA,SI,GARCIA MORENO,32684544,2,2,4,8,9,8,9,1264,713848,9874598,-79.07819073,-1.13390745,NO,NO
5,COTOPAXI,825,LA MANA,1500,GUASAGANDA,1,GUASAGANDA,1588,U.E. GUASAGANDA PLANTA 1,NO,TILIPULO,32693041,4,4,8,1,4,1,4,2571,704656,9911349,-79.16094724,-0.80163703,NO,NO
5,COTOPAXI,825,LA MANA,2965,PUCAYACO,0,,1589,U.E. PUCAYACU / ESC. BRASIL,SI,ELICEO IBAÑEZ Y BRASIL,32620236,2,2,4,1,2,1,2,1400,709073,9920501,-79.12130573,-0.71886283,NO,NO
5,COTOPAXI,825,LA MANA,2965,PUCAYACO,0,,6438,U.E. PUCAYACU BLOQUE UNO,NO,ASCASUBI Y 7 DE JUNIO,32670056,2,2,4,3,4,3,4,931,709381,9920701,-79.11853983,-0.71705321,NO,NO
5,COTOPAXI,825,LA MANA,6535,LA MANA,0,,1030,U.E. NARCISO CERDA MALDONADO BLOQUE 1,SI,27 DE NOVIEMBRE Y CARLOS LOZADA QUINTANA,32688136,5,5,10,1,5,1,5,3500,697413.05,9896107.884,-79.22594712,-0.93949023,NO,NO
5,COTOPAXI,825,LA MANA,6535,LA MANA,0,,994,U.E. LA MANA (BLOQUE 1) / EX ESC. LUIS ANDINO GALLEGOS,NO,AV. 19 DE MAYO Y JAIME ROLDOS,32688139,6,6,12,17,22,18,23,4200,696723.701,9895843.582,-79.23213877,-0.94188346,NO,NO
5,COTOPAXI,825,LA MANA,6535,LA MANA,0,,391,U.E. LA MANA (BLOQUE 2) / COL. LA MANÁ,SI,AV. 19 DE MAYO Y JAIME ROLDOS,32688371,13,12,25,31,43,32,43,8233,696760,9895894,-79.23181291,-0.94142737,NO,NO
5,COTOPAXI,825,LA MANA,6535,LA MANA,0,,1043,U.E. RAFAEL VASCONEZ GOMEZ / EX ESC. CONSEJO PROVINCIAL DE COTOPAXI,SI,CARLOS LOZADA QUINTANA Y GUAYAQUIL,32688634,4,6,10,13,16,12,17,3500,697192.289,9894989.355,-79.22792523,-0.94960603,NO,NO
5,COTOPAXI,825,LA MANA,6535,LA MANA,0,,6460,INSTITUTO SUPERIOR TECNOLOGICO LA MANA,SI,AMAZONAS Y GRAL. MIGUEL ITURRALDE,0,5,5,10,26,30,27,31,3500,696373,9895673,-79.23528857,-0.94342764,NO,NO
5,COTOPAXI,825,LA MANA,6535,LA MANA,0,,6449,U.E. NARCISO CERDA BLOQUE CUATRO,NO,MANABI Y ESMERALDAS,32688166,3,3,6,10,12,9,11,2100,697544,9896135,-79.22477084,-0.93924442,NO,NO
5,COTOPAXI,825,LA MANA,6535,LA MANA,0,,6451,SINDICATO DE CHOFERES LA MANA,NO,SARGENTO VILLACIS- GONZALO ALBARRACIN,32689199,4,3,7,6,9,6,8,2450,696491,9895730,-79.23422876,-0.94291165,NO,NO
5,COTOPAXI,825,LA MANA,6535,LA MANA,0,,6832,UNIDAD EDUCATIVA RAFAEL VASCONEZ GOMEZ - BLOQUE 1,NO,CALABI Y GUAYAQUIL,32688112,3,3,6,23,25,24,26,2100,697177,9894995.794,-79.22806261,-0.94954787,NO,NO
5,COTOPAXI,930,SIGCHOS,815,PALO QUEMADO,0,,3634,UNIDAD EDUCATIVA JUAN SALINAS,NO,VIAS LAS PAMPAS / LAS PRADERAS,0,1,1,2,1,1,1,1,733,731195,9958576,-78.92272307,-0.37452793,NO,NO
5,COTOPAXI,930,SIGCHOS,960,CHUGCHILAN,1,CHUGCHILAN,1562,UNIDAD EDUCATIVA. JUAN JOSE FLORES,SI,VÍA SIGCHOS/VIA ZUMBAHUA,0,4,4,8,1,4,1,4,2800,731466.1324,9911526.895,-78.92013076,-0.7999126,NO,NO
5,COTOPAXI,930,SIGCHOS,960,CHUGCHILAN,1,CHUGCHILAN,6454,U.E. PCEI MONSEÑOR LEONIDAS PROAÑO,NO,VIA SIGCHOS/ CHUGCHILAN,32708126,3,3,6,5,7,5,7,1583,732283,9912211,-78.91279707,-0.79372368,NO,NO
5,COTOPAXI,930,SIGCHOS,1735,ISINLIVI,1,ISINLIVI,1590,UNIDAD EDUCATIVA. ISINLIVI/ COL. TRAJANO NARANJO,NO,VIA LATACUNGA/BARRIO RUMIBUMBO,,3,3,6,1,3,1,3,1971,737337.439,9915592.229,-78.86741614,-0.76313071,NO,NO
5,COTOPAXI,930,SIGCHOS,2115,LAS PAMPAS,0,,6835,UNIDAD EDUCATIVA SAN FRANCISCO DE LAS PAMPAS,NO,VIA PALO QUEMADO,,3,3,6,1,3,1,3,1792,726277.6031,9952522.265,-78.96687325,-0.42927367,NO,NO
5,COTOPAXI,930,SIGCHOS,6450,SIGCHOS,0,,1609,UNIDAD EDUCATIVA DEL MILENIO SIGCHOS /BLOQUE 1,NO,JOSE GABRIEL TERAN VAREA,,3,3,6,1,3,1,3,2100,735373.39,9922816.629,-78.88508645,-0.697823,NO,NO
5,COTOPAXI,930,SIGCHOS,6450,SIGCHOS,0,,5288,UNIDAD EDUCATIVA. DEL MILENIO SIGCHOS/BLOQUE PRINCIPAL,SI,AV GALO TROYA Y VELASCO IBARRA,33730090,4,4,8,4,7,4,7,2800,735373.39,9922816.629,-78.88508645,-0.697823,NO,NO
5,COTOPAXI,100,LATACUNGA,2620,11 DE NOVIEMBRE,0,,1572,UNIDAD EDUCATIVA LATACUNGA,NO,10 DE AGOSTO Y ILLINCHIZI,32380726,4,3,7,1,4,1,3,2145,759016,9899403,-78.67264162,-0.90937616,NO,NO
5,COTOPAXI,100,LATACUNGA,2920,POALO,0,,1559,UNIDAD EDUCATIVA POALO GARCIA MORENO / BLOQUE 2,SI,SALACHE Y 19 DE MARZO,,6,5,11,3,8,3,7,3641,759011.5,9902301.5,-78.67269858,-0.88317439,NO,NO
5,COTOPAXI,100,LATACUNGA,2920,POALO,0,,6304,GAD PARROQUIAL COLISEO POALO,NO,RUPERTO REINOSO Y SEÑOR DE MACAS,32257130,2,2,4,1,2,1,2,1400,758734,9902180,-78.67518995,-0.8842743,NO,NO
5,COTOPAXI,100,LATACUNGA,3530,SAN JUAN DE PASTOCALLE,1,SAN JUAN DE PASTOCALLE,1788,U.E. PASTOCALLE / BLOQUE 2,NO,24 DE MAYO/PASAJE,32712200,5,4,9,5,9,5,8,3150,763179,9919397,-78.63536266,-0.72861515,NO,NO
5,COTOPAXI,100,LATACUNGA,3530,SAN JUAN DE PASTOCALLE,1,SAN JUAN DE PASTOCALLE,1789,U.E. PASTOCALLE / COLEGIO PASTOCALLE,SI,24 DE MAYO,32712565,5,5,10,10,14,9,13,3371,762783,9919066,-78.63891709,-0.73160913,NO,NO
5,COTOPAXI,100,LATACUNGA,3530,SAN JUAN DE PASTOCALLE,1,SAN JUAN DE PASTOCALLE,6305,UNIDAD EDUCATIVA COMUNITARIA BILINGUE. EL SEMBRADOR,NO,9 DE OCTUBRE Y 24 DE JUNIO,,4,4,8,1,4,1,4,2800,763193,9919665,-78.63523821,-0.72619249,NO,NO
5,COTOPAXI,100,LATACUNGA,3965,TANICUCHI,0,,1790,U. E. MARCO AURELIO SUBIA MARTINEZ BATALLA DE PANUPALI / ESC.BATALLA DE PANUPALI,SI,JUAN MANUEL LASSO Y LEONIDAS PLAZA,,6,6,12,9,14,9,14,4200,762888,9913740,-78.6379482,-0.77975332,NO,NO
5,COTOPAXI,100,LATACUNGA,3965,TANICUCHI,0,,1791,U.E. MARCO AURELIO SUBIA MARTINEZ- BATALLA DE PANUPALI / COLEGIO MARCO AURELIO SUBIA MARTINEZ,NO,JUAN MANUEL LASSO Y LEONIDAS PLAZA,32701125,8,8,16,1,8,1,8,5600,763012,9913817,-78.63683508,-0.77905664,NO,NO
5,COTOPAXI,100,LATACUNGA,3965,TANICUCHI,0,,6311,CENTRO. INTERCULTURAL COMUNITARIO TANICUCHI,NO,LEONIDAS PLAZA Y GENERAL ALBERTO ENRIQUE GALLO,32701090,4,3,7,15,18,15,17,1997,762861,9913608,-78.63818999,-0.78094668,NO,NO
5,COTOPAXI,100,LATACUNGA,4035,TOACAZO,0,,1573,U.E. TOACASO BLOQUE 3 - ESC. SIMON RODRIGUEZ,SI,COTOPAXI Y PICHINCHA,32716142,5,5,10,1,5,1,5,3500,757423,9916384,-78.687037,-0.75587933,NO,NO
5,COTOPAXI,100,LATACUNGA,4035,TOACAZO,0,,1574,U.E. TOACASO - COL. TÉCNICO TOACASO,NO,CALLE ORIENTE Y POLICARPA TINAJERO,32716142,5,5,10,6,10,6,10,3500,757854,9916257,-78.68316595,-0.75702531,NO,NO
5,COTOPAXI,100,LATACUNGA,4035,TOACAZO,0,,6312,U.E. TOACASO BLOQUE 2,NO,PICHINCHA Y COTOPAXI,32716144,6,5,11,11,16,11,15,3306,757407,9916448,-78.68718098,-0.75530085,NO,NO
5,COTOPAXI,100,LATACUNGA,5310,ELOY ALFARO / SAN FELIPE,0,,406,U. E. LIC. JAIME ANDRADE FABARA,NO,RIO YANAYACHO Y RIO PITA,32811533,6,6,12,21,26,18,23,4200,764549.323,9896500.926,-78.6229336,-0.93557671,NO,NO
5,COTOPAXI,100,LATACUNGA,5310,ELOY ALFARO / SAN FELIPE,0,,324,U.E. JORGE ICAZA,SI,TANICUCHI Y SAQUISILI- SALCEDO,32802286,6,6,12,8,13,6,11,4200,764258.2261,9897230.675,-78.62555211,-0.92898196,NO,NO
5,COTOPAXI,100,LATACUNGA,5310,ELOY ALFARO / SAN FELIPE,0,,366,U.E. ANA PAEZ MANUEL SALCEDO/ ESCUELA MANUEL SALCEDO,NO,AV. IVERO AMERICANO Y AV. 5 DE JUNIO,0,5,5,10,31,35,28,32,3500,763841.325,9896934.991,-78.62929417,-0.93165732,NO,NO
5,COTOPAXI,100,LATACUNGA,5310,ELOY ALFARO / SAN FELIPE,0,,354,U.E. ANA PAEZ MANUEL SALCEDO/ ESCUELA ANA PAEZ,SI,AV. MANUEL TERAN AV. 5 DE JUNIO,0,12,12,24,36,47,33,44,8123,764031.961,9897006.029,-78.62758265,-0.93101401,NO,NO
5,COTOPAXI,100,LATACUNGA,5310,ELOY ALFARO / SAN FELIPE,0,,1560,ESC. DE EDUCACION BASICA CLUB ROTARIO,SI,ALBERTO VAREA QUEVEDO Y DEMETRIO AGUILERA MALTA,32802013,7,5,12,1,7,1,5,4200,765372.489,9895626.78,-78.6155361,-0.94347342,NO,NO
5,COTOPAXI,100,LATACUNGA,5310,ELOY ALFARO / SAN FELIPE,0,,6331,U.E. JUAN ABEL ECHEVERRIA,SI,AV SIMON RODRIGUEZ Y HONDURAS,0,7,6,13,14,20,12,17,4550,763425,9898685,-78.63304332,-0.91584061,NO,NO
5,COTOPAXI,100,LATACUNGA,5310,ELOY ALFARO / SAN FELIPE,0,,8015,U.E. MONSEÑOR LEONIDAS PROAÑO/LATACUNGA,NO,AV INDOAMÉRICA Y MEXICO,32252225,4,4,8,27,30,24,27,2800,763662.1,9898267.1,-78.63091164,-0.9196168,NO,NO
5,COTOPAXI,825,LA MANA,6895,EL TRIUNFO,1,EL TRIUNFO,7934,U.E. CARLOTA JARAMILLO,NO,BARRIO EL PRADO CALLE PUJILI Y RIO COCA,,4,4,8,1,4,1,4,2862,694982.9,9895029.9,-79.24777389,-0.94924956,NO,NO
5,COTOPAXI,825,LA MANA,6895,EL TRIUNFO,3,CHIPE HAMBURGO 2,3207,UNIDAD EDUCATIVA. CHIPEHAMBURGO,NO,DEL PARQUE CENTRAL A DOS CUADRAS ARRIBA,0,1,1,2,1,1,1,1,586,688426,9890805,-79.30666134,-0.98748619,NO,NO
5,COTOPAXI,825,LA MANA,6895,EL TRIUNFO,2,CHIPE HAMBURGO 1,3206,ESC. MEDARDO ANGEL SILVA,NO,14 DE DICIEMBRE,32679103,1,1,2,1,1,1,1,437,689018,9893168,-79.30135348,-0.96611418,NO,NO
5,COTOPAXI,825,LA MANA,1500,GUASAGANDA,2,QUINDIGUA,3183,ESC. DE EDUCACION BASICA 18 DE JUNIO,NO,VIA CHUGCHILAN,0,1,1,2,1,1,1,1,109,720071,9916280,-79.02250124,-0.75698658,NO,SI
5,COTOPAXI,825,LA MANA,1500,GUASAGANDA,3,MALQUI,3182,ESC. DE EDUCACION BASICA CIUDAD DE ASUNCION,NO,VIA QUINDIGUA,0,1,1,2,1,1,1,1,151,714855,9919144,-79.069364,-0.73111119,NO,NO
5,COTOPAXI,105,PUJILI,125,ANGAMARCA,4,PIGUA-QUINDIGUA,3245,U.E. COMUNITARIA INTERCULTURAL BILINGUE CHONE,SI,CENTRO DE LA COMUNIDAD,0,1,1,2,1,1,1,1,289,734427.44,9882477.8,-78.89337756,-1.06253571,NO,NO
5,COTOPAXI,825,LA MANA,6880,EL CARMEN,0,,1000,UNIDAD EDUCATIVA FEDERACION DEPORTIVA DE COTOPAXI / BLOQUE 1,SI,ARGENTINA Y SAN VICENTE,32688980,7,6,13,1,7,1,6,4217,698067,9896922,-79.22007601,-0.93212526,NO,NO
5,COTOPAXI,115,SAQUISILI,6070,SAQUISILI,0,,1801,ESC. DE EDUCACION BASICA NACIONES UNIDAS,NO,GONZALEZ SUAREZ Y MANUEL J. CALLE,32722233,4,3,7,1,4,1,3,2450,759359.571,9907747.238,-78.66960261,-0.83394425,NO,NO
5,COTOPAXI,115,SAQUISILI,6070,SAQUISILI,0,,1802,UNIDAD EDUCATIVA SAQUISILI,SI,24 DE MAYO Y MANABI,32725117,6,7,13,5,10,4,10,4550,759699.9284,9907718.781,-78.66654598,-0.83419967,NO,NO
5,COTOPAXI,115,SAQUISILI,6070,SAQUISILI,0,,1803,UNIDAD EDUCATIVA REPÚBLICA DE COLOMBIA,SI,BARRENO,32722234,4,4,8,11,14,11,14,2800,759370.381,9907164.5,-78.66950243,-0.83921201,NO,NO
5,COTOPAXI,115,SAQUISILI,6070,SAQUISILI,0,,6420,U.E. NUESTRA SEÑORA DE POMPEYA,NO,MARISCAL SUCRE Y SIMON BOLIVAR,0,3,3,6,15,17,15,17,2100,759756,9907319,-78.66604031,-0.83781329,NO,NO
5,COTOPAXI,115,SAQUISILI,6070,SAQUISILI,0,,6430,U.E. MARISCAL ANTONIO JOSÉ DE SUCRE,NO,9 DE OCTUBRE Y VIA QUITO,,5,4,9,18,22,18,21,3150,759751,9906787,-78.66608236,-0.84262246,NO,NO
5,COTOPAXI,115,SAQUISILI,6070,SAQUISILI,0,,6432,SINDICATO DE CHOFERES SAQUISILI,NO,SIMON BOLIVAR Y BARTOLOME DE LAS CASAS,32721195,3,2,5,23,25,22,23,1509,759824,9907465,-78.66543044,-0.83649312,NO,NO
5,COTOPAXI,105,PUJILI,5820,PUJILI,2,JUIGUA YACYBAMBA,3633,ESC. POLICARPA SALAVARRIETA,NO,VIA A YACUBAMBA,0,1,1,2,1,1,1,1,607,752641,9884854,-78.72980473,-1.04093786,NO,NO
5,COTOPAXI,105,PUJILI,1430,GUANGAJE,2,YAGUARTOA,3631,ESC. DR. CARLOS GUEVARA MORENO,NO,TIGUA YAGUARTOA VIA CHAMI,0,2,2,4,1,2,1,2,1337,738427,9897047,-78.85753842,-0.93079187,NO,NO
5,COTOPAXI,105,PUJILI,2865,PILALO,2,APAGUA,3265,UNIDAD EDUCATIVA. GENERAL CONDORAZO,NO,VIA ANGAMARCA LA MANA,0,1,1,2,1,1,1,1,499,730383,9892755,-78.929765,-0.96964077,NO,NO
5,COTOPAXI,120,PANGUA,2460,MORASPUNGO,2,GUAPARA,3171,U.E. GUAPARA,NO,VIA QUEVEDO Y MORASPUNGO,0,2,3,5,1,2,1,3,1489,692863.2019,9877388.237,-79.26673068,-1.10879485,NO,NO
5,COTOPAXI,120,PANGUA,2460,MORASPUNGO,3,PIEDACITA,3172,ESC. EL QUITEÑO LIBRE,NO,COLOPE LA MANA,0,1,1,2,1,1,1,1,667,688649,9886378,-79.30463719,-1.02751985,NO,NO
5,COTOPAXI,105,PUJILI,125,ANGAMARCA,2,CHINE ALTO,3138,UNIDAD EDUCATIVA. TUNGURAHUA,NO,CHINE ALTO / VIA ANGAMARCA SINATUC,0,1,1,2,1,1,1,1,205,732143,9874236,-78.91384516,-1.13706585,NO,NO
5,COTOPAXI,105,PUJILI,125,ANGAMARCA,3,MOCATA,3107,ESCUELA DE EDUCACION BASICA PIO JARAMILLO ALVARADO,NO,VIA ANGAMARCA/ EL CORAZON,0,1,1,2,1,1,1,1,180,730670,9883586,-78.92713453,-1.0525391,NO,NO
5,COTOPAXI,930,SIGCHOS,960,CHUGCHILAN,4,GUAYAMA SAN PEDRO QUILOTOA,3225,CECIB BELÉN 15 DE JULIO,NO,VIA CHAUPI,0,1,1,2,1,1,1,1,584,732761,9908835,-78.90848823,-0.82424468,NO,NO
5,COTOPAXI,930,SIGCHOS,1735,ISINLIVI,2,GUANTOALO,3219,UNIDAD EDUCATIVA. MARIANO MONTES,NO,VIA ISINLIVI,0,1,1,2,1,1,1,1,533,735546,9913577,-78.88349661,-0.78135856,NO,NO
5,COTOPAXI,115,SAQUISILI,465,CANCHAGUA,2,YANAHURCO GRANDE,3170,UNIDAD EDUCATIVA DEL MILENIO CHARLES DARWIN,NO,VIA YANAHURCO GRANDE E ISINLIVI,0,1,1,2,1,1,1,1,178,747355.71,9912512.51,-78.77742745,-0.79092687,NO,NO
5,COTOPAXI,930,SIGCHOS,6450,SIGCHOS,0,,6444,UNIDAD EDUCATIVA COSMOPOLITA JUAN MONTALVO / BLOQUE 1,NO,TUNGURAHUA Y HUALAYA,0,2,2,4,8,9,8,9,1350,734592,9921888,-78.89210056,-0.70622203,NO,NO
5,COTOPAXI,930,SIGCHOS,6450,SIGCHOS,0,,6445,UNIDAD EDUCATIVA COSMOPOLITA JUAN MONTALVO / BLOQUE 2,NO,TUNGURAHUA E ILINIZAS,0,2,2,4,10,11,10,11,1350,734626,9921807,-78.89179487,-0.70695422,NO,NO
6,CHIMBORAZO,195,RIOBAMBA,6290,YARUQUIES,0,,451,UNIDAD EDUCATIVA YARUQUIES,SI,QUIS QUIS Y PINTOR CARRILLO,,6,4,10,1,6,1,4,3500,758697.7311,9813172.399,-78.67478691,-1.68888271,NO,NO
6,CHIMBORAZO,195,RIOBAMBA,6290,YARUQUIES,0,,6303,UNIDAD EDUCATIVA ADOLFO KOLPING,NO,CALLE 24 DE MAYO VIA A PUCTUS,32618350,4,4,8,7,10,5,8,2556,758663.8208,9813030.058,-78.67509,-1.6901698,NO,NO
6,CHIMBORAZO,200,GUANO,40,SANTA FE DE GALAN,0,,811,ESCUELA DE EDUCACION BASICA JOSE ANTONIO LIZARZABURU,NO,AV. 4 DE OCTUBRE Y RAMOS COCHA,,2,2,4,1,2,1,2,992,771191,9835026,-78.56279409,-1.49120952,NO,NO
6,CHIMBORAZO,200,GUANO,45,SAN JOSE DEL CHAZO,0,,1396,JUNTA PARROQUIAL SAN JOSE DE CHAZO,NO,21 DE ENERO,,2,2,4,1,2,1,2,1076,772305,9830647,-78.55274432,-1.53077988,NO,NO
6,CHIMBORAZO,200,GUANO,410,VALPARAISO,0,,948,ESCUELA URUGUAY,NO,MARIANO VILLACRES Y JOSE RODRIGUEZ,3029724,1,1,2,1,1,1,1,438,766983,9826269,-78.60050108,-1.57040815,NO,NO
6,CHIMBORAZO,200,GUANO,1415,GUANANDO,0,,3105,ESCUELA QUIS QUIS,NO,VIA PRINCIPAL,,1,1,2,1,1,1,1,613,773331,9828999,-78.5435121,-1.54566534,NO,NO
6,CHIMBORAZO,200,GUANO,1705,ILAPO,0,,531,UNIDAD EDUCATIVA MANUEL RODRIGUEZ OROZCO -EX ESCUELA JULIO ANDRADE-,SI,VIA A SANTA FE DE GALAN,33020050,3,3,6,1,3,1,3,1951,768406.1408,9829357.901,-78.58775,-1.54247222,NO,NO
6,CHIMBORAZO,200,GUANO,2080,LA PROVIDENCIA,0,,578,SALON DE ACTOS DE LA JUNTA PARROQUIAL (EX ESCUELA 2 DE DICIEMBRE),NO,VIA A GUANANDO,,1,1,2,1,1,1,1,565,773411,9828293,-78.54278621,-1.55204595,NO,NO
6,CHIMBORAZO,200,GUANO,3295,SAN ANDRES,1,SAN ANDRES,859,UNIDAD EDUCATIVA SAN ANDRES -EX ESCUELA IMBABURA-,SI,CESAR NAVEDA Y BOLIVAR CHIRIBOGA,,8,8,16,9,16,8,15,5521,755606.696,9824049.999,-78.70266667,-1.59058333,NO,NO
6,CHIMBORAZO,200,GUANO,3295,SAN ANDRES,1,SAN ANDRES,844,UNIDAD EDUCATIVA SAN ANDRES -EX ESCUELA DOCTOR CESAR NAVEDA-,SI,CESAR NAVEDA Y DESIDERIO MANTILLA,32904181,8,7,15,1,8,1,7,5250,755497.0658,9824011.226,-78.70365108,-1.59093495,NO,NO
6,CHIMBORAZO,200,GUANO,3425,SAN GERARDO / PAQUICAHUAN,0,,668,UNIDAD EDUCATIVA SAN GERARDO,SI,AV. 24 DE MAYO Y VELASCO IBARRA,2368324,3,3,6,1,3,1,3,1879,765211.3849,9818556.906,-78.61633333,-1.64013889,NO,NO
6,CHIMBORAZO,200,GUANO,3450,SAN ISIDRO DE PATULU,1,SAN ISIDRO DE PATULU,412,UNIDAD EDUCATIVA SAN ISIDRO -EX COLEGIO TENIENTE HUGO ORTIZ-,SI,CHIMBORAZO Y LABRADOR,2904242,5,5,10,1,5,1,5,3237,757032.8134,9824555.422,-78.68986111,-1.586,NO,NO
6,CHIMBORAZO,200,GUANO,5315,EL ROSARIO,1,EL ROSARIO,1426,SOCIEDAD OBRERA EL ROSARIO,NO,AV 20 DE DICIEMBRE Y ASUNCION PARQUE INFANTIL,,4,3,7,1,4,1,3,2475,762012.9146,9822173.079,-78.64510199,-1.60748455,NO,NO
6,CHIMBORAZO,190,CHAMBO,5475,CHAMBO,1,CHAMBO,183,COLEGIO BACHILLERATO CHAMBO,SI,JOAQUIN GAVILANEZ Y CACIQUE ACHAMBA,2910129,9,10,19,9,17,7,16,6301,767519.1685,9808369.253,-78.59549058,-1.73220232,NO,SI
6,CHIMBORAZO,190,CHAMBO,5475,CHAMBO,1,CHAMBO,227,ESCUELA DE EDUCACION BASICA LEOPOLDO FREIRE,SI,AV. 18 DE MARZO Y SOR MARGARITA GUERRERO,,8,6,14,1,8,1,6,4900,767334.09,9808735.659,-78.59715729,-1.72889242,NO,NO
6,CHIMBORAZO,195,RIOBAMBA,420,CACHA,0,,6329,UNIDAD EDUCATIVA INTERCULTURAL SHIRY CACHA,SI,CACHA OBRAJE,23030522,5,4,9,1,5,1,4,3079,755285,9810420,-78.70541498,-1.71380089,NO,NO
6,CHIMBORAZO,195,RIOBAMBA,445,CALPI,1,CALPI,856,COLISEO DE CALPI,NO,GARCIA MORENO Y SUCRE,,3,2,5,7,9,7,8,1387,751052.7402,9817864.321,-78.7435132,-1.64654841,NO,NO
6,CHIMBORAZO,195,RIOBAMBA,445,CALPI,1,CALPI,801,UNIDAD EDUCATIVA TECNICA FISCAL VICTOR PROAÑO CARRION -EX ESCUELA BASICA ECUADOR-,NO,GARCIA MORENO Y RAFAEL BADILLO,,3,3,6,4,6,4,6,2100,751068,9817848,-78.74337595,-1.6466958,NO,NO
6,CHIMBORAZO,195,RIOBAMBA,445,CALPI,1,CALPI,584,UNIDAD EDUCATIVA VICTOR PROAÑO CARRION,SI,AV.SIMON BOLIVAR Y RAFAEL BADILLO,32620027,3,3,6,1,3,1,3,2100,751263.6082,9817746.419,-78.74161769,-1.6476121,NO,SI
6,CHIMBORAZO,195,RIOBAMBA,705,CUBIJIES,0,,716,UNIDAD EDUCATIVA ANDOAS -EX ESCUELA BELISARIO QUEVEDO-,NO,CHIMBORAZO Y PRINCESA TOA,,4,3,7,1,4,1,3,2185,768451.189,9817741.826,-78.58722301,-1.64747142,NO,NO
6,CHIMBORAZO,195,RIOBAMBA,1280,FLORES,1,FLORES,760,UNIDAD EDUCATIVA 21 DE ABRIL -EX COLEGIO TECNICO 21 DE ABRIL-,SI,VÍA GUAMOTE,3017944,3,2,5,1,3,1,2,1750,761958,9798903,-78.64533838,-1.81783601,NO,NO
6,CHIMBORAZO,195,RIOBAMBA,1280,FLORES,1,FLORES,822,UNIDAD EDUCATIVA 21 DE ABRIL -EX ESCUELA PROVINCIA DE PASTAZA-,SI,CAMINO ANTIGUO A CEBADAS,3017944,3,3,6,4,6,3,5,1864,761798,9798980,-78.64677666,-1.81714185,NO,NO
6,CHIMBORAZO,195,RIOBAMBA,2160,LICAN,0,,683,ESCUELA SIMON RODRIGUEZ,SI,ATACAMES Y SALASACAS,32303391,6,5,11,1,6,1,5,3850,755063.3026,9817114.118,-78.70747733,-1.65328883,NO,NO
6,CHIMBORAZO,195,RIOBAMBA,2160,LICAN,0,,692,COLISEO JUAN CANTOS,NO,PLAZA CENTRAL,,4,4,8,7,10,6,9,2369,755237.0913,9817297.765,-78.70591806,-1.65162685,NO,NO
6,CHIMBORAZO,195,RIOBAMBA,2165,LICTO,1,LICTO,57,UNIDAD EDUCATIVA LICTO -EX ESCUELA JOSE FELIX HEREDIA-,SI,GONZALES SUAREZ Y BOLIVAR,32334155,4,4,8,1,4,1,4,2800,766672.3367,9800078.944,-78.6030013,-1.80715026,NO,NO
6,CHIMBORAZO,195,RIOBAMBA,2165,LICTO,1,LICTO,2,UNIDAD EDUCATIVA LICTO -ESCUELA ROSA ZÁRATE-,NO,BOLIVAR Y ORIENTE,32334157,4,2,6,5,8,5,6,2100,766811,9800157,-78.60175658,-1.80644304,NO,NO
6,CHIMBORAZO,195,RIOBAMBA,2165,LICTO,1,LICTO,110,UNIDAD EDUCATIVA LICTO -EX COLEGIO TÉCNICO LICTO-,NO,BOLÍVAR Y MANUELA SAENZ,32334128,4,4,8,9,12,7,10,2584,766699,9800190,-78.6027631,-1.80614608,NO,NO
6,CHIMBORAZO,195,RIOBAMBA,3040,PUNIN,1,PUNIN,678,UNIDAD EDUCATIVA CONDORAZO -EX COLEGIO TECNICO INDUSTRIAL CONDORAZO-,SI,JAVIER SAENZ Y CALLE LARGA,2337039,5,5,10,1,5,1,5,3500,760993.8242,9804735.461,-78.65406728,-1.76512429,NO,NO
6,CHIMBORAZO,195,RIOBAMBA,3040,PUNIN,1,PUNIN,6314,UNIDAD EDUCATIVA CONDORAZO -EX ESCUELA BENITO JUAREZ-,NO,VIA PRINCIPAL A MACAS,32929018,4,3,7,6,9,6,8,2026,761664,9807470,-78.6480777,-1.74039762,NO,NO
6,CHIMBORAZO,195,RIOBAMBA,3095,QUIMIAG,1,QUIMIAG,491,ESCUELA DE EDUCACION BASICA BERNARDO CASTILLO,NO,VIA PRINCIPAL ENTRADA A QUIMIAG,3240080,3,3,6,4,6,4,6,1954,770467,9816618,-78.56910393,-1.65760758,NO,NO
6,CHIMBORAZO,195,RIOBAMBA,3095,QUIMIAG,1,QUIMIAG,587,UNIDAD EDUCATIVA RODRIGO BARRENO COBO,SI,VIA A BALCASHI AV. RODRIGO BARRENO,32340082,3,3,6,1,3,1,3,2100,770659.1103,9816409.673,-78.56737603,-1.65948852,NO,NO
6,CHIMBORAZO,195,RIOBAMBA,3515,SAN JUAN,0,,487,UNIDAD EDUCATIVA SAN JUAN BAUTISTA -ESCUELA DE EDUCACIÓN BÁSICA SAN JUAN BAUTISTA-,SI,BARRIO SAN VICENTE,32933008,6,5,11,1,6,1,5,3850,746376.4495,9819716.498,-78.78554127,-1.62985134,NO,NO
6,CHIMBORAZO,195,RIOBAMBA,3515,SAN JUAN,0,,6313,UNIDAD EDUCATIVA SAN JUAN BAUTISTA,NO,SAN JUAN CALLE GERARDO ARIAS CALLE G,32933008,5,5,10,7,11,6,10,3188,746562,9818924,-78.78386651,-1.63701401,NO,NO
6,CHIMBORAZO,195,RIOBAMBA,3560,SAN LUIS,1,SAN LUIS,846,CENTRO DE EDUCACION BASICA SAN LUIS REY DE FRANCIA,SI,CHIMBORAZO E INDEPENDENCIA,32935185,5,5,10,1,5,1,5,3500,761889.3969,9810949,-78.64609157,-1.7089465,NO,NO
6,CHIMBORAZO,195,RIOBAMBA,3560,SAN LUIS,1,SAN LUIS,6327,UNIDAD EDUCATIVA MILTON REYES,NO,AV. PANAMERICANA VIA A SAN LUIS,32935106,5,4,9,6,10,6,9,2699,762489,9811182,-78.64070787,-1.70683364,NO,NO
6,CHIMBORAZO,195,RIOBAMBA,5590,LIZARZABURU,0,,1497,UNIDAD EDUCATIVA ANDA AGUIRRE -EX ESCUELA ARNALDO MERINO-,SI,AV. CANONIGO RAMOS,32306523,10,8,18,46,55,46,53,6300,759799.9775,9816461.353,-78.66492047,-1.65913969,NO,NO
6,CHIMBORAZO,195,RIOBAMBA,5590,LIZARZABURU,0,,845,UNIDAD EDUCATIVA RIOBAMBA,SI,AV. LIZARZABURU Y AV. LA PRENSA,32306477,16,16,32,30,45,30,45,11200,759986.4024,9816342.883,-78.66324456,-1.66020864,NO,SI
6,CHIMBORAZO,195,RIOBAMBA,5590,LIZARZABURU,0,,677,UNIDAD EDUCATIVA NICANOR LARREA,SI,AVENIDA DANIEL LEON BORJA Y URUGUAY,,10,10,20,1,10,1,10,7000,760713.4956,9815562.684,-78.65670479,-1.66725355,NO,NO
6,CHIMBORAZO,195,RIOBAMBA,5590,LIZARZABURU,0,,680,UNIDAD EDUCATIVA VICENTE ANDA AGUIRRE,SI,AVENIDA CANONIGO RAMOS,2306608,10,10,20,11,20,11,20,7000,759846.8843,9816446.925,-78.66449895,-1.65926962,NO,NO
6,CHIMBORAZO,195,RIOBAMBA,5590,LIZARZABURU,0,,707,UNIDAD EDUCATIVA CAMILO GALLEGOS TOLEDO,SI,AV.CANONIGO RAMOS Y AV. 11 DE NOVIEMBRE,32607419,9,9,18,21,29,21,29,6300,759199.973,9816744.58,-78.6703133,-1.6565858,NO,NO
6,CHIMBORAZO,195,RIOBAMBA,5590,LIZARZABURU,0,,5294,UNIDAD EDUCATIVA CAPITAN EDMUNDO CHIRIBOGA GONZALEZ,SI,AV 9 DE OCTUBRE Y GARCIA MORENO,32940845,12,12,24,56,67,54,65,8400,760434.7567,9814488.456,-78.65919718,-1.67696718,NO,NO
6,CHIMBORAZO,195,RIOBAMBA,5590,LIZARZABURU,0,,7026,ESCUELA DE EDUCACION BASICA SAN FELIPE NERI,NO,AV. SAINT AMAND MONTROND Y MANUEL QUIROLA,32601269,13,7,20,68,80,66,72,7063,759291.8755,9816215.397,-78.66948214,-1.66136848,NO,NO
6,CHIMBORAZO,195,RIOBAMBA,5630,MALDONADO,0,,425,UNIDAD EDUCATIVA SANTA MARIANA DE JESUS,SI,5 DE JUNIO Y ARGENTINOS,32960966,8,8,16,1,8,1,8,5600,761826.9649,9815042.96,-78.64669699,-1.67193962,NO,NO
6,CHIMBORAZO,195,RIOBAMBA,5630,MALDONADO,0,,614,UNIDAD EDUCATIVA SAN FELIPE NERI,SI,JUAN DE VELASCO 24-38 Y VELOZ,32961506,12,12,24,9,20,9,20,8400,761896.4574,9814855.697,-78.64607072,-1.67363164,NO,NO
6,CHIMBORAZO,195,RIOBAMBA,5630,MALDONADO,0,,624,UNIDAD EDUCATIVA JUAN DE VELASCO,SI,PEDRP BEDON Y CUBA,32962873,11,11,22,21,31,21,31,7700,762871.0072,9815063.48,-78.6373187,-1.67174279,NO,NO
6,CHIMBORAZO,195,RIOBAMBA,5630,MALDONADO,0,,6346,UNIDAD EDUCATIVA AMELIA GALLEGOS -EX ESCUELA MAGDALENA DAVALOS-,NO,PRIMERA CONSTITUYENTE Y BENALCAZAR,,7,2,9,44,50,44,45,3117,761836,9814711,-78.64661225,-1.67494029,NO,NO
6,CHIMBORAZO,195,RIOBAMBA,5630,MALDONADO,0,,6308,UNIDAD EDUCATIVA CARLOS CISNEROS,NO,LA PAZ Y MEXICO,32961331,12,12,24,32,43,32,43,8400,762997.1387,9814571.712,-78.63618035,-1.67618675,NO,NO
6,CHIMBORAZO,195,RIOBAMBA,6220,VELASCO,0,,488,UNIDAD EDUCATIVA LA SALLE,SI,VENEZUELA ENTRE LARREA Y COLON,32966170,10,10,20,14,23,13,22,7000,761828.9836,9815473.464,-78.64668348,-1.66804803,NO,NO
6,CHIMBORAZO,195,RIOBAMBA,6220,VELASCO,0,,398,UNIDAD EDUCATIVA SALESIANOS -STAR-,SI,GONZALO DAVALOS Y NOGALES,32900656,13,12,25,1,13,1,12,8750,760809.9512,9816372.156,-78.65584698,-1.6599352,NO,SI
6,CHIMBORAZO,195,RIOBAMBA,6220,VELASCO,0,,6333,UNIDAD EDUCATIVA JOSE MARIA ROMAN,NO,BRASIL 30-27 Y NUEVA YORK,32965173,8,6,14,24,31,23,28,4900,761117,9816191,-78.65308685,-1.66156948,NO,NO
6,CHIMBORAZO,195,RIOBAMBA,6220,VELASCO,0,,6513,UNIDAD EDUCATIVA PEDRO VICENTE MALDONADO -CAMPUS NORTE-,NO,AV. ANTONIO JOSE DE SUCRE VIA A GUANO KM 2,32960211,12,10,22,42,53,39,48,7613,761769,9816509,-78.64723341,-1.65868789,NO,NO
6,CHIMBORAZO,195,RIOBAMBA,6220,VELASCO,0,,6347,"UNIDAD EDUCATIVA FISCOMISIONAL DE FUERZAS ARMADAS COLEGIO MILITAR N.-6 ""COMBATIENTES DE TAPI""",NO,AV. DE LOS HEROES Y ANTONIO JOSE DE SUCRE,,10,10,20,32,41,29,38,7000,761426.3332,9816172.067,-78.65030794,-1.66173731,NO,NO
6,CHIMBORAZO,195,RIOBAMBA,6230,VELOZ,0,,1823,UNIDAD EDUCATIVA SAN VICENTE DE PAUL,SI,ESPEJO ENTRE VILLARROEL,32960358,10,6,16,17,26,17,22,5600,761373,9814666,-78.65077086,-1.6753521,NO,NO
6,CHIMBORAZO,195,RIOBAMBA,6230,VELOZ,0,,460,UNIDAD EDUCATIVA ISABEL DE GODIN,SI,JUAN DE VELASCO Y BARON DE CARONDELET,32943843,16,16,32,1,16,1,16,11200,761339.8731,9814226.181,-78.6510637,-1.67932823,NO,SI
6,CHIMBORAZO,195,RIOBAMBA,6230,VELOZ,0,,6321,UNIDAD EDUCATIVA FERNANDO DAQUILEMA,NO,AV. LEOPOLDO FREIRE Y LUXEMBURGO,32626210,10,10,20,27,36,23,32,6641,763239.2602,9813318.177,-78.63399175,-1.68751539,NO,NO
6,CHIMBORAZO,220,CHUNCHI,2260,LLAGOS,2,JOYAGSHI,105,UNIDAD EDUCATIVA QUITUMBE,NO,PANAMERICANA SUR VIA A CUENCA,32352279,1,1,2,1,1,1,1,354,725979,9737428,-78.96787846,-2.37405528,NO,NO
6,CHIMBORAZO,210,GUAMOTE,2730,PALMIRA,2,TIPIN,3142,CASA COMUNAL TIPIN,NO,PLAZA CENTRAL,32000000,1,1,2,1,1,1,1,378,741651,9768071,-78.82742109,-2.09680787,SI,NO
6,CHIMBORAZO,195,RIOBAMBA,1280,FLORES,2,GUANTUL GRANDE,747,ESCUELA OSCAR EFREN REYES,NO,GUANTUL GRANDE,,1,1,2,1,1,1,1,183,760432,9796541,-78.65901974,-1.83920553,NO,NO
6,CHIMBORAZO,215,ALAUSI,5010,ALAUSI,2,NIZAG,3089,UNIDAD EDUCATIVA INTERCULTURAL BILINGUE NIZAG,NO,NIZAG ALTO,32930538,1,1,2,1,1,1,1,496,740705,9752814,-78.83572627,-2.23475349,NO,NO
6,CHIMBORAZO,205,COLTA,1865,JUAN DE VELASCO / PONGOR,2,TAMBILLO BAJO,3100,CASA COMUNAL TAMBILLO BAJO,NO,VIA PRINCIPAL TRIGOLOMA-CAÑI-TAMBILLO BAJO,32000000,1,1,2,1,1,1,1,188,722521.2823,9793554.317,-78.9996112,-1.86662712,SI,NO
6,CHIMBORAZO,215,ALAUSI,1660,HUIGRA,0,,577,COLISEO DE LA PARROQUIA HUIGRA,NO,GUAYAQUIL,0,3,3,6,1,3,1,3,1654,724080.5184,9746434.587,-78.98505944,-2.29264706,NO,NO
6,CHIMBORAZO,215,ALAUSI,2485,MULTITUD,0,,3095,UNIDAD EDUCATIVA MULTITUD -EX ESCUELA FISCAL MIXTA LUIS FELIPE BORJA-,NO,ROSALINO MOYA Y FEDERICO GONZALEZ SUAREZ,,2,2,4,1,2,1,2,1338,722724,9766752,-78.99749749,-2.10896201,SI,NO
6,CHIMBORAZO,215,ALAUSI,2905,PISTISHI,0,,3101,ESCUELA ARENILLAS,NO,COMUNIDAD TOLTE,,1,1,2,1,1,1,1,301,735852,9750951,-78.87931694,-2.25166076,NO,NO
6,CHIMBORAZO,215,ALAUSI,3025,PUMALLACTA,0,,3091,SALON DE ACTOS PUMALLACTA,NO,16 DE JULIO Y ANTONIO JOSE DE SUCRE,,1,1,2,1,1,1,1,581,743600,9750041,-78.80967151,-2.25978405,NO,NO
6,CHIMBORAZO,215,ALAUSI,3820,SEVILLA,0,,3099,ESCUELA DE EDUCACION BASICA ESPAÑA,NO,15 DE AGOSTO Y SIMON BOLIVAR,33026201,1,1,2,1,1,1,1,632,741950,9748382,-78.82447786,-2.27480483,NO,NO
6,CHIMBORAZO,215,ALAUSI,3845,SIBAMBE,0,,777,UNIDAD EDUCATIVA SIBAMBE,SI,AV PEDRO VICENTE MALDONADO Y CUENCA,32343066,4,4,8,1,4,1,4,2360,734639,9753614,-78.89025321,-2.22760048,NO,NO
6,CHIMBORAZO,215,ALAUSI,4030,TIXAN,1,TIXAN,1827,UNIDAD EDUCATIVA JUAN FRANCISCO YEROVI -EX ESCUELA LUZ ELISA BORJA-,SI,YEROVI Y 24 DE MAYO,3246007,4,3,7,6,9,5,7,2450,744355.0415,9761957.833,-78.80304405,-2.1520398,NO,NO
6,CHIMBORAZO,215,ALAUSI,4030,TIXAN,1,TIXAN,625,UNIDAD EDUCATIVA JUAN FRANCISCO YEROVI -EX COLEGIO JUAN FRANCISCO YEROVI-,SI,GARCIA MORENO Y YEROVI,32460007,5,4,9,1,5,1,4,3150,744361.3747,9761981.135,-78.80298744,-2.15182906,NO,NO
6,CHIMBORAZO,215,ALAUSI,4030,TIXAN,1,TIXAN,3080,CASA DEL PUEBLO TIXAN,NO,BOLIVAR Y GARCIA MORENO,32000000,2,2,4,10,11,8,9,1265,744295.3926,9762051.35,-78.80358129,-2.15119513,NO,NO
6,CHIMBORAZO,215,ALAUSI,5010,ALAUSI,1,ALAUSI,74,UNIDAD EDUCATIVA CIUDAD DE ALAUSI- EX INSTITUTO MANUEL GALECIO-,SI,AV LOS LAUSIES Y CUBILLIN,32930176,5,4,9,1,5,1,4,3150,739332.8,9756819.3,-78.84811071,-2.19856078,NO,SI
6,CHIMBORAZO,215,ALAUSI,5010,ALAUSI,1,ALAUSI,6291,UNIDAD EDUCATIVA PCEI CHIMBORAZO - EX. ESC. 13 DE NOVEIMBRE,NO,PANAMA Y ELOY ALFARO,32930080,4,4,8,12,15,11,14,2575,739214,9757375,-78.84918555,-2.19353838,NO,NO
6,CHIMBORAZO,215,ALAUSI,5010,ALAUSI,1,ALAUSI,7467,UNIDAD EDUCATIVA CIUDAD DE ALAUSI - EX INES JIMENEZ,SI,SIMON BOLIVAR Y VICENTE MORENO,32930176,6,6,12,6,11,5,10,4200,739682,9756147,-78.84496374,-2.20463431,NO,NO
6,CHIMBORAZO,220,CHUNCHI,515,CAPZOL,0,,4237,GAD PARROQUIAL CAPZOL,NO,PLAZA CENTRAL,33014220,2,1,3,1,2,1,1,744,730823,9745403,-78.92444367,-2.30188675,NO,NO
6,CHIMBORAZO,220,CHUNCHI,615,COMPUD,0,,705,UNIDAD EDUCATIVA COMPUD,NO,PARQUE CENTRAL,33020829,1,1,2,1,1,1,1,587,728745,9740567,-78.94305758,-2.34563768,NO,NO
6,CHIMBORAZO,220,CHUNCHI,1370,GONZOL,0,,115,UNIDAD EDUCATIVA GONZOL -EX ESCUELA PEDRO FERMIN CEVALLOS-,NO,GARCIA MORENO Y BOLIVAR,3018284,2,2,4,1,2,1,2,901,739350.3297,9749814.536,-78.84786111,-2.26188889,NO,NO
6,CHIMBORAZO,220,CHUNCHI,2260,LLAGOS,1,LLAGOS,847,UNIDAD EDUCATIVA QUITUMBE -EX ESCUELA JOSE MARIA LEQUERICA-,NO,PLAZA CENTRAL,23521204,1,1,2,1,1,1,1,695,723825,9738554,-78.98725499,-2.36390299,NO,NO
6,CHIMBORAZO,220,CHUNCHI,5255,CHUNCHI,0,,377,UNIDAD EDUCATIVA MARÍA AUXILLADORA,SI,GENERAL CORDOVA Y MANUEL REYES,32936218,6,5,11,1,6,1,5,3850,731514.9023,9746809.212,-78.91824325,-2.28916385,NO,NO
6,CHIMBORAZO,220,CHUNCHI,5255,CHUNCHI,0,,6011,UNIDAD EDUCATIVA CHUNCHI - EX COLEGIO 4 DE JULIO,NO,JUAN PIO MONTUFAR ENTR ARTURO ORDONEZ Y SIMON BOLIVAR,32936124,4,4,8,7,10,6,9,2551,730868,9746829,-78.92405781,-2.28899342,NO,NO
6,CHIMBORAZO,225,PENIPE,925,LA CANDELARIA,0,,3146,CENTRO ARTESANAL LA CANDELARIA,NO,"BARRIO CENTRAL, VIA PRINCIPAL",33014044,1,1,2,1,1,1,1,404,777135,9820115,-78.50925018,-1.62592455,NO,NO
6,CHIMBORAZO,225,PENIPE,1110,EL ALTAR,1,EL ALTAR,3141,COLISEO EL ALTAR,NO,CALLE PRINCIPAL DE LA PARROQUIA EL ALTAR,,2,2,4,1,2,1,2,1145,777539,9830412,-78.50573258,-1.53284942,NO,NO
6,CHIMBORAZO,225,PENIPE,1325,BILBAO,0,,3127,SEDE SOCIAL BILBAO,NO,BILBAO CENTRO,,1,1,2,1,1,1,1,276,777982.9047,9840415.942,-78.50184748,-1.44242315,NO,NO
6,CHIMBORAZO,225,PENIPE,2400,MATUS,0,,3079,ESCUELA DE EDUCACION BASICA CARLOS MONTUFAR,NO,SAN RAMON Y CALLE D,,2,2,4,1,2,1,2,1008,777740,9827787,-78.50389962,-1.55657364,NO,NO
6,CHIMBORAZO,225,PENIPE,2975,PUELA,0,,7926,CASA PARROQUIAL DE PUELA,NO,VIA PRINCIPAL C1,,2,1,3,1,2,1,1,822,777040,9832604,-78.51023704,-1.51304195,NO,NO
6,CHIMBORAZO,225,PENIPE,5740,PENIPE,0,,416,UNIDAD EDUCATIVA DEL MILENIO PENIPE,SI,AVENIDA ISIDRO AYORA Y AMAZONAS.,32907380,5,4,9,1,5,1,4,2947,774699.8135,9826614.017,-78.53119283,-1.56720835,NO,SI
6,CHIMBORAZO,830,PALLATANGA,6540,PALLATANGA,1,PALLATANGA,492,"UNIDAD
EDUCATIVA PROVINCIA  DE  CHIMBORAZO BLOQUE  1",SI,10 DE AGOSTO Y JOSÉ SALTOS,,10,9,19,1,10,1,9,6650,725628,9778712,-78.97153517,-2.0007918,NO,SI
6,CHIMBORAZO,830,PALLATANGA,6540,PALLATANGA,1,PALLATANGA,5875,UNIDAD EDUCATIVA CARLOS MARIA DE LA CONDAMINE,NO,CARLOS MUÑOZ VINUEZA Y VIA A LAS PALMAS,32919813,6,6,12,11,16,10,15,3658,726485,9779013,-78.9638371,-1.99806072,NO,NO
6,CHIMBORAZO,190,CHAMBO,5475,CHAMBO,2,PANTAÑO,4953,CASA COMUNAL PANTAÑO,NO,COMUNIDAD EL CARMEN VIA A LICTO,0,1,1,2,1,1,1,1,174,764646,9809313,-78.62131072,-1.72370422,NO,NO
6,CHIMBORAZO,190,CHAMBO,5475,CHAMBO,3,GUAYLLABAMBA,4952,CASA COMUNAL SAN ANTONIO GUAYLLABAMBA,NO,VIA A GUAYLLABAMBA,0,1,1,2,1,1,1,1,306,770418,9804126,-78.56940159,-1.77052379,NO,NO
6,CHIMBORAZO,900,CUMANDA,6420,CUMANDA,1,CUMANDA,1528,UNIDAD EDUCATIVA CUMANDA Nro. 2,SI,PRIMERA CONSTITUYENTE Y CALLE 9,,8,7,15,1,8,1,7,5250,707240.8224,9755619.867,-79.13653213,-2.20979673,NO,NO
6,CHIMBORAZO,900,CUMANDA,6420,CUMANDA,1,CUMANDA,1536,UNIDAD EDUCATIVA SULTANA DE LOS ANDES,SI,1era. CONSTITUYENTE Y SIMON BOLIVAR,,6,6,12,9,14,8,13,4200,707354.811,9756109.457,-79.13551305,-2.2053684,NO,SI
6,CHIMBORAZO,900,CUMANDA,6420,CUMANDA,1,CUMANDA,5864,UNIDAD EDUCATIVA CELSO AUGUSTO RODRIGUEZ,NO,CHIMBORAZO Y PEDRO VICENTE MALDONADO,,6,6,12,15,20,14,19,4185,707556.9417,9756273.487,-79.13369803,-2.20388289,NO,NO
6,CHIMBORAZO,205,COLTA,610,COLUMBE,1,COLUMBE,426,UNIDAD EDUCATIVA HUALCOPO DUCHICELA SEDE 1 -EX ESCUELA DR. LUIS PASTEUR-,SI,CUMANDA,32000000,8,8,16,8,15,8,15,5600,753421.7382,9791142.333,-78.72193715,-1.88809162,NO,NO
6,CHIMBORAZO,205,COLTA,610,COLUMBE,1,COLUMBE,1447,UNIDAD EDUCATIVA HUALCOPO DUCHICELA SEDE 2 -EX ESCUELA REPUBLICA DE CHILE-,NO,FLAVIO LEON Y CUMANDA,,3,2,5,16,18,16,17,1780,753244,9791178,-78.72353445,-1.88777129,NO,NO
6,CHIMBORAZO,205,COLTA,610,COLUMBE,1,COLUMBE,388,UNIDAD EDUCATIVA HUALCOPO DUCHICELA,SI,AVENIDA PRINCIPAL Y LINEA FERREA,0,7,7,14,1,7,1,7,4900,753421.7382,9791142.333,-78.72193715,-1.88809162,NO,NO
6,CHIMBORAZO,205,COLTA,1865,JUAN DE VELASCO / PONGOR,1,JUAN DE VELASCO,484,UNIDAD EDUCATIVA 24 DE MAYO,SI,GUAYAQUIL Y 10 DE AGOSTO,,4,4,8,1,4,1,4,2437,735636,9797929,-78.88181393,-1.82693675,NO,NO
6,CHIMBORAZO,205,COLTA,4430,SANTIAGO DE QUITO,0,,104,UNIDAD EDUCATIVA INTERCULTURAL BILINGUE SANTIAGO DE QUITO -EX ESCUELA EL LAGO-,SI,AV 10 DE AGOSTO Y ATAHUALPA,,4,3,7,1,4,1,3,2213,750468,9806860,-78.74865113,-1.74603569,NO,NO
6,CHIMBORAZO,205,COLTA,5145,CAJABAMBA,0,,194,UNIDAD EDUCATIVA TOMAS OLEAS -EX ESCUELA 2 DE AGOSTO-,NO,2 DE AGOSTO Y CAAMAÑO,,4,3,7,1,4,1,3,2450,748120.428,9811828.335,-78.76979394,-1.7011456,NO,NO
6,CHIMBORAZO,205,COLTA,5145,CAJABAMBA,0,,226,UNIDAD EDUCATIVA TOMAS OLEAS,SI,AVENIDA UNIDAD NACIONAL Y JUAN BERNARDO DE LEON,32912243,8,6,14,5,12,4,9,4900,748120.428,9811828.335,-78.76979394,-1.7011456,NO,NO
6,CHIMBORAZO,205,COLTA,5145,CAJABAMBA,0,,1516,COLISEO DE DEPORTES ABRAHAM ROMERO CABRERA,NO,AVENIDA UNIDAD NACIONAL Y AVENIDA DEL MAESTRO,33700890,4,6,10,13,16,10,15,3144,748130,9811674,-78.76970634,-1.70254074,NO,NO
6,CHIMBORAZO,200,GUANO,3295,SAN ANDRES,2,CALSHI,1751,ESCUELA REPÚBLICA FEDERAL DE ALEMANIA,NO,VIA A PRINCIPAL A LA SILVERIA,33019714,1,1,2,1,1,1,1,321,750997,9828234,-78.74411638,-1.55280517,NO,NO
6,CHIMBORAZO,195,RIOBAMBA,3095,QUIMIAG,2,PIÑAÑAU,4235,ESCUELA CHAGÑAG PIÑAÑAU,NO,CENTRO DE LA COMUNIDAD,32000000,1,1,2,1,1,1,1,295,775646.2543,9819143.502,-78.52261111,-1.63472222,NO,NO
6,CHIMBORAZO,210,GUAMOTE,5430,GUAMOTE,2,PULL CHICO,3140,UNIDAD EDUCATIVA ELOY ALFARO -EX CEM PULL CHICO-,NO,COMUNIDAD PULL CHICO,,1,1,2,1,1,1,1,613,746405,9778497,-78.78483082,-2.00249251,NO,NO
6,CHIMBORAZO,225,PENIPE,3335,SAN ANTONIO DE BAYUSHIG,0,,3134,UNIDAD EDUCATIVA MANUEL ALVAREZ MENDEZ,NO,AV. 6 DE DICIEMBRE,32339026,3,2,5,1,3,1,2,1512,775988,9828435,-78.51964206,-1.55073525,NO,NO
6,CHIMBORAZO,210,GUAMOTE,5430,GUAMOTE,4,LAIME SAN CARLOS,4977,UNIDAD EDUCATIVA INTERCULTURAL BILINGUE RUMIÑAHUI,NO,COMUNIDAD LAIME SAN CARLOS,,1,1,2,1,1,1,1,326,750802,9780023,-78.74534119,-1.98864303,NO,NO
6,CHIMBORAZO,210,GUAMOTE,5430,GUAMOTE,5,TIOCAJAS PALACIO HUATANA,4979,CASA COMUNAL TIOCAJAS PALACIO HUATANA,NO,COMUNIDAD TIOCAJAS PALACIO HUATANA,,1,1,2,1,1,1,1,238,748765,9782561,-78.76367472,-1.96572389,NO,NO
6,CHIMBORAZO,225,PENIPE,1110,EL ALTAR,2,UTUÑAG,4974,ESCUELA HUMBOLT,NO,SIN NOMBRE,,1,1,2,1,1,1,1,203,778572.0014,9828670.002,-78.49643646,-1.54858366,NO,NO
6,CHIMBORAZO,200,GUANO,5315,EL ROSARIO,2,LANGOS PANAMERICANA,4954,ESCUELA DE EDUCACION BASICA JORGE ISAAC CABEZAS,NO,VIA A GUANO LANGOS PANAMERICANA,3212262,1,1,2,1,1,1,1,314,762978.6829,9820215.495,-78.63640641,-1.62517004,NO,NO
6,CHIMBORAZO,830,PALLATANGA,6540,PALLATANGA,3,RODEO VAQUERIA,4959,CECIBEB CAPITAN GEOVANNY CALLES LASCANO,NO,VIA PALLATANGA-GUAMOTE,,1,1,2,1,1,1,1,143,736165.4853,9769674.977,-78.87673543,-2.08237447,SI,NO
6,CHIMBORAZO,195,RIOBAMBA,445,CALPI,2,NITILUISA,1886,UNIDAD EDUCATIVA TÉCNICO AUTACHI,NO,VIA NITILUISA CENTRO,33013580,1,1,2,1,1,1,1,271,749029,9823610,-78.76175047,-1.59462642,NO,NO
6,CHIMBORAZO,210,GUAMOTE,2730,PALMIRA,3,GALTES,3071,UNIDAD EDUCATIVA NACION PURUHA,NO,VIA PRINCIPAL,33025051,1,1,2,1,1,1,1,521,745728.0016,9773402.003,-78.79085154,-2.04856175,SI,NO
6,CHIMBORAZO,195,RIOBAMBA,3035,PUNGALA,2,ALAO,3078,COLISEO CENTRAL DE ALAO LLACTAPAMBA,NO,GUAMBAYO 507 Y NORIEGA,0,1,1,2,1,1,1,1,567,777523,9792306,-78.50543263,-1.87727461,NO,NO
6,CHIMBORAZO,215,ALAUSI,4030,TIXAN,2,COCANES,3143,UNIDAD EDUCATIVA INTERCULTURAL BILINGUE COCAN,NO,VIA A TOTORAS,32000000,1,1,2,1,1,1,1,731,753771,9762990,-78.71844484,-2.14258406,NO,NO
6,CHIMBORAZO,205,COLTA,610,COLUMBE,2,PULUCATES,1504,UNIDAD EDUCATIVA MANUEL NAULA SAGÑAY,NO,VIA SAN MARTIN TZALARON,,1,1,2,1,1,1,1,336,755335,9796157,-78.70480644,-1.84273672,NO,NO
6,CHIMBORAZO,900,CUMANDA,6420,CUMANDA,3,SUNCAMAL,3070,ESCUELA REMIGIO CRESPO,NO,PLAZA CENTRAL,,1,1,2,1,1,1,1,59,715162.96,9753129.945,-79.06529535,-2.23221899,SI,NO
6,CHIMBORAZO,215,ALAUSI,20,ACHUPALLAS,3,JUVAL,3058,UNIDAD EDUCATIVA JUVAL,NO,VIA PRINCIPAL TOTORAS JUVAL,32000000,1,1,2,1,1,1,1,349,756350,9734525,-78.69486258,-2.39986712,SI,NO
6,CHIMBORAZO,205,COLTA,610,COLUMBE,4,SAN GUISEL ALTO,4232,UNIDAD EDUCATIVA COMUNITARIA INTERCULTURAL BILINGUE SAN GUISEL ALTO,NO,PLAZA CENTRAL,33016008,1,1,2,1,1,1,1,190,749117,9795642,-78.76066487,-1.84746402,NO,NO
6,CHIMBORAZO,195,RIOBAMBA,3035,PUNGALA,3,ASHPAPUNGO,3136,CASA COMUNAL ASHPAPUNGO,NO,VIA PRINCIPAL,32000000,1,1,2,1,1,1,1,269,769867,9793128,-78.57421822,-1.8699419,NO,NO
6,CHIMBORAZO,195,RIOBAMBA,3095,QUIMIAG,3,PUCULPALA,1386,CASA COMUNAL DE PUCULPALA,NO,CENTRO DE LA COMUNIDAD,32000000,1,1,2,1,1,1,1,200,769264,9811968,-78.57985801,-1.69965277,NO,NO
6,CHIMBORAZO,200,GUANO,5550,LA MATRIZ,2,PUNGAL GRANDE,3110,ESCUELA MARISCAL SUCRE,NO,VIA A PRINCIPA PENIPE,,1,1,2,1,1,1,1,107,772279,9823588,-78.55290395,-1.59458603,NO,NO
6,CHIMBORAZO,830,PALLATANGA,6540,PALLATANGA,2,LAS ROSAS,3077,ESCUELA MIGUEL ANGEL ZAMBRANO,NO,S/N,,1,1,2,1,1,1,1,272,732539,9768944,-78.9093162,-2.08902716,NO,NO
6,CHIMBORAZO,195,RIOBAMBA,3560,SAN LUIS,2,SAN ANTONIO DE GUASLAN,1378,ESCUELA LORENZO FILHO,NO,ENTRADA A LA COMUNIDAD GUASLAN GRANDE,,1,1,2,1,1,1,1,334,760583.6948,9808870.623,-78.65779795,-1.72774867,NO,NO
6,CHIMBORAZO,210,GUAMOTE,5430,GUAMOTE,3,JATUN PAMBA,3135,CASA COMUNAL JATUNPAMBA,NO,COMUNIDAD GUALIPITI JATUNPAMBA,,1,1,2,1,1,1,1,252,758736,9779893,-78.67405339,-1.98971865,NO,NO
6,CHIMBORAZO,205,COLTA,610,COLUMBE,3,LLINLLIN,1508,UNIDAD EDUCATIVA DUCHICELA SHYRI -EX INSTITUTO DUCHICELA SHYRI-,NO,10 DE AGOSTO Y ELOY ALFARO,,1,1,2,1,1,1,1,669,749347,9793458,-78.75857355,-1.8672053,NO,NO
6,CHIMBORAZO,195,RIOBAMBA,3040,PUNIN,2,TZALARON,3139,MERCADO CENTRAL TZALARON,NO,VIA A GUAMOTE,32000000,1,1,2,1,1,1,1,344,757075,9801925,-78.68924048,-1.79057472,NO,NO
6,CHIMBORAZO,215,ALAUSI,20,ACHUPALLAS,2,TOTORAS,3020,UNIDAD EDUCATIVA COMUNITARIA INTERCULTURAL BILINGÜE TOTORAS,NO,SECTOR LA PAMBA,33029372,4,3,7,1,4,1,3,1996,758490,9750813,-78.67587113,-2.25259621,NO,NO
6,CHIMBORAZO,210,GUAMOTE,555,CEBADAS,2,TRANCA SAN LUIS,3073,ESCUELA MARTHA BUCARAM DE ROLDOS,NO,VIA A TURISMO SANGAY,32000000,1,1,2,1,1,1,1,289,769431,9790768,-78.57810556,-1.89127958,NO,NO
6,CHIMBORAZO,195,RIOBAMBA,2165,LICTO,2,TUNSHI SAN NICOLAS,3017,CASA PARROQUIAL DE TUNSHI SAN NICOLAS,NO,VIA RIOBAMBA-MACAS,32000000,1,1,2,1,1,1,1,250,762113,9805195,-78.64401854,-1.76095748,NO,NO
6,CHIMBORAZO,195,RIOBAMBA,1280,FLORES,3,NAUBUG,748,UNIDAD EDUCATIVA LIZARDO GARCIA,NO,CENTRO COMUNIDAD,,1,1,2,1,1,1,1,271,760182,9795095,-78.6612486,-1.8522798,NO,NO
6,CHIMBORAZO,195,RIOBAMBA,3035,PUNGALA,1,PUNGALA,141,ESCUELA DE EDUCACION BASICA FISCAL AMBROSIO NORIEGA,SI,ORIENTE Y NORIEGA,32334004,3,3,6,4,6,4,6,2114,767681,9799019,-78.59392759,-1.81671924,NO,NO
6,CHIMBORAZO,195,RIOBAMBA,3035,PUNGALA,1,PUNGALA,136,UNIDAD EDUCATIVA DANIEL LEON BORJA,SI,ORIENTE Y CULLANA,32334042,3,3,6,1,3,1,3,2100,767810.838,9799376.274,-78.5927655,-1.81348821,NO,NO
6,CHIMBORAZO,200,GUANO,3450,SAN ISIDRO DE PATULU,2,CHOCAVI,1444,CASA COMUNAL CHOCAVI,NO,VIA LAS MINAS,32000000,1,1,2,1,1,1,1,383,756365,9830415,-78.69591761,-1.53303683,NO,NO
6,CHIMBORAZO,200,GUANO,5550,LA MATRIZ,1,LA MATRIZ,943,ESCUELA DR. GABRIEL GARCIA MORENO,SI,TOMAS RAMIREZ Y JUAN MONTALVO,32900223,6,6,12,1,6,1,6,4200,762264.259,9822360.274,-78.6428462,-1.60578978,NO,NO
6,CHIMBORAZO,200,GUANO,5550,LA MATRIZ,1,LA MATRIZ,2278,UNIDAD EDUCATIVA DR. ALFREDO PEREZ GUERRERO -EX ESCUELA PACIFICO VILLAGOMEZ-,SI,AV TOMAS RAMIREZ Y JUAN DE VELASCO,,8,7,15,13,20,13,19,5042,762306.534,9822670.53,-78.64246967,-1.60298477,NO,SI
6,CHIMBORAZO,200,GUANO,5550,LA MATRIZ,1,LA MATRIZ,892,UNIDAD EDUCATIVA DR.GABRIEL GARCIA MORENO -EX ESCUELA MEDALLA MILAGROSA-,SI,AV 20 DE DICIEMBRE Y SUCRE,,6,6,12,7,12,7,12,4200,762128.222,9822096.411,-78.64406543,-1.6081764,NO,NO
6,CHIMBORAZO,205,COLTA,500,CANI,0,,3072,UNIDAD EDUCATIVA 28 DE AGOSTO -EX ESCUELA ISIDRO AYORA-,NO,BOLIVAR Y CHIMBORAZO,,2,2,4,1,2,1,2,850,723379,9803853,-78.99200684,-1.77350141,SI,NO
6,CHIMBORAZO,205,COLTA,6080,SICALPA,0,,229,ESCUELA DE EDUCACION GENERAL BÁSICA MARIANO BORJA,SI,2 DE AGOSTO Y GORIVAR,32912307,6,6,12,8,13,6,11,4079,747667.96,9811768.697,-78.77385822,-1.70168947,NO,SI
6,CHIMBORAZO,205,COLTA,6080,SICALPA,0,,381,UNIDAD EDUCATIVA MARIANA DE JESUS,SI,MARIANA DE JESUS Y 2 DE AGOSTO,32912214,7,5,12,1,7,1,5,4200,747653.077,9811749.272,-78.77399172,-1.70186523,NO,NO
6,CHIMBORAZO,210,GUAMOTE,555,CEBADAS,1,CEBADAS,837,UNIDAD EDUCATIVA DOCTOR EMILIO UZCATEGUI -EX ESCUELA HISPANA PATRIA-,SI,SANGAY Y ABDON CALDERON,32315016,5,5,10,1,5,1,5,3500,762141.679,9788585.605,-78.64356418,-1.9110981,NO,NO
6,CHIMBORAZO,210,GUAMOTE,555,CEBADAS,1,CEBADAS,3128,UNIDAD EDUCATIVA DR. EMILIO UZCATEGUI,NO,ELOY ALFARO Y SUCRE,32315108,5,4,9,6,10,6,9,3074,762281,9788733,-78.64231433,-1.90976399,NO,NO
6,CHIMBORAZO,210,GUAMOTE,2730,PALMIRA,1,PALMIRA,4957,UNIDAD EDUCATIVA DEL MILENIO GUARDIANA DE LA LENGUA 27 DE FEBRERO,SI,SANGAY Y ABDON CALDERON,33731450,7,7,14,1,7,1,7,4900,752035.9707,9769991.989,-78.73412728,-2.07930888,NO,NO
6,CHIMBORAZO,210,GUAMOTE,2730,PALMIRA,1,PALMIRA,6352,UNIDAD EDUCATIVA RAFAEL AVILES MONCAYO,NO,AV. ELOY ALFARO Y GARCIA MORENO,32000000,7,5,12,8,14,8,12,3808,751465,9772054,-78.7392842,-2.06067548,NO,NO
6,CHIMBORAZO,210,GUAMOTE,5430,GUAMOTE,1,GUAMOTE,155,UNIDAD EDUCATIVA VELASCO IBARRA,SI,AVENIDA MACAS Y 10 DE AGOSTO,32916141,7,7,14,4,10,4,10,4900,754942.2479,9786113.046,-78.70821599,-1.93353793,NO,SI
6,CHIMBORAZO,210,GUAMOTE,5430,GUAMOTE,1,GUAMOTE,581,UNIDAD EDUCATIVA VELASCO IBARRA BLOQUE 2 -EX ESC LAURA CARBO-,SI,10 DE AGOSTO Y ELOY ALFARO,2916141,7,7,14,18,24,17,23,4900,754743.396,9785899.343,-78.71,-1.93547222,NO,NO
6,CHIMBORAZO,210,GUAMOTE,5430,GUAMOTE,1,GUAMOTE,1514,COLISEO MUNICIPAL RAFAEL BRITO MENDOZA,NO,AV. MACAS,,3,3,6,1,3,1,3,2100,754655.9678,9785671.904,-78.71078275,-1.93752932,NO,NO
6,CHIMBORAZO,210,GUAMOTE,5430,GUAMOTE,1,GUAMOTE,117,UNIDAD EDUCATIVA VELASCO IBARRA BLOQUE 5 -EX ESCUELA RIO AMAZONAS-,SI,GENERAL BARRIGA Y EUGENIO ESPEJO,2916141,7,6,13,11,17,11,16,4550,754861.968,9786099.521,-78.70893711,-1.93366118,NO,NO
6,CHIMBORAZO,210,GUAMOTE,5430,GUAMOTE,1,GUAMOTE,6335,UNIDAD EDUCATIVA VELASCO IBARRA BLOQUE 3,NO,5 DE JUNIO,32916141,4,4,8,25,28,24,27,2479,754690.5004,9785838.563,-78.71047451,-1.93602232,NO,NO
6,CHIMBORAZO,215,ALAUSI,20,ACHUPALLAS,1,ACHUPALLAS,1772,COLISEO GALO DURAN TORRES,NO,TOMAS TOLEDO Y VELEZ,3012532,4,4,8,5,8,5,8,2430,748274.5163,9747304.794,-78.76762386,-2.28445571,NO,NO
6,CHIMBORAZO,215,ALAUSI,20,ACHUPALLAS,1,ACHUPALLAS,1769,UNIDAD EDUCATIVA ACHUPALLAS BLOQUE 1 -EX COLEGIO MARISCAL ANTONIO JOSE DE SUCRE-,SI,TOMAS TOLEDO Y VIA A ZULA,3012532,4,4,8,1,4,1,4,2800,748135,9747267,-78.76887716,-2.28479934,NO,NO
6,CHIMBORAZO,215,ALAUSI,1465,GUASUNTOS,0,,802,UNIDAD EDUCATIVA DEL MILENIO GUASUNTOS -EX ESCUELA MIGUEL UNAMUNO-,SI,TORCUATO MONTALVO Y PEDRO VICENTE MALDONADO,32330069,3,3,6,1,3,1,3,1828,743244,9753090,-78.81291193,-2.23222429,NO,NO
7,EL ORO,380,EL GUABO,5340,EL GUABO,3,EL RETIRO,3313,ESCUELA DE EDUCACION BASICA 15 DE MAYO,NO,SN,0,1,1,2,1,1,1,1,40,647049,9645150,-79.67656331,-3.20954521,SI,NO
7,EL ORO,355,SANTA ROSA,6985,JUMON,0,,2315,UNIDAD EDUCATIVA JORGE ENRIQUEZ CHAVEZ CELI,NO,VIA PRINCIPAL A SAN AGUSTN,72145211,1,1,2,1,1,1,1,588,610634,9617671,-80.0040084,-3.45848339,SI,NO
7,EL ORO,350,MACHALA,7510,JAMBELI,1,JAMBELI,86,UNIDAD EDUCATIVA UNION NACIONAL DE EDUCADORES,SI,SUSANA GALLARDO Y SIMON BOLIVAR,72961088,5,5,10,38,42,32,36,3500,613902,9640193,-79.97480351,-3.25472819,NO,NO
7,EL ORO,350,MACHALA,7510,JAMBELI,1,JAMBELI,431,UNIDAD EDUCATIVA SIMON BOLIVAR,SI,PALMERAS Y PASAJE,72930874,6,6,12,20,25,14,19,4200,615400.6363,9640284.875,-79.96131708,-3.25388327,NO,NO
7,EL ORO,350,MACHALA,7510,JAMBELI,1,JAMBELI,1531,FERIA MUNDIAL DEL BANANO,NO,AV. LAS PALMERAS Y BOYACA,72967421,7,7,14,1,7,1,7,4900,615424,9640362,-79.96110753,-3.25318541,NO,NO
7,EL ORO,350,MACHALA,7510,JAMBELI,1,JAMBELI,1100,UNIDAD EDUCATIVA JORGE MURILLO UGARTE,SI,DR JOSE CABRERA GALLARDO E/ Y GRAN COLOMBIA/PASAJE,72961899,5,5,10,43,47,37,41,3500,615050.8803,9640491.59,-79.96446668,-3.25201667,NO,NO
7,EL ORO,350,MACHALA,7510,JAMBELI,1,JAMBELI,68,UNIDAD EDUCATIVA KLEBER FRANCO CRUZ,SI,25 DE JUNIO Y 9na OESTE,72935274,7,7,14,26,32,20,26,4900,614802.6071,9640418.15,-79.96670038,-3.25268327,NO,NO
7,EL ORO,350,MACHALA,7510,JAMBELI,1,JAMBELI,69,UNIDAD EDUCATIVA 25 DE JUNIO,SI,LAUTARO CASTILLO Y ALFONSO CORREA,72965811,5,5,10,33,37,27,31,3500,614683.8234,9640483.859,-79.96777,-3.25209,NO,NO
7,EL ORO,350,MACHALA,7510,JAMBELI,1,JAMBELI,36,UNIDAD EDUCATIVA NUEVE DE OCTUBRE,SI,AV LAS PALMERAS ENTRE MADERO VARGAS Y BOLIVAR,72962435,12,6,18,8,19,8,13,6300,615111.516,9640069.596,-79.96391708,-3.25583327,NO,NO
7,EL ORO,350,MACHALA,7510,JAMBELI,1,JAMBELI,67,UNIDAD EDUCATIVA DR. EULOGIO SERRANO ARMIJOS,SI,PEDRO MARIDUEÑA ENTRE 6TA Y 7MA OESTE,72961511,5,5,10,48,52,42,46,3500,614601.723,9639517.36,-79.96849998,-3.26083327,NO,NO
7,EL ORO,350,MACHALA,7510,JAMBELI,1,JAMBELI,5798,UNIDAD EDUCATIVA HEROES DE JAMBELI,NO,DR SIMON FERNANDEZ JARAMILLO CALLE QUINCE GALO ICAZA PAZ CALLE OCHO,72932503,2,4,6,53,54,47,50,2100,613997,9639094,-79.97393846,-3.26466838,NO,NO
7,EL ORO,350,MACHALA,7510,JAMBELI,1,JAMBELI,6138,COLISEO DE DEPORTE WALTER SACCO,NO,AV. SIMON BOLIVAR E/ HECTOR BRAVO CASTILLO,0,2,2,4,55,56,51,52,1137,613557,9640245,-79.97790889,-3.25426098,NO,NO
7,EL ORO,355,SANTA ROSA,4525,TORATA,2,EL GUAYABO,2252,UNIDAD EDUCATIVA 3 DE NOVIEMBRE,NO,SITIO EL GUAYABO,0,1,1,2,1,1,1,1,121,626038,9603410,-79.86519359,-3.58732047,NO,NO
7,EL ORO,350,MACHALA,255,EL RETIRO,2,NUEVA ESPERANZA,3041,COMPLEJO DEPORTIVO AGUSTIN AUCAPIÑA,NO,VIA RETIRO - NUEVA ESPERANZA,0,1,1,2,1,1,1,1,529,618797,9629318,-79.93064491,-3.35305124,NO,NO
7,EL ORO,585,CHILLA,5715,CHILLA,2,PLAYAS DE DAUCAY,3048,ESCUELA DE EDUCACIÓN BÁSICA LAURO DAVILA ECHEVERRIA,NO,PLAYAS DE DAUCAY,0,1,1,2,1,1,1,1,194,640264.3818,9617091.906,-79.73729056,-3.46340245,NO,NO
7,EL ORO,370,PIÑAS,6680,LA SUSAYA,0,,3024,CONSERVATORIO DE MUSICA MANUEL SIGIBERTO,NO,AURELIANO GALLARDO,72975019,1,1,2,1,1,1,1,392,645264,9593415,-79.69198697,-3.67748904,NO,NO
7,EL ORO,375,ARENILLAS,805,CHACRAS,0,,2143,UNIDAD EDUCATIVA SOLDADO JOSÉ DÍAZ,NO,AV. PRINCIPAL CHACRAS - CARCABON,0,2,2,4,1,2,1,2,1248,588967,9607751,-80.19897663,-3.54840598,SI,NO
7,EL ORO,375,ARENILLAS,2715,PALMALES,1,PALMALES,1047,UNIDAD EDUCATIVA ABDON CALDERON MUÑOZ,SI,DARIO MACAS Y ABDON CALDERON,72619229,4,4,8,1,4,1,4,2463,599611.0734,9594743.295,-80.10303378,-3.66598327,SI,NO
7,EL ORO,375,ARENILLAS,5040,ARENILLAS,0,,1241,UNIDAD EDUCATIVA CIUDAD DE QUITO,SI,AV. ONCE DE NOVIEMBRE E/ LEONOR ROLDAN DE TINOCO Y JOSE JOAQUIN DE OLMEDO,72909744,6,6,12,8,13,8,13,4200,603927.3467,9606917.72,-80.06428328,-3.55581667,NO,NO
7,EL ORO,375,ARENILLAS,5040,ARENILLAS,0,,1254,UNIDAD EDUCATIVA ARENILLAS,SI,AV. RAUL FRIAS ENTRE JAIME ROLDOS,72909122,7,7,14,1,7,1,7,4900,603375.6223,9606923.805,-80.06925038,-3.55576667,NO,NO
7,EL ORO,375,ARENILLAS,5040,ARENILLAS,0,,1235,UNIDAD EDUCATIVA CIUDAD DE ARENILLAS,SI,AVDA. ARGENTINA E/ AV. CHILE Y AV. MEXICO,72909213,6,6,12,17,22,17,22,4200,603107.0941,9606791.416,-80.07166668,-3.55696667,NO,NO
7,EL ORO,375,ARENILLAS,5040,ARENILLAS,0,,6185,UNIDAD EDUCATIVA DR. CAMILO GALLEGOS DOMINGUEZ,SI,AV. VICENTE ROCAFUERTE Y BUENOS AIRES,72910320,6,6,12,23,28,23,28,3849,603662,9607205,-80.06667475,-3.55322043,NO,NO
7,EL ORO,375,ARENILLAS,5040,ARENILLAS,0,,6207,UNIDAD EDUCATIVA ONCE DE NOVIEMBRE,NO,AV. GUAYAQUIL E/ CAP. CHIRIBOGA Y JOSE MONCADA SANCHEZ,72909125,3,3,6,14,16,14,16,2100,604132,9607146,-80.06244292,-3.55374983,NO,NO
7,EL ORO,380,EL GUABO,245,LA IBERIA,0,,45,UNIDAD EDUCATIVA GUADALUPE FERNANDEZ DE CASTRO,SI,CALLE 8 DE DICIEMBRE Y 13 DE ABRIL,0,5,4,9,1,5,1,4,2934,625669.45,9639978.94,-79.86889943,-3.25655068,NO,NO
7,EL ORO,380,EL GUABO,300,BARBONES,0,,1534,UNIDAD EDUCATIVA PROVINCIA DE LOS RIOS,SI,6 DE AGOSTO Y ENRIQUE COELLO,72618012,8,8,16,1,8,1,8,5343,627501.8204,9647286.539,-79.85248328,-3.19043327,NO,NO
7,EL ORO,370,PIÑAS,505,CAPIRO,5,CONCHICOLA,4968,ESCUELA DE EDUCACION BASICA ANGEL SALVADOR OCHOA,NO,VIA CONCHICOLA,72309196,1,1,2,1,1,1,1,193,640542.6806,9584589.825,-79.73437863,-3.75737171,SI,NO
7,EL ORO,355,SANTA ROSA,6990,NUEVO SANTA ROSA,0,,2073,UNIDAD EDUCATIVA PATRICIA CHERREZ DE PESANTES,NO,ISABEL GONZALEZ E/ 26 DE OCTUBRE Y JOSE BRAVO RIOFRIO,72141237,2,2,4,1,2,1,2,1403,616859,9619503,-79.94799175,-3.44185141,NO,NO
7,EL ORO,350,MACHALA,7510,JAMBELI,2,CIUDADELA 10 DE SEPTIEMBRE,3218,ESCUELA DE EDUCACION BASICA PROF. CELIA PALACIOS ORDOÑEZ,NO,CALLE PRINCIPAL BARRIO AVENIDA LAS AMERICAS,72131723,3,2,5,1,3,1,2,1608,616405,9641756,-79.95229186,-3.24056682,SI,NO
7,EL ORO,380,EL GUABO,2050,RIO BONITO,4,PAGUA,434,ESCUELA DE EDUCACION BASICA DR. EUGENIO ESPEJO NRO. 35,NO,13 DE JUNIO CALLE SECUNDARIA EUGENIO ESPEJO Y 9 DE OCTUBRE,0,1,1,2,1,1,1,1,378,636426,9659795,-79.77230952,-3.07720171,SI,NO
7,EL ORO,350,MACHALA,255,EL RETIRO,3,GUARUMAL 2,415,CASA COMUNAL GUARUMAL 2,NO,VIA A BALOSA - GUARUMAL 2,0,1,1,2,1,1,1,1,154,615413,9626419,-79.96107489,-3.3793071,NO,NO
7,EL ORO,370,PIÑAS,505,CAPIRO,4,LOS AMARILLOS,2677,UNIDAD EDUCATIVA CIUDAD DE CUENCA Nº 121,NO,CENTRO DE LOS AMARILLOS,73085029,1,1,2,1,1,1,1,135,639595,9579490,-79.7428449,-3.8035106,SI,NO
7,EL ORO,355,SANTA ROSA,1815,JAMBELI,1,JAMBELI,3087,JUNTA PARROQUIAL DE JAMBELI COSTA RICA,NO,BARRIO VIRGEN DEL CISNE,0,1,1,2,1,1,1,1,479,582053,9629271,-80.26137426,-3.35378318,SI,NO
7,EL ORO,360,ZARUMA,5,ABANIN,2,DALIGSHI,3056,ESCUELA DE EDUCACION BASICA AGOYAN,NO,VIA A GUANAZAN- UZHCURRUMI,0,1,1,2,1,1,1,1,259,667154,9627810,-79.49542335,-3.36611474,SI,NO
7,EL ORO,360,ZARUMA,5,ABANIN,3,TUNUYUNGA,3055,ESCUELA DE EDUCACION BASICA 26 DE NOVIEMBRE,NO,VIA A GUANAZAN,0,1,1,2,1,1,1,1,231,660517,9629336,-79.55517116,-3.35240417,SI,NO
7,EL ORO,365,PASAJE,1225,PROGRESO,4,ROSA DE ORO,2100,ESCUELA DE EDUCACION BASICA OLIVA CARDENAS BATALLAS,NO,VIA AL PROGRESO,0,1,1,2,1,1,1,1,171,634719,9637219,-79.78742993,-3.28141917,SI,NO
7,EL ORO,370,PIÑAS,505,CAPIRO,2,GUERRAS,3045,ESCUELA DE EDUCACION BASICA JUAN MONTALVO,NO,VIA LOJA,73091969,1,1,2,1,1,1,1,104,634150,9576823,-79.79183991,-3.82770361,SI,NO
7,EL ORO,370,PIÑAS,505,CAPIRO,3,TINAJAS,3052,ESCUELA DE EDUCACION BASICA PADRE JUAN DE VELASCO,NO,VIA A BALSAS - LOJA MARGEN DERECHO,0,1,1,2,1,1,1,1,34,631419.2626,9578707.763,-79.81645282,-3.81069041,SI,NO
7,EL ORO,360,ZARUMA,1420,GUANAZAN,2,GUARTIGURO,3044,ESCUALA DE EDUCACION BASICA 29 DE NOVIEMBRE,NO,VIA CHILLA,0,1,1,2,1,1,1,1,153,665038,9616539,-79.51430862,-3.46807819,SI,NO
7,EL ORO,350,MACHALA,255,EL RETIRO,4,LA MARÍA,6879,ESCUELA DE EDUCACION BASICA MANUEL MINUCHE TORRES,NO,SITIO LA MARIA - AV. PRINCIPAL VIA A LAS CAÑAS,991847915,1,1,2,1,1,1,1,422,622513,9629616,-79.89720234,-3.35031847,NO,NO
7,EL ORO,350,MACHALA,255,EL RETIRO,1,EL RETIRO,2307,UNIDAD EDUCATIVA 9 DE MAYO,NO,AV. HARRY ALVAREZ GARCIA,72168052,3,3,6,1,3,1,3,2066,621334,9625533,-79.9077726,-3.38726255,NO,NO
7,EL ORO,350,MACHALA,5565,LA PROVIDENCIA,1,LA PROVIDENCIA,911,EXTENSIÓN AUGUSTA MORA DE FRANCO,NO,BUENAVISTA Y MANUEL ESTOMBA,72966733,3,3,6,58,60,55,57,2100,615667.6369,9638803.203,-79.95890038,-3.26728327,NO,NO
7,EL ORO,350,MACHALA,5565,LA PROVIDENCIA,1,LA PROVIDENCIA,338,UNIDAD EDUCATIVA BOLIVIA BENITEZ,SI,COLON E/ 25 DE JUNIO Y SUCRE,72930479,5,5,10,76,80,72,76,3228,616035.0089,9639431.122,-79.95559998,-3.26159997,NO,NO
7,EL ORO,350,MACHALA,5565,LA PROVIDENCIA,1,LA PROVIDENCIA,85,UNIDAD EDUCATIVA AUGUSTA MORA DE FRANCO,SI,BATALLA DE TARQUI 2403 ENTRE SAN MARTIN Y MANUEL ESTOMBA,72962166,5,5,10,53,57,50,54,3500,615445.5201,9638910.292,-79.96090038,-3.26631667,NO,NO
7,EL ORO,350,MACHALA,5565,LA PROVIDENCIA,1,LA PROVIDENCIA,58,UNIDAD EDUCATIVA LUIS AMANDO UGARTE LEMUS,SI,"NAPOLEON MERA, SUCRE",72923794,5,5,10,71,75,67,71,3500,616234.8593,9639324.044,-79.95380038,-3.26256667,NO,NO
7,EL ORO,350,MACHALA,5565,LA PROVIDENCIA,1,LA PROVIDENCIA,819,CENTRO DE EDUCACION INICIAL AMADA AGURTO DE GALARZA,NO,AVENIDA MAXIMO ROSENDO GARCIA ENTRE AVENIDA JORGE CARRERA RODAS,72983556,3,3,6,13,15,13,15,2100,617146.8235,9638298.647,-79.94558328,-3.27183327,NO,NO
7,EL ORO,350,MACHALA,5565,LA PROVIDENCIA,1,LA PROVIDENCIA,305,UNIDAD EDUCATIVA LCDO DIEGO MINUCHE GARRIDO,NO,AVDA. QUITO Y EDGAR CORDOVA POLO,72982667,4,4,8,21,24,21,24,2800,617102.7938,9638694.836,-79.94598328,-3.26824997,NO,NO
7,EL ORO,350,MACHALA,5565,LA PROVIDENCIA,1,LA PROVIDENCIA,360,UNIDAD EDUCATIVA JUAN MONTALVO,SI,PICHINCHA 306 ENTRE 10 DE AGOSTO Y CALLEJON JAMBELI,72932313,5,5,10,41,45,41,45,3500,616112.199,9638905.92,-79.95490038,-3.26634997,NO,NO
7,EL ORO,350,MACHALA,5565,LA PROVIDENCIA,1,LA PROVIDENCIA,120,UNIDAD EDUCATIVA NICOLAS APPERT,SI,AVDA EDGAR CORDOVA POLO Y E/25 DE JUNIO Y 1ER CALLEJON,72980444,5,5,10,16,20,16,20,3500,617172.6116,9638661.8,-79.94535463,-3.26854813,NO,NO
7,EL ORO,350,MACHALA,5565,LA PROVIDENCIA,1,LA PROVIDENCIA,121,UNIDAD EDUCATIVA HEROES DE PAQUISHA,SI,"CDLA. LAS BRISAS, CALLE GUSTAVO SEGUNDO SANCHEZ ROMO, JORGE CORRERA RODAS Y GUILLERMO CORDOVA SERRANO",72983459,5,5,10,8,12,8,12,3500,617020.8159,9638230.601,-79.94671668,-3.27244997,NO,NO
7,EL ORO,350,MACHALA,5565,LA PROVIDENCIA,1,LA PROVIDENCIA,361,UNIDAD EDUCATIVA ATAHUALPA,SI,AV. LOJA - FERROVIARIA E/ CIRCUNVALACION NORTE Y 1ERA AVENIDA,72982070,4,4,8,25,28,25,28,2800,617345.4975,9638797.76,-79.94379998,-3.26731667,NO,NO
7,EL ORO,350,MACHALA,5565,LA PROVIDENCIA,1,LA PROVIDENCIA,373,UNIDAD EDUCATIVA LA PROVIDENCIA,SI,BOYACA ENTRE NAPOLEÓN MERA Y 23 DE ABRIL,72960486,5,4,9,61,65,58,61,3150,616442.3114,9639368.049,-79.95193378,-3.26216667,NO,NO
7,EL ORO,350,MACHALA,5565,LA PROVIDENCIA,1,LA PROVIDENCIA,318,UNIDAD EDUCATIVA PARTICULAR MIXTA HERMANO MIGUEL,SI,EDGAR CORDOVA Y CALLEJON GUSTAVO FEBRES CORDERO,72980360,5,5,10,29,33,29,33,3500,617458.6184,9638941.359,-79.94278328,-3.26601667,NO,NO
7,EL ORO,350,MACHALA,5565,LA PROVIDENCIA,1,LA PROVIDENCIA,347,UNIDAD EDUCATIVA PARTICULAR ELOY ALFARO,SI,ARIZAGA ENTRE NAPOLEON MERA Y SEGUNDA DIAGONAL,72938046,7,4,11,46,52,46,49,3850,615930.7362,9638935.592,-79.95653378,-3.26608327,NO,NO
7,EL ORO,350,MACHALA,5565,LA PROVIDENCIA,1,LA PROVIDENCIA,703,UNIDAD EDUCATIVA JOSE JARAMILLO MONTOYA,SI,"DECIMA NORTE, 10 DE AGOSTO",72980325,5,5,10,66,70,62,66,3500,617112.1541,9639872.209,-79.94591014,-3.25759998,NO,NO
7,EL ORO,350,MACHALA,5565,LA PROVIDENCIA,1,LA PROVIDENCIA,704,UNIDAD EDUCATIVA PARTICULAR BILINGUE DE PRINCIPITO Y MARCEL LANIADO DE WIND,SI,"LUIS ANGEL LEON ROMAN, ENTRADA LA CUATROMIL",72981881,7,7,14,1,7,1,7,4900,616726.333,9638300.156,-79.94936762,-3.27182361,NO,NO
7,EL ORO,350,MACHALA,5565,LA PROVIDENCIA,1,LA PROVIDENCIA,884,UNIDAD EDUCATIVA GALO PLAZA LASSO,SI,PICHINCHA E/ GONZALEZ SUAREZ Y LOS SAUCES,72931299,7,7,14,34,40,34,40,4900,616156.4625,9638730.836,-79.95450038,-3.26793327,NO,NO
7,EL ORO,350,MACHALA,5625,MACHALA,0,,1087,UNIDAD EDUCATIVA PROF. ALBERTO CRUZ MURILLO,SI,PAEZ E/ KLEBER FRANCO Y MARCEL LANIADO,72935436,6,6,12,79,84,78,83,4200,616243.0134,9639996.569,-79.95373328,-3.25648327,NO,NO
7,EL ORO,350,MACHALA,5625,MACHALA,0,,42,UNIDAD EDUCATIVA ISABEL LA CATOLICA,NO,PAEZ E/ 25 DE JUNIO Y SUCRE,72931715,8,8,16,58,65,57,64,5600,615813.0064,9639692.996,-79.95760038,-3.25923327,NO,NO
7,EL ORO,350,MACHALA,5625,MACHALA,0,,217,UNIDAD EDUCATIVA SULIMA GARCIA VALAREZO,SI,VELA E/ SUCRE Y PASAJE,72930214,7,7,14,45,51,44,50,4900,615437.5742,9640190.867,-79.96098378,-3.25473327,NO,NO
7,EL ORO,350,MACHALA,5625,MACHALA,0,,222,UNIDAD EDUCATIVA CIUDAD DE MACHALA,SI,GRAL MANUEL SERRANO Y JUNIN,2930157,13,13,26,66,78,65,77,9100,615521.7355,9639192.121,-79.96021708,-3.26376667,NO,NO
7,EL ORO,350,MACHALA,5625,MACHALA,0,,230,UNIDAD EDUCATIVA ISMAEL PEREZ PAZMIÑO,SI,GRAL. MANUEL SERRANO Y AV LAS PALMERAS,72935487,14,14,28,1,14,1,14,9800,614966.5902,9639605.427,-79.96521708,-3.26003327,NO,NO
7,EL ORO,350,MACHALA,5625,MACHALA,0,,369,UNIDAD EDUCATIVA DRA MATILDE HIDALGO DE PROCEL,SI,CUARTA OESTE DECIMA SEGUNDA Y DECIMA TERCERA SUR,72924057,7,7,14,23,29,23,29,4900,614534,9639003,-79.96910473,-3.26548656,NO,NO
7,EL ORO,350,MACHALA,5625,MACHALA,0,,35,UNIDAD EDUCATIVA LUZ DE AMERICA,SI,OLMEDO Y PASAJE,72921987,6,6,12,52,57,51,56,4200,615729.9104,9639925.241,-79.95835038,-3.25713327,NO,NO
7,EL ORO,350,MACHALA,5625,MACHALA,0,,1281,UNIDAD EDUCATIVA ENRIQUE MORA SARES,SI,11 AVA SUR (HECTOR CHICA) Y SANTA ROSA,72931154,12,12,24,30,41,30,41,8400,615888.9425,9639703.973,-79.95691708,-3.25913327,NO,NO
7,EL ORO,350,MACHALA,5625,MACHALA,0,,5810,UNIDAD EDUCATIVA 24 DE JUNIO,SI,DR PEDRO MARIDUEÑA VILLENA ENTRE MONS NESTOR HERRERA Y DR SIMON FERNANDEZ JARAMILLO,72937130,8,8,16,15,22,15,22,5600,614504,9639554,-79.9693798,-3.26050275,NO,NO
7,EL ORO,350,MACHALA,5625,MACHALA,0,,5799,UNIDAD EDUCATIVA MACHALA,SI,PROLONGACION DE LA CALLE VEINTICINCO DE JUNIO AVENIDA EDGAR CORDOVA POLO,72935098,12,12,24,94,105,93,104,8400,615548.8,9639181.15,-79.95997341,-3.26386565,NO,NO
7,EL ORO,350,MACHALA,5625,MACHALA,0,,6253,UNIDAD EDUCATIVA FRANCISCO XAVIER TRUJILLO MALDONADO,NO,PICHINCHA 14 16 ENTRE VELA Y SANTA ROSA,72968860,3,2,5,42,44,42,43,1750,615182,9639789,-79.96328015,-3.25837075,NO,NO
7,EL ORO,350,MACHALA,5625,MACHALA,0,,6250,UNIDAD EDUCATIVA ROMEO MURILLO PAZMIÑO,SI,FULTON FRANCO MORA 509 ENTRE TARQUI Y COLON BARRIO 3 DE NOVIEMBRE,72967580,9,9,18,85,93,84,92,6300,616540.8931,9640088.646,-79.95105332,-3.25564759,NO,NO
7,EL ORO,350,MACHALA,5625,MACHALA,0,,7624,UNIDAD EDUCATIVA PARTICULAR DR. PAULO FREIRE,NO,25 DE JUNIO Y 12AVA OESTE,0,4,4,8,111,114,110,113,2319,614488,9640512.3,-79.96953261,-3.25183454,NO,NO
7,EL ORO,350,MACHALA,5625,MACHALA,0,,7576,UNIDAD EDUCATIVA PARTICULAR ALEXANDER,NO,AV. 25 DE JUNIO E/ DOCTOR JOSE CABRERA Y ANGEL CHOCO,0,5,5,10,106,110,105,109,3500,614761.6,9640446.3,-79.96706969,-3.25242902,NO,NO
7,EL ORO,350,MACHALA,5805,PUERTO BOLIVAR,0,,87,UNIDAD EDUCATIVA MANUEL ISAAC ENCALADA MORA,SI,AVDA. BOLIVAR MADERO VARGAS ENTRE ROLDOS Y ZARUMA,72927746,5,5,10,10,14,10,14,3500,611838.8789,9639704.399,-79.99336668,-3.25916667,SI,NO
7,EL ORO,350,MACHALA,5805,PUERTO BOLIVAR,0,,88,UNIDAD EDUCATIVA EUGENIO ESPEJO,SI,GENERAL PAEZ Y APOLINARIO GALVEZ,72928503,5,5,10,26,30,26,30,3500,610759.4422,9638423.824,-80.00307,-3.27076,SI,NO
7,EL ORO,350,MACHALA,5805,PUERTO BOLIVAR,0,,211,UNIDAD EDUCATIVA 24 DE JULIO,SI,SUCRE E/ JOSE MARIA CORDOVA Y PICHINCHA,72927202,5,5,10,21,25,21,25,3500,611137.9257,9638804.11,-79.99966708,-3.26731667,SI,NO
7,EL ORO,350,MACHALA,5805,PUERTO BOLIVAR,0,,122,UNIDAD EDUCATIVA HECTOR ENCALADA SANCHEZ,NO,MARIO MOSCOSO MONTESINOS Y 1ERA ESTE,72922596,6,6,12,15,20,15,20,4200,611488.0915,9638921.685,-79.99651668,-3.26624997,SI,NO
7,EL ORO,350,MACHALA,5805,PUERTO BOLIVAR,0,,72,UNIDAD EDUCATIVA LIBERTADOR SIMON BOLIVAR,SI,AV. BOLIVAR MADERO VARGAS,72929857,9,9,18,1,9,1,9,6300,612294.8558,9640114.828,-79.98926668,-3.25544997,SI,NO
7,EL ORO,350,MACHALA,5805,PUERTO BOLIVAR,0,,5994,JUNTA PARROQUIAL DE PUERTO BOLIVAR,NO,MALECON MANUEL ENCALADA MORA Y JULIO DEL CAMPO VELEZ,0,2,1,3,31,32,31,31,853,610914,9638994,-80.00168409,-3.26560101,SI,NO
7,EL ORO,350,MACHALA,6490,9 DE MAYO,1,9 DE MAYO,66,UNIDAD EDUCATIVA REPUBLICA DEL PERU,SI,"AVDA PALOMINO, AVE LAS AMERICAS 2DO CJN",72791966,6,6,12,1,6,1,6,4200,615236.9431,9637786.57,-79.96276708,-3.27648327,NO,NO
7,EL ORO,350,MACHALA,6490,9 DE MAYO,1,9 DE MAYO,5986,CASA COMUNAL VOLUNTAD DE DIOS,NO,2 CALLEJON 22 SE E/ AV. COLON TINOCO,0,2,0,2,8,9,1,0,482,615652,9637381,-79.95902783,-3.28014797,NO,NO
7,EL ORO,350,MACHALA,6490,9 DE MAYO,1,9 DE MAYO,5969,CASA COMUNAL MACHALILLA,NO,AV. 20 SE E/ 1P 7A SE Y 2P 7 SE,999999999,1,1,2,7,7,7,7,568,615931,9637672,-79.95651959,-3.2775131,NO,NO
7,EL ORO,350,MACHALA,6795,EL CAMBIO,1,EL CAMBIO,30,ESCUELA DE EDUCACIÓN BÁSICA GENERAL ELOY ALFARO,SI,MACHALA Y SIMON BOLIVAR,2993002,6,5,11,1,6,1,5,3850,622044.9507,9636504.252,-79.90148378,-3.28801667,NO,NO
7,EL ORO,350,MACHALA,6795,EL CAMBIO,1,EL CAMBIO,64,ESCUELA DE EDUCACION BASICA ENRIQUE AUGUSTO CASTRO AGUILAR,NO,AVDA. FERROVIARIA Y AVDA. ALEJANDRO CASTRO BENITEZ,0,5,5,10,7,11,6,10,3301,622017.4194,9636729.083,-79.90173378,-3.28598327,NO,NO
7,EL ORO,355,SANTA ROSA,325,BELLAVISTA,1,BELLAVISTA,2221,UNIDAD EDUCATIVA ORIENTE ECUATORIANO,NO,ANTONIO JOSE DE SUCRE E/ JAIME ROLDOS Y REGINA LOZANO,72154044,3,3,6,1,3,1,3,1753,614740,9612894,-79.96700071,-3.50165406,NO,NO
7,EL ORO,355,SANTA ROSA,1665,BELLAMARIA,1,BELLAMARIA,2132,UNIDAD EDUCATIVA PROFESORA NELLY AGUIRRE CARDENAS,NO,ERROLL CARTWRITH,73092199,2,2,4,1,2,1,2,1330,623114,9612884,-79.89161902,-3.50165805,NO,NO
7,EL ORO,355,SANTA ROSA,6900,BALNEARIO JAMBELI,0,,3018,UNIDAD EDUCATIVA DR. JAIME PALACIOS PERALTA,NO,BALNEARIO JAMBELI,0,1,1,2,1,1,1,1,144,605612.87,9641539.82,-80.0494156,-3.24261857,SI,NO
7,EL ORO,355,SANTA ROSA,2005,LA AVANZADA,0,,1027,UNIDAD EDUCATIVA 13 DE ABRIL,SI,AV.JOSE MARIA OLLAGUE Y MANABI,2505085,3,3,6,1,3,1,3,1903,615302.5322,9609214.28,-79.96189998,-3.53493327,NO,NO
7,EL ORO,355,SANTA ROSA,3330,SAN ANTONIO,1,SAN ANTONIO,2757,UNIDAD EDUCATIVA CARLOS ZAMBRANO OREJUELA,NO,AV. 8 DE OCTUBRE E/ PEDRO JARAMILLO Y CARLOS ZAMBRANO,72906076,2,2,4,1,2,1,2,842,608242.75,9609731.14,-80.0254596,-3.53032709,SI,NO
7,EL ORO,355,SANTA ROSA,4215,VICTORIA,1,LA VICTORIA,2741,UNIDAD EDUCATIVA ROSA DE LUXEMBURGO,NO,BOLIVAR Y SUCRE,72941216,2,2,4,1,2,1,2,1403,626873,9627420,-79.85793798,-3.37013655,SI,NO
7,EL ORO,355,SANTA ROSA,4525,TORATA,1,TORATA,2318,UNIDAD EDUCATIVA FAUSTO MOLINA,NO,VIA PANAMERICANA Y PROF. HERNESTO NIETO,72164030,2,3,5,1,2,1,3,1549,623395,9601893,-79.88897068,-3.60107142,NO,NO
7,EL ORO,355,SANTA ROSA,6060,SANTA ROSA,0,,1265,UNIDAD EDUCATIVA CRNL. FELIX VEGA DAVILA,SI,"PICHINCHA , VEGA DAVILA Y 15 DE OCTUBRE",72943094,7,7,14,26,32,26,32,4900,615713.7036,9618738.193,-79.95829346,-3.44878082,NO,NO
7,EL ORO,355,SANTA ROSA,6060,SANTA ROSA,0,,1269,UNIDAD EDUCATIVA CIUDAD DE SANTA ROSA,SI,HUGO PESANTEZ Y BOLIVAR,72944897,6,5,11,47,52,47,51,3850,615370.4987,9618123.156,-79.96137676,-3.45434753,NO,NO
7,EL ORO,355,SANTA ROSA,6060,SANTA ROSA,0,,1545,UNIDAD EDUCATIVA ANTONIO JOSE DE SUCRE,SI,GUAYAS Y 30 DE AGOSTO,72943180,7,7,14,7,13,7,13,4900,615478.188,9619209.57,-79.96041807,-3.44451931,NO,NO
7,EL ORO,355,SANTA ROSA,6060,SANTA ROSA,0,,308,UNIDAD EDUCATIVA SANTA TERESITA,SI,CALLE OLMEDO Y CALLE EL ORO,72943010,5,5,10,14,18,14,18,3500,614864.1327,9619107.963,-79.96594444,-3.44544444,NO,NO
7,EL ORO,355,SANTA ROSA,6060,SANTA ROSA,0,,378,UNIDAD EDUCATIVA MODESTO CHAVEZ FRANCO,SI,SUCRE Y CARRION PINZANO,72943375,7,7,14,40,46,40,46,4900,615594.7232,9618301.641,-79.95936016,-3.45273082,NO,NO
7,EL ORO,355,SANTA ROSA,6060,SANTA ROSA,0,,380,UNIDAD EDUCATIVA EUGENIO ESPEJO,SI,AV. JAVIER SOTO ENTRE OLMEDO Y SUCRE,72943011,2,4,6,5,6,3,6,2100,615377.3334,9619296.85,-79.96132676,-3.44373082,NO,NO
7,EL ORO,355,SANTA ROSA,6060,SANTA ROSA,0,,382,UNIDAD EDUCATIVA ZOILA UGARTE DE LANDIVAR,SI,AV. ZOILA UGARTE Y PRIMERO DE ENERO,72945240,7,7,14,19,25,19,25,4900,615913.8288,9618881.692,-79.95649346,-3.44748082,NO,NO
7,EL ORO,355,SANTA ROSA,6060,SANTA ROSA,0,,1282,UNIDAD EDUCATIVA MANUEL UTRERAS GOMEZ,SI,MANUEL CARRION PINJANO Y CALLEJON MANABI,72945000,7,7,14,33,39,33,39,4900,615692.3111,9618587.478,-79.95848454,-3.45014432,NO,NO
7,EL ORO,355,SANTA ROSA,6060,SANTA ROSA,0,,6280,UNIDAD EDUCATIVA ENRIQUE SUÁREZ PIMENTEL,NO,CUENCA Y VOLTAIRE PALADINES,72943911,2,1,3,68,69,68,68,649,615018,9619391,-79.96456218,-3.44288272,NO,NO
7,EL ORO,355,SANTA ROSA,6060,SANTA ROSA,0,,6265,UNIDAD EDUCATIVA GAUDENCIO VITE ORTEGA,NO,HERMAN BRAVO ZOILA ARAUZ Y TERESA ARCAYA,72178646,2,2,4,60,61,61,62,1400,614451,9617587,-79.96964841,-3.45920638,NO,NO
7,EL ORO,355,SANTA ROSA,6060,SANTA ROSA,0,,6179,UNIDAD EDUCATIVA PROVINCIA DE IMBABURA,NO,AVDA SIXTO DURAN BALLEN AVDA. JOFRE LIMA IGLESIAS,72943359,2,3,5,66,67,65,67,1750,614299,9620077,-79.97104086,-3.43668453,NO,NO
7,EL ORO,355,SANTA ROSA,6060,SANTA ROSA,0,,6289,UNIDAD EDUCATIVA PROF FABIÁN ESPINOZA SÁNCHEZ,NO,LOJA K ENTRE LL,,2,2,4,57,58,57,58,1400,614804,9617024,-79.96646533,-3.46429552,NO,NO
7,EL ORO,355,SANTA ROSA,6060,SANTA ROSA,0,,6255,UNIDAD EDUCATIVA JAMBELI-SANTA ROSA,NO,MARLENE NIETO Y TEODORO VITE,72943145,4,5,9,53,56,52,56,3150,615754,9617695,-79.95792044,-3.4582166,NO,NO
7,EL ORO,355,SANTA ROSA,6060,SANTA ROSA,0,,6278,UNIDAD EDUCATIVA LASTENIA PESANTES DE NIETO,NO,CAP. EDMUNDO CHIRIBOGA ELOY ALFARO Y VEGA DAVILA,72946192,2,1,3,3,4,2,2,1050,615031,9618663,-79.96443805,-3.44946772,NO,NO
7,EL ORO,355,SANTA ROSA,6060,SANTA ROSA,0,,6279,ESCUELA DE EDUCACIÓN BÁSICA GENERAL ALCIDES PESANTES VILLACÍS,NO,CALLE CUENCA ENTRE AVENIDA EL ORO Y JOSE MARIA OLLAGUE,73600184,2,1,3,1,2,1,1,1050,615284,9618934,-79.96216333,-3.4470139,NO,NO
7,EL ORO,355,SANTA ROSA,6060,SANTA ROSA,0,,6186,UNIDAD EDUCATIVA DR. ALFREDO PEREZ GUERRERO,NO,LOJA E/ FLORESTA Y GUILLERMINA UNDA,72944710,4,2,6,62,65,63,64,2100,614830,9617948,-79.96624035,-3.45593722,NO,NO
7,EL ORO,355,SANTA ROSA,6060,SANTA ROSA,0,,6277,UNIDAD EDUCATIVA JACINTO GRANDA PAREDES,NO,PROF. FABIAN ESPINOZA CALLE G Y CALLE H,72945027,1,2,3,59,59,59,60,1050,615703.5924,9616978.164,-79.9583671,-3.46470123,NO,NO
7,EL ORO,350,MACHALA,5565,LA PROVIDENCIA,3,LA IBERIA,2080,UNIDAD EDUCATIVA 23 DE ABRIL,NO,PANAMERICANA,72955240,1,1,2,1,1,1,1,638,625237,9639610,-79.87278752,-3.25989222,NO,NO
7,EL ORO,355,SANTA ROSA,4215,VICTORIA,2,RIO NEGRO,2678,UNIDAD EDUCATIVA JUAN MONTALVO-SANTA ROSA-VICTORIA,NO,JUAN MONTALVO Y VELASCO IBARRA,0,1,1,2,1,1,1,1,717,628970,9624574,-79.83903354,-3.39585658,SI,NO
7,EL ORO,350,MACHALA,6795,EL CAMBIO,3,LA UNION COLOMBIANA,2756,ESCUELA DE EDUCACIÓN BÁSICA RAFAEL GONZALEZ RUBIO,NO,AV. FERROVIARIA VIA A LA PEAÑA,2140105,1,1,2,1,1,1,1,615,624564,9635473,-79.87880249,-3.29731931,NO,NO
7,EL ORO,375,ARENILLAS,4650,LA CUCA,1,LA CUCA,2102,ESCUELA DE EDUCACION BASICA AMAZONAS,NO,VIA LA CUCA - SN,7309139,2,2,4,1,2,1,2,923,603332,9613320,-80.06970062,-3.49790856,SI,NO
7,EL ORO,370,PIÑAS,1385,SARACAY,3,LAS ORQUIDEAS,3066,ESCUELA DE EDUCACION BASICA JOSE HERMEREGILDO LOAYZA SALAZAR,NO,VÍA A BALSAS ENTRADA AL SITIO FATIMA,0,1,1,2,1,1,1,1,166,627719,9592125,-79.84993101,-3.6893756,NO,NO
7,EL ORO,380,EL GUABO,2050,RIO BONITO,3,SAN VICENTE,3037,ESCUELA DE EDUCACIÓN BÁSICA 30 DE AGOSTO,NO,SAN VICENTE,0,1,1,2,1,1,1,1,63,649770.6476,9651159.731,-79.65214372,-3.15515798,SI,NO
7,EL ORO,705,ATAHUALPA,375,SAN JUAN DE CERRO AZUL,0,,3023,UNIDAD EDUCATIVA ODALIA ARAUZ,NO,VIA PRINCIPAL PACCHA,0,1,1,2,1,1,1,1,523,640701,9616053,-79.73334811,-3.47279383,NO,NO
7,EL ORO,355,SANTA ROSA,325,BELLAVISTA,3,SAN JOSÉ,6026,UNIDAD EDUCATIVA ATAHUALPA,NO,VIA A JUMON,0,1,1,2,1,1,1,1,257,610115,9614231,-80.0086478,-3.48960522,SI,NO
7,EL ORO,375,ARENILLAS,4650,LA CUCA,2,LOS GUAYACANES,4610,ESCUELA DE EDUCACION BASICA DR. NAPOLEON PALADINES CARREÑO,NO,VIA A LA PITAHAYA,0,1,1,2,1,1,1,1,527,606218.7323,9615459.467,-80.0437333,-3.47852933,SI,NO
7,EL ORO,375,ARENILLAS,1695,CARCABON,0,,2139,UNIDAD EDUCATIVA JESÚS MARÍA YEPEZ,NO,26 DE OCTUBRE Y ELOY ALFARO,0,1,1,2,1,1,1,1,651,590155,9599274,-80.18821342,-3.62507993,NO,NO
7,EL ORO,755,LAS LAJAS,6950,PLATANILLOS,1,PLATANILLOS,2759,UNIDAD EDUCATIVA PADRE JUAN DE VELASCO,NO,VÍA LIBERTAD,72953091,1,1,2,1,1,1,1,469,602965,9579520,-80.07269084,-3.80365829,NO,NO
7,EL ORO,755,LAS LAJAS,6950,PLATANILLOS,2,VALLE HERMOSO,3088,POLIDEPORTIVO VALLE HERMOSO,NO,VIA A PLATANILLOS,0,1,1,2,1,1,1,1,177,603269.9981,9579950.011,-80.06994842,-3.79976557,NO,NO
7,EL ORO,585,CHILLA,5715,CHILLA,5,CARABOTA,4971,POLIDEPORTIVO CARABOTA,NO,VIA CHILLA,99453386,1,1,2,1,1,1,1,335,655699,9630595,-79.59854575,-3.34108072,SI,NO
7,EL ORO,350,MACHALA,5565,LA PROVIDENCIA,4,LOS VERGELES,4172,UNIDAD EDUCATIVA REPUBLICA DEL ECUADOR,NO,CALLE TRECE Y AVENIDA V,72131125,2,2,4,1,2,1,2,1208,617849,9640905,-79.93928855,-3.24825092,NO,NO
7,EL ORO,755,LAS LAJAS,1080,EL PARAISO,2,EL TIGRE 1,2753,UNIDAD EDUCATIVA DOLORES CARREÑO DE MORA,NO,SITIO EL TIGRE VIA A PUYANGO,0,1,1,2,1,1,1,1,148,609061,9578057,-80.01778016,-3.816831,NO,NO
7,EL ORO,380,EL GUABO,4000,TENDALES,1,TENDALES,414,UNIDAD EDUCATIVA DEL MILENIO GRAL ELOY ALFARO DELGADO,SI,VIA TENDALES,0,4,4,8,1,4,1,4,2490,628199.4899,9655142.001,-79.84628346,-3.11937205,NO,NO
7,EL ORO,380,EL GUABO,5340,EL GUABO,1,EL GUABO,43,UNIDAD EDUCATIVA ZOILA UGARTE DE LANDIVAR,SI,ELOY ALFARO Y MACHALA,72951117,7,7,14,31,37,31,37,4900,629600.7545,9641238.568,-79.83353328,-3.24511667,NO,NO
7,EL ORO,380,EL GUABO,5340,EL GUABO,1,EL GUABO,24,UNIDAD EDUCATIVA GENERAL MANUEL SERRANO RENDA,SI,SUCRE E/ PASAJE Y SANTA ROSA,72950580,10,10,20,11,20,11,20,7000,629925,9641260,-79.83061555,-3.24491943,NO,NO
7,EL ORO,380,EL GUABO,5340,EL GUABO,1,EL GUABO,29,UNIDAD EDUCATIVA OSCAR EFREN REYES,SI,BOLIVAR E/ JOSE MOLESTINA Y ZARUMA,72955224,10,10,20,21,30,21,30,7000,630040.66,9641485.92,-79.82957706,-3.24287475,NO,NO
7,EL ORO,380,EL GUABO,5340,EL GUABO,1,EL GUABO,5910,UNIDAD EDUCATIVA DR JOSE MIGUEL GARCIA MORENO,SI,CALLE S ENTRE CALLE D,72951288,6,7,13,38,43,38,44,4162,630251,9642237,-79.82769199,-3.23607894,NO,NO
7,EL ORO,380,EL GUABO,5340,EL GUABO,1,EL GUABO,7866,UNIDAD EDUCATIVA ESPECIALIZADA SAN ANTONIO DE PADUA,SI,CDLA. BOLIVAR RIZZO AVENIDA 1 CALLES 5TA Y 6TA. EL GUABO,98754026,10,10,20,1,10,1,10,7000,629756.4701,9641908.44,-79.83213891,-3.23905597,NO,NO
7,EL ORO,370,PIÑAS,2850,PIEDRAS,2,EL CARMEN,3033,ESCUELA DE EDUCACION BASICA REPUBLICA DE COLOMBIA,NO,SITIO EL CARMEN,0,1,1,2,1,1,1,1,357,618929,9595048,-79.92910405,-3.66303522,NO,NO
7,EL ORO,375,ARENILLAS,2715,PALMALES,2,MANABI DE EL ORO,2135,ESCUELA DE EDUCACIÓN BÁSICA 9 DE OCTUBRE,NO,SITIO MANABI DE EL ORO,0,1,1,2,1,1,1,1,116,596935,9587696,-80.12706671,-3.72975615,SI,NO
7,EL ORO,360,ZARUMA,4445,ARCAPAMBA,0,,3054,UNIDAD EDUCATIVA MIGUEL DE CERVANTES,NO,13 DE MAYO Y 9 DE OCTUBRE,72159110,1,2,3,1,1,1,2,899,653503,9596647,-79.61785884,-3.64814566,NO,NO
7,EL ORO,360,ZARUMA,4450,MULUNCAY GRANDE,0,,3049,UNIDAD EDUCATIVA 7 DE SEPTIEMBRE,NO,JUAN AGUILAR Y TEOFILO PEÑALOZA,72143110,1,1,2,1,1,1,1,706,651412,9597811,-79.63669844,-3.63764685,NO,NO
7,EL ORO,360,ZARUMA,6310,ZARUMA,0,,1227,UNIDAD EDUCATIVA GUILLERMO MALDONADO VALENCIA,SI,AV. EL ORO Y AV. EUGENIO ESPEJO,2972172,6,6,12,8,13,8,13,4200,654118.3669,9591719.806,-79.61225038,-3.69269997,NO,NO
7,EL ORO,360,ZARUMA,6310,ZARUMA,0,,1172,UNIDAD EDUCATIVA 26 DE NOVIEMBRE,SI,AV. HONORATO MARQUEZ,2972178,7,7,14,1,7,1,7,4900,653889.0317,9591867.583,-79.61431708,-3.69136667,NO,NO
7,EL ORO,360,ZARUMA,6310,ZARUMA,0,,6281,UNIDAD EDUCATIVA CIUDAD DE ZARUMA,NO,SAN FRANCISCO 1 ENTRE MARTIN SAMANIEGO Y DAMIAN MENESES,72972972,3,3,6,14,16,14,16,1958,654237,9591851,-79.61118421,-3.69151174,NO,NO
7,EL ORO,365,PASAJE,390,BUENAVISTA,0,,1054,UNIDAD EDUCATIVA MANUEL ISAAC ENCALADA ZUÑIGA,SI,CALLE VALENCIA,72941015,4,4,8,1,4,1,4,2800,628367.1433,9628348.498,-79.8445,-3.36172222,SI,NO
7,EL ORO,365,PASAJE,390,BUENAVISTA,0,,6167,UNIDAD EDUCATIVA JORGE ICAZA,NO,BARRIO JORGE ICAZA - BUENAVISTA,72941017,4,4,8,5,8,5,8,2646,627864.792,9628077.687,-79.84901844,-3.36417711,SI,NO
7,EL ORO,365,PASAJE,775,CAÑAQUEMADA,0,,2106,ESCUELA DE EDUCACION BASICA TEMISTOCLES ROMERO LUCIN,NO,VIA CAÑAQUEMADA - JUBONES,73081575,2,2,4,1,2,1,2,1048,631220,9635673,-79.81890249,-3.29544071,NO,NO
7,EL ORO,365,PASAJE,1225,PROGRESO,1,PROGRESO,2091,ESCUELA DE EDUCACIÓN BÁSICA DR. LUIS POVEDA ORELLANA,NO,PEDRO GONZALEZ Y 5 DE JUNIO Y PASAJE,72789069,3,3,6,1,3,1,3,1784,637884,9636091,-79.75893445,-3.2915867,SI,NO
7,EL ORO,365,PASAJE,2075,LA PEAÑA,0,,604,UNIDAD EDUCATIVA OLIVA CARDENAS DE SANCHEZ,SI,AV. GIRON PASAJE,72170108,5,5,10,1,5,1,5,3135,627638.904,9633748.184,-79.85111111,-3.31288889,NO,NO
7,EL ORO,365,PASAJE,4160,UZHCURRUMI,0,,2105,UNIDAD EDUCATIVA ENRIQUE COELLO LECARO,NO,VIA PASAJE GIRON,72170108,2,2,4,1,2,1,2,1078,655944.7811,9632544.633,-79.5963589,-3.32344454,NO,NO
7,EL ORO,365,PASAJE,4495,CASACAY,0,,2322,UNIDAD EDUCATIVA LEONIDAS GARCIA ORTIZ,NO,MANUEL IGNACIO CARRION Y GUILLERMO PONCE,73081707,3,3,6,1,3,1,3,2042,641511,9632543,-79.72625297,-3.32363617,NO,NO
7,EL ORO,365,PASAJE,5770,OCHOA LEON/MATRIZ,0,,420,UNIDAD EDUCATIVA ALEJANDRO CAMPOVERDE ANDRADE-PASAJE,SI,AV. QUITO Y CALLEJON S/N,72913483,5,5,10,1,5,1,5,3500,631114.0224,9631979.486,-79.81981668,-3.32884997,NO,NO
7,EL ORO,365,PASAJE,5770,OCHOA LEON/MATRIZ,0,,429,UNIDAD EDUCATIVA CARMEN MORA DE ENCALADA,SI,OCHOA LEON Y AV. JUBONES,72915254,8,8,16,20,27,20,27,5600,632849.0385,9631818.934,-79.80419998,-3.33028327,NO,NO
7,EL ORO,365,PASAJE,5770,OCHOA LEON/MATRIZ,0,,939,UNIDAD EDUCATIVA JOHN F. KENNEDY,SI,PICHINCHA E/ PRIMERO DE NOVIEMBRE,72918758,6,6,12,41,46,40,45,4200,633199.5133,9632205.462,-79.80104998,-3.32678327,NO,NO
7,EL ORO,365,PASAJE,5770,OCHOA LEON/MATRIZ,0,,394,UNIDAD EDUCATIVA DR. JOSE OCHOA LEON,SI,SAN MARTIN E/ AV. QUITO,72915006,8,8,16,6,13,6,13,5600,631823.309,9631989.691,-79.81343328,-3.32874997,NO,NO
7,EL ORO,365,PASAJE,5770,OCHOA LEON/MATRIZ,0,,343,UNIDAD EDUCATIVA AMELIA TOBAR,SI,AZUAY Y PICHINCHA,72915553,6,6,12,47,52,46,51,4200,633040.5857,9632478.357,-79.80248328,-3.32431667,NO,NO
7,EL ORO,365,PASAJE,5770,OCHOA LEON/MATRIZ,0,,4167,UNIDAD EDUCATIVA ABDON CALDERON GARAICOA,SI,4 DE AGOSTO / CORSINO CARDENAS Y E. NOBLECILLA,2915074,6,6,12,14,19,14,19,4200,631753,9632054,-79.81406675,-3.32816906,NO,NO
7,EL ORO,365,PASAJE,5770,OCHOA LEON/MATRIZ,0,,6103,UNIDAD EDUCATIVA JUAN MONTALVO,NO,AVDA. RIO JUBONES ENTRE JUAN MONTALVO Y OCHOA ORTIZ,72917081,4,4,8,32,35,31,34,2800,632652,9631741,-79.80597245,-3.33099035,NO,NO
7,EL ORO,365,PASAJE,5770,OCHOA LEON/MATRIZ,0,,5923,UNIDAD EDUCATIVA CIUDAD DE PASAJE,NO,MUNICIPALIDAD 1 OCHOA LEON Y OSWALDO HURTADO,72913298,4,3,7,28,31,28,30,2450,632857,9631633,-79.8041263,-3.33196496,NO,NO
7,EL ORO,365,PASAJE,5770,OCHOA LEON/MATRIZ,0,,6105,UNIDAD EDUCATIVA PARTICULAR DR MANUEL A GONZALEZ,NO,AVENIDA ROCAFUERTE 1RO DE NOVIEMBRE Y PICHINCHA,72915191,3,4,7,53,55,52,55,2450,632812,9632597,-79.8045418,-3.32324605,NO,NO
7,EL ORO,365,PASAJE,5770,OCHOA LEON/MATRIZ,0,,5903,UNIDAD EDUCATIVA ING AGUSTIN EDUARDO PAZMIÑO BARCIONA,NO,CLEMENTE VACA ENTRE JUAN MONTALVO Y CALLEJON SIN NOMBRE,72915791,5,4,9,65,69,65,68,2878,632799,9631247,-79.80464408,-3.33545698,NO,NO
7,EL ORO,365,PASAJE,5770,OCHOA LEON/MATRIZ,0,,7578,UNIDAD EDUCATIVA FISCOMISIONAL JUAN XXIII,SI,VIA A MACHALA 124 ENTRE LOT. JULIA BARRETO Y APOLINARIO 2,0,9,9,18,56,64,56,64,6300,631035,9632202,-79.82053027,-3.32683817,NO,NO
7,EL ORO,365,PASAJE,5770,OCHOA LEON/MATRIZ,0,,7867,UNIDAD EDUCATIVA ZULIMA VACA RIVERA,SI,AV. OCHOA LEON Y CALLE CARLOS REGALADO,99577861,5,5,10,36,40,35,39,3500,632956.32,9631697.36,-79.80323313,-3.33138173,NO,NO
7,EL ORO,370,PIÑAS,2465,MOROMORO,2,PALO SOLO,2743,UNIDAD EDUCATIVA PEDRO FERMIN CEVALLOS,NO,SITIO PALO SOLO,0,1,1,2,1,1,1,1,296,637850,9591295,-79.75870804,-3.69675972,NO,NO
7,EL ORO,350,MACHALA,6795,EL CAMBIO,4,CORRALITOS,2680,CENTRO DE EDUCACION BASICA KLEBER FRANCO CRUZ,NO,"VIA PANAMERICANA SUR, 1ERA ENTRADA MARGEN IZQUIERDO SECTOR CORRALITOS",0,1,1,2,1,1,1,1,154,623575,9633121,-79.88767961,-3.31860387,NO,NO
7,EL ORO,585,CHILLA,5715,CHILLA,1,CHILLA,1131,UNIDAD EDUCATIVA CHILLA,SI,MONGOMERY SANCHEZ Y VIA PIVIRI,72503179,4,4,8,1,4,1,4,2738,657759.2275,9617593.856,-79.57983333,-3.45863889,NO,NO
7,EL ORO,690,PORTOVELO,740,CURTINCAPAC,0,,3053,UNIDAD EDUCATIVA CURTINCAPAC,NO,VIA SALATI CALLE JULIO BRITO Y COLISEO DE LA PARROQUI,73083068,1,1,2,1,1,1,1,538,661243.5626,9587247.227,-79.54803947,-3.73304715,NO,NO
7,EL ORO,690,PORTOVELO,3275,SALATI,0,,3069,UNIDAD EDUCATIVA MIGUEL ANGEL CORRAL,NO,CALLEJON S/N Y JULIO BRITO,73089399,2,2,4,1,2,1,2,951,663015.9802,9584921.027,-79.53204773,-3.75405856,NO,NO
7,EL ORO,690,PORTOVELO,4520,MORALES,0,,3067,ESCUELA DE EDUCACION BASICA GABRIEL GARCIA MORENO,NO,VÍA PORTOVELO SALATÍ,0,1,1,2,1,1,1,1,614,661829.9334,9588857.346,-79.54278445,-3.71847649,NO,NO
7,EL ORO,690,PORTOVELO,5850,PORTOVELO,0,,1199,UNIDAD EDUCATIVA JOHN DEWEY,SI,24 DE JUNIO Y ANTONIO JOSE DE SUCRE,72949331,5,5,10,4,8,4,8,3500,653583.0763,9589181.278,-79.61703378,-3.71566667,NO,NO
7,EL ORO,690,PORTOVELO,5850,PORTOVELO,0,,1200,UNIDAD EDUCATIVA FEDERICO FROEBEL,SI,AV. EL EJERCITO Y CALLE MACHALA,72949108,5,5,10,9,13,9,13,3549,653810.9965,9589319.13,-79.61498378,-3.71441667,NO,NO
7,EL ORO,690,PORTOVELO,5850,PORTOVELO,0,,1179,UNIDAD EDUCATIVA 13 DE MAYO,SI,AV. ASSAD BUCARAN Y 13 DE MAYO,72949193,3,3,6,1,3,1,3,2100,653408.6037,9588857.225,-79.61859998,-3.71859997,NO,NO
7,EL ORO,695,HUAQUILLAS,6800,HUALTACO,0,,4150,UNIDAD DE EDUCACION BASICA CLEMENCIA GRANDA,NO,AV. HUALTACO,72148564,2,2,4,1,2,1,2,1320,585828.38,9618398.85,-80.22731269,-3.4521081,SI,NO
7,EL ORO,695,HUAQUILLAS,6805,MILTON REYES,0,,340,UNIDAD EDUCATIVA CAPITAN CESAR EDMUNDO CHIRIBOGA,SI,CHIRIBOGA Y AV. LA REPUBLICA,72510037,4,4,8,4,7,4,7,2800,584903.3121,9615202.093,-80.23561708,-3.48103327,NO,NO
7,EL ORO,695,HUAQUILLAS,6805,MILTON REYES,0,,21,UNIDAD EDUCATIVA REPUBLICA DEL ECUADOR,SI,AV. LA REPUBLICA Y SANTA ROSA Y 19 DE OCTUBRE,72966068,3,3,6,1,3,1,3,2100,584516.3842,9615202.405,-80.23910038,-3.48103327,NO,NO
7,EL ORO,695,HUAQUILLAS,6805,MILTON REYES,0,,1076,UNIDAD EDUCATIVA VICENTE ANDA AGUIRRE,SI,AV. SANTA ROSA Y TENIENTE HUGO ORTIZ,72909581,4,4,8,8,11,8,11,2800,584575.277,9614773.072,-80.23856708,-3.48491667,NO,NO
7,EL ORO,695,HUAQUILLAS,6805,MILTON REYES,0,,4155,UNIDAD EDUCATIVA SARA SERRANO DE MARIDUEÑA,NO,10 DE AGOSTO Y VELASCO IBARRA,0,4,3,7,12,15,12,14,2450,584914.997,9615956.502,-80.23551738,-3.47420867,NO,NO
7,EL ORO,695,HUAQUILLAS,6805,MILTON REYES,0,,6203,UNIDAD EDUCATIVA JACINTA VALDIVIEZO BANEGAS,NO,10 DE AGOSTO E/ CARCHI Y AV. HUALTACO,72995828,2,2,4,16,17,15,16,1173,584909,9615806,-80.23557028,-3.47557018,NO,NO
7,EL ORO,695,HUAQUILLAS,6810,EL PARAISO,0,,403,UNIDAD EDUCATIVA DRA MATILDE HIDALGO DE PROCEL,SI,GUAYAS E/ AV. LA REPUBLICA Y LOS RIOS,72508334,3,2,5,1,3,1,2,1750,585303.2075,9615152.023,-80.23201668,-3.48148327,NO,NO
7,EL ORO,695,HUAQUILLAS,6810,EL PARAISO,0,,4152,UNIDAD EDUCATIVA CIUDAD DE HUAQUILLAS,NO,IMBABURA ENTRE MANABI Y BOLIVAR,72510411,2,3,5,4,5,3,5,1584,585650.9677,9615546.007,-80.22888889,-3.47791667,NO,NO
7,EL ORO,695,HUAQUILLAS,6815,ECUADOR,0,,1279,UNIDAD EDUCATIVA REMIGIO GEO GOMEZ GUERRERO,SI,"AVENIDA LA REPUBLICA , ASAD BUCARAN Y LOS SHIRIS",72510370,9,9,18,1,9,1,9,6300,586497.1767,9615020.226,-80.22126708,-3.48266667,NO,NO
7,EL ORO,695,HUAQUILLAS,6815,ECUADOR,0,,2101,"UNIDAD DE EDUCACION ESPECIALIZADA ""HUAQUILLAS""",SI,SARGENTO MAURI,72511760,9,9,18,19,27,19,27,6300,586439,9614877,-80.22178975,-3.48396275,NO,NO
7,EL ORO,695,HUAQUILLAS,6815,ECUADOR,0,,367,UNIDAD EDUCATVA PRIMERO DE OCTUBRE,SI,AV. ESMERALDAS Y AV. PASAJE,72511174,9,9,18,10,18,10,18,6300,586049.3387,9615191.939,-80.22529998,-3.48111667,NO,NO
7,EL ORO,695,HUAQUILLAS,6815,ECUADOR,0,,6221,UNIDAD EDUCATIVA HUAQUILLAS,NO,ASAAD BUCARAM ENTRE AV. LA REPUBLICA Y CARCHI,72510366,6,5,11,28,33,28,32,3671,586437,9615013,-80.22180876,-3.48273249,NO,NO
7,EL ORO,695,HUAQUILLAS,6820,UNION LOJANA,0,,4154,UNIDAD EDUCATIVA JAIME ROLDOS AGUILERA,NO,ABDON CALDERON Y BOLIVAR MADERO,72971341,3,2,5,1,3,1,2,1750,587156.6837,9615123.063,-80.21533069,-3.48173145,NO,NO
7,EL ORO,695,HUAQUILLAS,6820,UNION LOJANA,0,,6227,UNIDAD EDUCATIVA CLOTARIO IÑIGUEZ LUZURIAGA,NO,AV TIWINTZA ENTRE COFANES CAYAPAS Y QUITUS,72970757,2,3,5,4,5,3,5,1412,588229,9615177,-80.20567769,-3.48123541,NO,NO
7,EL ORO,705,ATAHUALPA,225,AYAPAMBA,0,,2669,COLISEO DE DEPORTE DE AYAPAMBA,NO,10 DE AGOSYO Y SANTA ROSA,72514179,2,2,4,1,2,1,2,1401,646802,9600591,-79.67823546,-3.61256506,NO,NO
7,EL ORO,705,ATAHUALPA,4480,CORDONCILLO,0,,3019,UNIDAD EDUCATIVA REPUBLICA DE MEXICO,NO,AV. MIRAFLORES,73082854,2,2,4,1,2,1,2,930,650365.03,9602612.73,-79.64618792,-3.59423228,NO,NO
7,EL ORO,705,ATAHUALPA,4530,SAN JOSE,0,,2735,UNIDAD EDUCATIVA DR. CARLOS REYES ANDRADE,NO,VIA ZARUMA,0,1,1,2,1,1,1,1,461,649171,9598905,-79.65688709,-3.6277826,NO,NO
7,EL ORO,705,ATAHUALPA,4535,MILAGRO,0,,2739,COLISEO DE DEPORTES MILAGRO,NO,28 DE JULIO,0,1,1,2,1,1,1,1,447,648741,9598828,-79.660757,-3.62848479,NO,NO
7,EL ORO,705,ATAHUALPA,5745,PACCHA,0,,1132,UNIDAD EDUCATIVA ANGEL TINOCO RUIZ,SI,AMADOR CELY Y 10 DE AGOSTO,72953203,4,4,8,1,4,1,4,2806,648087.2752,9603257.244,-79.66670038,-3.58843327,NO,NO
7,EL ORO,755,LAS LAJAS,1075,SAN ISIDRO,0,,2758,UNIDAD EDUCATIVA JUAN LEON MERA,NO,16 DE JULIO,0,1,1,2,1,1,1,1,621,610841,9586831,-80.00184152,-3.73744693,NO,NO
7,EL ORO,755,LAS LAJAS,1080,EL PARAISO,1,EL PARAISO,3039,UNIDAD EDUCATIVA PROVINCIA DEL TUNGURAHUA,NO,VIA PRINCIPAL SAN ISIDRO,0,1,1,2,1,1,1,1,675,608077,9582444,-80.02668579,-3.77715806,SI,NO
7,EL ORO,755,LAS LAJAS,1100,LA LIBERTAD,1,LA LIBERTAD,2752,UNIDAD EDUCATIVA DR. JOSE MARIA VELASCO IBARRA,NO,VIA A PUYANGO,0,1,1,2,1,1,1,1,721,599338.6771,9574401.696,-80.10529895,-3.84999204,SI,NO
7,EL ORO,755,LAS LAJAS,6335,LA VICTORIA/LAS LAJAS,0,,6237,UNIDAD EDUCATIVA EUGENIO ESPEJO,SI,AV MUNICIPALIDAD Y ARENILLAS,72953233,4,4,8,1,4,1,4,2725,603795,9581490,-80.06523563,-3.78583016,NO,NO
7,EL ORO,860,MARCABELI,160,EL INGENIO,0,,8330,UNIDAD EDUCATIVA DOCTOR JORGE ZAVALA BAQUERIZO,NO,CALLEJON S/N Y AV. MACHALA,,1,1,2,1,1,1,1,518,618692,9587201,-79.93115284,-3.73401664,NO,NO
7,EL ORO,860,MARCABELI,6570,MARCABELI,0,,430,UNIDAD EDUCATIVA FEBRES CORDERO,SI,MANUEL GALLARDO Y GENERAL MIGUEL ITURRALDE,72956144,5,5,10,1,5,1,5,3500,620647.0449,9581346.57,-79.91348378,-3.78694997,NO,NO
7,EL ORO,860,MARCABELI,6570,MARCABELI,0,,6017,UNIDAD EDUCATIVA FISCOMISIONAL LUIS ENRIQUE CORDOVA,NO,BATALLON IMBABURA GNRAL MIGUEL ITURRALDE,72956845,3,3,6,6,8,6,8,1934,620726,9581357,-79.91277293,-3.78685473,NO,NO
7,EL ORO,875,BALSAS,1975,BELLAMARIA,0,,2671,UNIDAD EDUCATIVA BELLAMARIA,NO,AV. BALSAS - MARCABELI E/JUAN ASTUDILLO Y MANUEL APOLO,72517330,2,2,4,1,2,1,2,994,627963,9584238,-79.84764137,-3.76071136,NO,NO
7,EL ORO,875,BALSAS,6590,BALSAS,0,,1083,UNIDAD EDUCATIVA GENERAL VICENTE ANDA AGUIRRE,SI,JUAN VICENTE ROMERO Y VICENTE GALARZA,72517155,5,6,11,1,5,1,6,3850,631190.462,9584476.33,-79.81858378,-3.75851667,NO,NO
7,EL ORO,875,BALSAS,6590,BALSAS,0,,6016,UNIDAD EDUCATIVA MIXTA PROVINCIA NAPO PASTAZA,NO,SUCRE Y DIEZ DE AGOSTO,72517520,4,4,8,6,9,7,10,2630,630663,9584269,-79.82333057,-3.7603984,NO,NO
7,EL ORO,365,PASAJE,6365,LOMA DE FRANCO,0,,2104,ESCUELA DE EDUCACION BASICA RUMIÑAHUI,NO,AV. LOMAS DE FRANCO,72914140,3,2,5,1,3,1,2,1482,634077.92,9630422.73,-79.79312482,-3.34289838,NO,NO
7,EL ORO,365,PASAJE,6370,BOLIVAR,0,,422,UNIDAD EDUCATIVA DR. RODRIGO UGARTE CORDOVA,NO,RODRIGO UGARTE ENTRE PIEDRAHITA Y 9 DE OCTUBRE,72915718,2,2,4,1,2,1,2,907,631617.5722,9632057.436,-79.81528562,-3.32813945,NO,NO
7,EL ORO,365,PASAJE,6375,TRES CERRITOS,0,,2366,UNIDAD EDUCATIVA CAPITAN JUAN SALINAS,NO,ANTIGUA VIA GIRON PASAJE,72917632,1,1,2,1,1,1,1,743,636897,9632288,-79.76777435,-3.32599554,NO,NO
7,EL ORO,370,PIÑAS,505,CAPIRO,1,CAPIRO,3043,UNIDAD EDUCATIVA SEBASTIAN DE BENALCAZAR,NO,MANUEL IGNACIO ROMERO Y JOSE ISIDORO LOAYZA,73085005,1,2,3,1,1,1,2,754,642693,9585718,-79.71503265,-3.74713941,SI,NO
7,EL ORO,370,PIÑAS,1385,SARACAY,1,SARACAY,3040,UNIDAD EDUCATIVA JUAN JOSE LOAYZA,NO,CDLA. LA INMACULADA,72515130,2,2,4,1,2,1,2,1175,626774,9596849,-79.85849351,-3.64665739,NO,NO
7,EL ORO,370,PIÑAS,2230,LA BOCANA,1,LA BOCANA,3068,ESCUELA DE EDUCACION BASICA DR. MIGUEL MORENO ORDOÑEZ,NO,CDLA. VIRGEN DEL CISNE,73084947,2,2,4,1,2,1,2,1004,621962,9592247,-79.90176575,-3.68833783,NO,NO
7,EL ORO,370,PIÑAS,2465,MOROMORO,1,MOROMORO,3046,COLISEO DE DEPORTES OSWALDO LOAYZA SANCHEZ,NO,S/N,72160004,2,2,4,1,2,1,2,944,639497.8645,9592620.747,-79.74388883,-3.68474772,NO,NO
7,EL ORO,370,PIÑAS,2850,PIEDRAS,1,PIEDRAS,3030,ESCUELA DE EDUCACION BASICA 8 DE NOVIEMBRE,NO,VIA A LA BOCANA Y CDLA MIRAFLORES,0,1,1,2,1,1,1,1,451,620444,9597966,-79.91549553,-3.63662452,NO,NO
7,EL ORO,370,PIÑAS,3650,SAN ROQUE,0,,3038,ESCUELA DE EDUCACION BASICA DR. GUILLERMO GUZMAN AYORA,NO,CALLE JOSE ROMERO Y MANUEL MORALES,3091970,1,2,3,1,1,1,2,777,647791,9587833,-79.66916159,-3.72794155,NO,NO
7,EL ORO,370,PIÑAS,5790,PIÑAS,0,,22,ESCUELA DE EDUCACION GENERAL BASICA DR GONZALO ABAD GRIJALVA,SI,JUAN JOSE LOAYZA Y UNE,2976688,4,4,8,22,25,21,24,2590,646618.8219,9592925.316,-79.67978328,-3.68189997,NO,NO
7,EL ORO,370,PIÑAS,5790,PIÑAS,0,,23,UNIDAD EDUCATIVA 8 DE NOVIEMBRE,SI,SEGUNDO FIGUEROA ENTRE ANGEL SALVADOR OCHOA Y SUCRE,72976015,5,5,10,1,5,1,5,3500,646838.9311,9592797.841,-79.67779998,-3.68304997,NO,NO
7,EL ORO,370,PIÑAS,5790,PIÑAS,0,,41,UNIDAD EDUCATIVA LEOVIGILDO LOAYZA LOAYZA,SI,AV. LOJA Y JOSE JOAQUIN DE OLMEDO,2976175,6,4,10,10,15,10,13,3500,646528.3622,9593098.67,-79.68059998,-3.68033327,NO,NO
7,EL ORO,370,PIÑAS,5790,PIÑAS,0,,27,ESCUELA DE EDUCACION GENERAL BÁSICA DR FEDERICO GONZALEZ SUAREZ,NO,JUAN MONTALVO ENTRE ABDON CALDERÓN Y 9 DE OCTUBRE,72976236,4,4,8,6,9,6,9,2800,646134.0167,9593082.668,-79.68414998,-3.68048327,NO,NO
7,EL ORO,370,PIÑAS,5790,PIÑAS,0,,1,UNIDAD EDUCATIVA CRISTOBAL COLON,SI,GONZALEZ SUAREZ Y AV. KENNEDY,2976244,4,4,8,18,21,17,20,2800,646326.8553,9593292.455,-79.68241668,-3.67858327,NO,NO
7,EL ORO,370,PIÑAS,5790,PIÑAS,0,,6254,UNIDAD EDUCATIVA TERESA MOLINA DE MUÑOZ,NO,AVDA 8 DE NOVIEMBRE GENERAL JOSE GALLARDO Y SEGUNDO CUEVA CELI,72976160,2,3,5,16,17,14,16,1750,646869,9592978,-79.67753168,-3.68142011,NO,NO
7,EL ORO,370,PIÑAS,6675,PIÑAS GRANDE,0,,3036,ESCUELA DE EDUCACION BASICA DR. LUIS CORDERO CRESPO,NO,AV. KENEDY VIA ANTIGUA A LA COSTA,72975442,1,1,2,1,1,1,1,245,644697,9594550,-79.69710645,-3.66723093,NO,NO
7,EL ORO,350,MACHALA,6490,9 DE MAYO,5,KM. 15,2676,UNIDAD EDUCATIVA MANUELA CAÑIZARES,NO,KM 15 VIA A BALOSA MARGEN IZQUIERDO,72785167,1,1,2,1,1,1,1,513,615566,9630967,-79.95974132,-3.33816668,NO,NO
7,EL ORO,365,PASAJE,1225,PROGRESO,3,LA CADENA,2086,ESCUELA DE EDUCACION BASICA GENERAL CALICUCHIMA,NO,AVE. ANTIGUA VIA JIRON PASAJE,0,1,1,2,1,1,1,1,200,640183,9638487,-79.73827215,-3.26988926,SI,NO
7,EL ORO,350,MACHALA,6490,9 DE MAYO,6,BALOSA,7895,ESCUELA DE EDUCACION BASICA FISCAL MANUEL CENTENO GARZON,NO,KM 10 VIA A BALOSA,93999297,2,1,3,1,2,1,1,774,615769.125,9636666.361,-79.95796702,-3.28661115,NO,NO
7,EL ORO,350,MACHALA,5565,LA PROVIDENCIA,2,RAYITO DE LUZ,2087,UNIDAD EDUCATIVA EL ORO,NO,MACHALA 412 Y 17 DE SEPTIEMBRE Y VOLTAIRE MEDINA,72150617,3,2,5,1,3,1,2,1456,618773,9639628,-79.93096079,-3.25979314,NO,NO
7,EL ORO,585,CHILLA,5715,CHILLA,3,PEJEYACU,3029,ESCUELA DE EDUCACIÓN BÁSICA 25 DE JULIO,NO,S/N,0,1,1,2,1,1,1,1,119,649292,9630337,-79.65620138,-3.34349513,SI,NO
7,EL ORO,585,CHILLA,5715,CHILLA,4,DUMARI,3031,ESCUELA DE EDUCACION BASICA DR. EDMUNDO CARBO,NO,SITIO DUMARI,0,1,1,2,1,1,1,1,148,646386,9619514,-79.68222141,-3.4414203,SI,NO
7,EL ORO,755,LAS LAJAS,1100,LA LIBERTAD,2,PUYANGO DE LA LIBERTAD,2682,UNIDAD EDUCATIVA JORGE YEPEZ CARRANZA,NO,VIA AL BOSQUE PETRIFICADO,0,1,1,2,1,1,1,1,114,602295.6656,9570779.272,-80.07863353,-3.88273102,SI,NO
7,EL ORO,380,EL GUABO,2050,RIO BONITO,2,SAN MIGUEL DE BRAZIL,8267,UNIDAD EDUCATIVA JUAN SEMIGLIA,NO,PARTE CENTRICA DEL SITIO SAN MIGUEL DE BRASIL,,1,1,2,1,1,1,1,565,641330,9656629,-79.72815176,-3.10578562,NO,NO
7,EL ORO,370,PIÑAS,1385,SARACAY,2,CAMARONES,3042,ESCUELA DE EDUCACION BASICA SIMON BOLIVAR,NO,VÍA A PIÑAS SITIO CAMARONES,0,1,1,2,1,1,1,1,226,625170.0937,9599463.763,-79.87296297,-3.62302464,NO,NO
7,EL ORO,355,SANTA ROSA,3330,SAN ANTONIO,2,LAGUNA DE CAÑAS,3353,UNIDAD EDUCATIVA RIO CENEPA,NO,S/N,0,1,1,2,1,1,1,1,294,609382,9613102,-80.0152356,-3.4998247,SI,NO
7,EL ORO,350,MACHALA,7505,JUBONES,0,,7626,UNIDAD EDUCATIVA DR. MANUEL BENJAMIN CARRION MORA,NO,GUAYAS E/AV. 8VA. NORTE,99767049,3,3,6,1,3,1,3,1743,616865,9640400,-79.94813939,-3.25282819,NO,NO
7,EL ORO,370,PIÑAS,2230,LA BOCANA,2,EL BRASIL,8290,ESCUELA DE EDUCACION BÁSICA VICTOR MANUEL LOAYZA,NO,SITIO EL BRASIL-IWINZA Y CALLE H,,1,1,2,1,1,1,1,129,623284,9592541,-79.8898663,-3.68566371,NO,NO
7,EL ORO,365,PASAJE,1225,PROGRESO,5,MUYUYACU,3304,ESCUELA DE EDUCACIÓN BÁSICA CIRO VICENTE VERA,NO,SN,0,1,1,2,1,1,1,1,176,647912,9634044,-79.66866568,-3.30998398,SI,NO
7,EL ORO,365,PASAJE,1225,PROGRESO,6,LA PLAYA,3303,ESCUELA DE EDUCACION BASICA PROVINCIA DE EL ORO,NO,VIA A LA TIGRERA,0,1,1,2,1,1,1,1,53,652021,9642278,-79.63178921,-3.23546166,SI,NO
7,EL ORO,365,PASAJE,1225,PROGRESO,7,RÁJARO,2303,ESCUELA DE EDUCACION BASICA ING. ANDRES CORSINO GARCIA,NO,S/N,0,1,1,2,1,1,1,1,82,639821,9632827,-79.7414655,-3.32108703,SI,NO
7,EL ORO,365,PASAJE,1225,PROGRESO,8,DUCOS,3220,ESCUELA DE EDUCACION BASICA MIGUEL ALFONSO CARMONA BENENAULA,NO,S/N,0,1,1,2,1,1,1,1,94,642553,9633052,-79.7168814,-3.31902021,SI,NO
7,EL ORO,355,SANTA ROSA,1815,JAMBELI,2,PONGALILLO-LAS CASITAS,3062,ESCUELA DE EDUCACIÓN BÁSICA AUGUSTO RODAS MALDONADO,NO,S/N,0,1,1,2,1,1,1,1,64,597654,9631258,-80.12096323,-3.33569235,SI,NO
7,EL ORO,355,SANTA ROSA,1815,JAMBELI,3,LAS HUACAS,3059,UNIDAD EDUCATIVA PROVINCIA DE PICHINCHA,NO,S/N,0,1,1,2,1,1,1,1,102,592889,9629882,-80.16384189,-3.34817724,SI,NO
7,EL ORO,380,EL GUABO,5340,EL GUABO,2,TILLALES,2090,UNIDAD EDUCATIVA PROVINCIA DE EL ORO,NO,AV. PANAMERICANA,0,1,1,2,1,1,1,1,329,627472,9640715,-79.8526851,-3.24987446,NO,NO
7,EL ORO,380,EL GUABO,4000,TENDALES,2,BAJO ALTO,2116,ESCUELA DE EDUCACION BASICA JAMBELI,NO,CALLE PRINCIPAL A BAJO ALTO Y FABIAN ALARCON,0,1,1,2,1,1,1,1,530,623475,9655895,-79.88880262,-3.11260689,SI,NO
7,EL ORO,380,EL GUABO,2050,RIO BONITO,1,RIO BONITO,2115,UNIDAD EDUCATIVA DR. CARLOS CORNEJO ORBE,NO,AV. PANAMERICANA,0,4,4,8,1,4,1,4,2721,637211,9656704,-79.76521412,-3.10515141,SI,NO
7,EL ORO,365,PASAJE,1225,PROGRESO,2,GALAYACU,2365,UNIDAD EDUCATIVA RAFAEL SALDAÑA MENDOZA,NO,RAFAEL SALDAÑA,0,1,1,2,1,1,1,1,399,645897.2808,9633283.344,-79.68678758,-3.31688811,SI,NO
7,EL ORO,355,SANTA ROSA,325,BELLAVISTA,2,SAN AGUSTIN,2736,UNIDAD EDUCATIVA RABINDRATH TAGORE,NO,VIA COMUNAS RIVEREÑAS,0,1,1,2,1,1,1,1,502,609490,9612056,-80.01425347,-3.5092854,SI,NO
7,EL ORO,355,SANTA ROSA,1665,BELLAMARIA,2,VALLE HERMOSO,2103,UNIDAD EDUCATIVA GRAL. ELOY ALFARO DELGADO-SANTA ROSA-BELLAMARIA,NO,CALLE PRINCIPAL VALLE HERMOSO,0,1,1,2,1,1,1,1,375,628483,9611614,-79.84327492,-3.51308671,NO,NO
7,EL ORO,355,SANTA ROSA,6670,PUERTO JELI,0,,2079,UNIDAD EDUCATIVA JAVIER SOTO,NO,AV. EUGENIO CAJAMARCA Y CLAUDIO SUAREZ,0,2,2,4,1,2,1,2,829,611613,9622534,-79.9952418,-3.41448537,NO,NO
7,EL ORO,360,ZARUMA,5,ABANIN,1,ABANIN,3057,UNIDAD EDUCATIVA AMERICA,NO,CALLE PRINCIPAL,0,1,2,3,1,1,1,2,780,666511,9631386,-79.50125895,-3.33378275,SI,NO
7,EL ORO,360,ZARUMA,1420,GUANAZAN,1,GUANAZAN,1106,ESCUELA DE EDUCACIÓN BÁSICA 9 DE OCTUBRE,SI,9 DE OCTUBRE VIA A UZHCURRUMI,0,4,4,8,1,4,1,4,2486,667491.1566,9617689.769,-79.4922466,-3.45763577,SI,NO
7,EL ORO,360,ZARUMA,1425,GUIZHAGUIÑA,0,,3051,UNIDAD EDUCATIVA GUIZHAGUIÑA,NO,AV. 12 DE OCTUBRE Y AV. ZARUMA,3083834,2,2,4,1,2,1,2,1300,660837,9591688,-79.55176514,-3.69289075,NO,NO
7,EL ORO,360,ZARUMA,1655,HUERTAS,0,,3035,UNIDAD EDUCATIVA HUERTAS,NO,CAMILO PONCE ENRIQUEZ Y ANGEL CASTRO,72146088,3,3,6,1,3,1,3,1823,651939.1755,9601293.918,-79.632,-3.60613889,NO,NO
7,EL ORO,360,ZARUMA,1700,SINSAO,0,,3021,UNIDAD EDUCATIVA VICENTE ROCAFUERTE,NO,10 DE NOVIEMBRE Y CARMITA CORDERO,0,2,2,4,1,2,1,2,995,657380,9594796,-79.58293115,-3.66483188,NO,NO
7,EL ORO,360,ZARUMA,1750,SALVIAS,0,,3025,UNIDAD EDUCATIVA DR. ERNESTO A. CASTRO,NO,AV. 5 DE NOVIEMBRE Y VIA A TAMBILLO,0,1,1,2,1,1,1,1,777,661256,9597732,-79.54808129,-3.63822253,NO,NO
7,EL ORO,360,ZARUMA,2350,MALVAS,0,,3032,UNIDAD EDUCATIVA REINALDO ESPINOZA,NO,AV. ZARUMA Y JOSE AGUILAR,72144060,1,2,3,1,1,1,2,781,652513,9595309,-79.62675267,-3.66026067,NO,NO
8,ESMERALDAS,560,ESMERALDAS,5600,LUIS TELLO / LAS PALMAS /,0,,1246,"UNIDAD EDUCATIVA FISCOMISIONAL ""NUEVO ECUADOR""",SI,AV. BARBIZOTTI ENTRE ALDO MENGI Y ANTONIO GUERRA,62461016,7,7,14,4,10,4,10,4900,649461.0783,10109273.22,-79.65675631,0.98835467,NO,NO
8,ESMERALDAS,560,ESMERALDAS,5600,LUIS TELLO / LAS PALMAS /,0,,1229,"ESCUELA FISCAL ""GUAYAQUIL""",NO,LUIS TELLO Y RAMÓN VALDEZ,62461204,3,3,6,1,3,1,3,2100,649566.5765,10109266.35,-79.65580838,0.98829213,NO,NO
8,ESMERALDAS,560,ESMERALDAS,5600,LUIS TELLO / LAS PALMAS /,0,,6067,ESCUELA FISCAL MODESTO ELIAS MENDOZA MOREIRA,NO,BARRIO EL PANECILLO,62460581,3,3,6,11,13,11,13,1651,649546.8067,10109083.28,-79.65598668,0.9866364,NO,NO
8,ESMERALDAS,561,RIO VERDE,930,CHONTADURO,1,CHONTADURO,1674,UNIDAD EDUCATIVA FISCAL CHONTADURO,SI,CALLE FRANCISCO ARCO VÍA CHUMUNDE,62447085,4,4,8,1,4,1,4,2646,673965.6133,10102941.41,-79.43660517,0.93099342,NO,SI
8,ESMERALDAS,561,RIO VERDE,965,CHUMUNDE,1,CHUMUNDE,3286,UNIDAD EDUCATIVA ARMENGOL LARA VALENCIA,NO,Via Principal Chumunde,63043013,3,4,7,1,3,1,4,2310,676101.7891,10091913.84,-79.41745476,0.83125346,NO,SI
8,ESMERALDAS,561,RIO VERDE,2035,LAGARTO,1,LAGARTO,1666,U.E. FISCAL AURELIA BECERRA DE QUIÑONEZ NRO. 1,SI,CALLES 6 DE DICIEMBRE Y MEJIA,2745060,3,3,6,1,3,1,3,2100,691600.4848,10115559.62,-79.27811111,1.04502778,NO,NO
8,ESMERALDAS,561,RIO VERDE,2035,LAGARTO,1,LAGARTO,6181,UNIDAD EDUCATIVA AURELIA BECERRA DE QUIÑONEZ BLOQUE 2,NO,ERNALDO OLMEDO,62745066,2,3,5,4,5,4,6,1620,691548,10115339,-79.27858373,1.04303295,NO,NO
8,ESMERALDAS,561,RIO VERDE,2445,MONTALVO / HORQUETA,0,,1687,UNIDAD EDUCATIVA FISCAL JUAN MONTALVO,SI,CALLE JOAQUIN ESTUPIÑAN VÍA GUALPE,62742023,6,7,13,1,6,1,7,4363,687632.1195,10116045.79,-79.31376147,1.04944383,NO,SI
8,ESMERALDAS,561,RIO VERDE,3215,ROCAFUERTE,1,ROCAFUERTE,1684,UNIDAD EDUCATIVA FISCAL RAMÓN ESTUPIÑAN,SI,CALLES RAMÓN ESTUPIÑAN Y SUCRE,0,7,7,14,1,7,1,7,4746,681034.5453,10118029.64,-79.37302778,1.06741667,NO,NO
8,ESMERALDAS,561,RIO VERDE,6720,RIO VERDE,1,RIO VERDE,1664,UNIDAD EDUCATIVA RIO VERDE NRO.2,SI,CALLES 22 DE JULIO E INDEPENDENCIA,0,4,5,9,1,4,1,5,3150,676690.737,10118662.14,-79.4120528,1.0731574,NO,NO
8,ESMERALDAS,561,RIO VERDE,6720,RIO VERDE,1,RIO VERDE,6135,UNIDAD EDUCATIVA RIO VERDE,NO,CALLE 22 DE JULIO,0,5,4,9,5,9,6,9,2909,676690,10118662,-79.41205943,1.07315611,NO,NO
8,ESMERALDAS,565,ELOY ALFARO,120,ANCHAYACU,0,,3308,UNIDAD EDUCATIVA FISCAL 2 DE AGOSTO,NO,CALLE SIN NOMBRE,0,2,3,5,1,2,1,3,1468,715973.4753,10105555.75,-79.05920692,0.95444366,SI,SI
8,ESMERALDAS,565,ELOY ALFARO,370,BORBON,0,,2016,U.E. FISCOMISIONAL SANTA MARÍA GORETTI,SI,KM 1 VÍA A BORBON,62786467,6,7,13,8,13,7,13,4389,722888.7667,10120057.42,-78.99700834,1.08552782,NO,NO
8,ESMERALDAS,565,ELOY ALFARO,370,BORBON,0,,2017,UNIDAD EDUCATIVA FISCAL BORBON,SI,ARTESANAL Y CALLE SECUNDARIA NUEVA ESPERANZA,62786207,7,6,13,1,7,1,6,4550,723829.3453,10120684.76,-78.98855556,1.09119444,NO,NO
8,ESMERALDAS,565,ELOY ALFARO,1510,COLON ELOY DE MARIA,0,,3331,UNIDAD EDUCATIVA RAFAEL ASTUDILLO,NO,AV. ESMERALDAS Y ANTONIO JOSE DE SUCRE,0,2,2,4,1,2,1,2,1270,732707,10112794,-78.9088591,1.01979759,NO,SI
8,ESMERALDAS,565,ELOY ALFARO,1515,TIMBIRE,0,,3335,UNIDAD EDUCATIVA GONZALEZ S. CORDOVA,NO,CALLES 30 DE MAYO,0,2,2,4,1,2,1,2,867,737635.3318,10105891.2,-78.86463267,0.95736039,NO,SI
8,ESMERALDAS,560,ESMERALDAS,5210,5 DE AGOSTO,2,PROPICIA 1,3330,"UNIDAD EDUCATIVA FISCAL ""5 DE AGOSTO""",NO,SIMON PLATA TORRES,62019086,2,2,4,1,2,1,2,1258,648824,10102883,-79.66250329,0.93055869,NO,NO
8,ESMERALDAS,580,SAN LORENZO,3955,TAMBILLO,2,EL PROGRESO,3343,ESCUELA FISCAL JOSE ABEL CASTILLO,NO,CALLE NUESTRA SEÑORA DE GUADALUPE,0,1,1,2,1,1,1,1,386,734524.9919,10128073.35,-78.89243376,1.15792927,SI,SI
8,ESMERALDAS,560,ESMERALDAS,5335,ESMERALDAS,1,ESMERALDAS,1135,"U.E. FISCOMISIONAL ""SAGRADO CORAZÓN""",SI,AV. OLMEDO Y EUGENIO ESPEJO,62725516,13,12,25,9,21,9,20,8750,649666.9272,10107300.44,-79.65491376,0.97051056,NO,NO
8,ESMERALDAS,560,ESMERALDAS,5335,ESMERALDAS,1,ESMERALDAS,1099,"ESCUELA FISCAL""HISPANO AMERICA NRO. 2""",SI,SUCRE ENTRE 10 DE AGOSTO Y ROCAFUERTE,62715647,6,6,12,3,8,3,8,4200,649939.7283,10106974.39,-79.65246366,0.96756052,NO,NO
8,ESMERALDAS,560,ESMERALDAS,5335,ESMERALDAS,1,ESMERALDAS,1660,UNIDAD EDUCATIVA PARTICULAR LUZ Y LIBERTAD,NO,MANABI,62724424,10,4,14,58,67,57,60,4720,649539.3626,10107797.92,-79.65605821,0.9750106,NO,NO
8,ESMERALDAS,560,ESMERALDAS,5335,ESMERALDAS,1,ESMERALDAS,1294,UNIDAD EDUCATIVA FISCAL ELOY ALFARO,SI,MURIEL ENTRE SUCRE Y OLMEDO,62712898,5,5,10,47,51,46,50,3500,649646.3714,10107691.08,-79.65509706,0.97404389,NO,NO
8,ESMERALDAS,560,ESMERALDAS,5335,ESMERALDAS,1,ESMERALDAS,1639,"ESCUELA FISCAL ""JUAN MONTALVO""",SI,MANABI ENTRE SUCRE Y LUIS VARGAS TORRES,62722815,6,6,12,52,57,51,56,4200,649638.9098,10107786.9,-79.65516377,0.9749106,NO,NO
8,ESMERALDAS,560,ESMERALDAS,5335,ESMERALDAS,1,ESMERALDAS,1920,"UNIDAD EDUCATIVA ""21 DE SEPTIEMBRE""",NO,9 DE OCTUBRE ENTRE BOLIVAR Y MALECÓN,62711052,2,2,4,1,2,1,2,1400,650118.0502,10106936.54,-79.65086148,0.96721757,NO,NO
8,ESMERALDAS,560,ESMERALDAS,5335,ESMERALDAS,1,ESMERALDAS,1967,U.E. FISCOMISIONAL DON BOSCO,SI,EUGENIO ESPEJO Y AV. ELOY ALFARO,62723123,9,9,18,22,30,21,29,6300,649466.6158,10107254.29,-79.65671383,0.97009385,NO,NO
8,ESMERALDAS,560,ESMERALDAS,5335,ESMERALDAS,1,ESMERALDAS,1968,ESCUELA FISCOMISIONAL DON BOSCO,SI,EUGENIO ESPEJO Y SUBIDA A LA PUCESE,62720957,9,9,18,31,39,30,38,6300,649420.2506,10107254.27,-79.65713044,0.97009385,NO,NO
8,ESMERALDAS,560,ESMERALDAS,5335,ESMERALDAS,1,ESMERALDAS,5458,UNIDAD EDUCATIVA FISCAL ELOY ALFARO NRO. 2,NO,LAVAYEN ENTRE SUCRE Y OLMEDO,62712898,4,4,8,43,46,42,45,2800,649706.022,10107574.75,-79.65456149,0.97299151,NO,NO
8,ESMERALDAS,560,ESMERALDAS,5335,ESMERALDAS,1,ESMERALDAS,6117,UNIDAD EDUCATIVA MONSEÑOR LEONIDAS PROAÑO,NO,RIO BALAO Y RIO TEAONE,62723326,3,3,6,40,42,39,41,2100,649110.2443,10106836.19,-79.6599175,0.96631346,NO,NO
8,ESMERALDAS,565,ELOY ALFARO,4170,TELEMBI,5,GUALPI DEL CAYAPAS,4645,"ESCUELA GENERAL BÁSICA ""TEEKALI""",NO,ZONA GUALPI DEL CAYAPAS,0,1,1,2,1,1,1,1,217,713092,10064524,-79.08525619,0.58344055,SI,SI
8,ESMERALDAS,565,ELOY ALFARO,1505,SAN JOSE DE CAYAPAS,3,PLAYA GRANDE,5154,UNIDAD EDUCATIVA JOSE RICARDO MARTINEZ COBO,NO,S/N,0,1,1,2,1,1,1,1,190,727120,10098629,-78.95911873,0.89175703,SI,SI
8,ESMERALDAS,575,QUININDE,1530,LA UNION,11,EL BELEN,4989,ESCUELA FISCAL CORNELIO MERIZALDE,NO,"EL BELEN, CALLE MARIA AUXILIADORA, BARRIO CENTRAL",0,1,1,2,1,1,1,1,236,670641,10007101,-79.46667575,0.06422182,SI,SI
8,ESMERALDAS,575,QUININDE,700,CUBE / CHANCAMA,2,CHUCAPLE,4999,UNIDAD EDUCATIVA ARMADA NACIONAL,NO,CUBE-CHANCAMA,0,1,1,2,1,1,1,1,288,660183.7984,10061643.44,-79.56055338,0.55753015,NO,NO
8,ESMERALDAS,575,QUININDE,700,CUBE / CHANCAMA,3,TAHUALES,6987,UNIDAD EDUCATIVA JESUS DEL GRAN PODER,NO,ENTRADA DE LOS TANGARÉ,0,1,1,2,1,1,1,1,316,643584,10045282,-79.70972389,0.40957582,SI,SI
8,ESMERALDAS,570,MUISNE,3430,SAN GREGORIO,5,SAN SALVADOR CHACHI,4060,"UNIDAD EDUCATIVA BILINGUE ""JUAN LORENZO AÑAPA""",NO,CENTRO DEL PUEBLO,62303861,1,1,2,1,1,1,1,328,627251.0937,10054469.32,-79.85646097,0.49270214,SI,SI
8,ESMERALDAS,565,ELOY ALFARO,4170,TELEMBI,4,JEYAMBI,4206,ESCUELA INTERCULTURAL RÍO ZAPALLO,NO,JEYAMBI,0,1,1,2,1,1,1,1,311,736341,10085615,-78.87636006,0.77404977,SI,SI
8,ESMERALDAS,785,ATACAMES,6380,ATACAMES,2,ESTERO DEL MEDIO,2113,"UNIDAD EDUCATIVA GENERAL BÁSICA ""AZUAY""",NO,"VIA ESTERO DEL MEDIO, ENTRADA A TASECHE",0,1,1,2,1,1,1,1,31,633162,10094060,-79.80326323,0.85080285,SI,SI
8,ESMERALDAS,785,ATACAMES,6380,ATACAMES,3,CHONE,2112,"UNIDAD EDUCATIVA ""ESMERALDAS""",NO,"VIA A SALIMA, RECINTO CHONE",0,1,1,2,1,1,1,1,108,629960.1474,10087372.99,-79.832052,0.790325,NO,SI
8,ESMERALDAS,565,ELOY ALFARO,3405,SAN FRANCISCO DE ONZOLE,2,ZANCUDO,3345,ESCUELA FISCAL AGUSTIN BEDON,NO,GUAYAQUIL,0,1,1,2,1,1,1,1,275,715884,10090828,-79.0600801,0.82127477,SI,SI
8,ESMERALDAS,565,ELOY ALFARO,4465,SANTO DOMINGO DE ONZOLE,6,HOJAS BLANCAS CHACHI,4000,UNIDAD EDUCATIVA JIBA JAKI,NO,VÍA PIEDRA BLANCA,63034679,1,1,2,1,1,1,1,359,705135,10063775,-79.1567309,0.57669168,SI,SI
8,ESMERALDAS,560,ESMERALDAS,3570,SAN MATEO,2,TIMBRE,3450,U.E. LIBERTAD DE TIMBRE,NO,CENTRO POBLADO,0,1,1,2,1,1,1,1,563,653173,10088901,-79.62347154,0.80408106,NO,SI
8,ESMERALDAS,575,QUININDE,2345,MALIMPIA / GUAYLLABAMBA,15,AGUA CLARA CHACHI,3821,"ESCUELA FISCAL ""ISABEL DE SANTIAGO""",NO,CENTRO,0,1,1,2,1,1,1,1,244,684623,10050217,-79.34102133,0.45413715,SI,SI
8,ESMERALDAS,560,ESMERALDAS,6905,SIMON PLATA TORRES,2,VALLE DE SAN RAFAEL,1910,ESCUELA FISCAL CONSUELO BENAVIDES CEVALLOS,SI,CONSUELO BENAVIDES Y 31 DE MAYO,62766766,4,5,9,1,4,1,5,3150,645528,10100224,-79.69212829,0.90651943,NO,NO
8,ESMERALDAS,560,ESMERALDAS,6905,SIMON PLATA TORRES,2,VALLE DE SAN RAFAEL,6119,ESCUELA FISCAL HOMERO LOPEZ SAUD,NO,BARRIO JORGE BAJO,,5,2,7,5,9,6,7,2135,646122,10100357,-79.68679047,0.90772046,NO,NO
8,ESMERALDAS,575,QUININDE,2345,MALIMPIA / GUAYLLABAMBA,16,UNION MANABITA,3868,ESCUELA FISCAL CAMILO PONCE ENRIQUEZ,NO,VÍA PRINCIPAL,6341441,1,1,2,1,1,1,1,595,674603.3973,10055222.01,-79.43102155,0.49942214,NO,SI
8,ESMERALDAS,570,MUISNE,355,BOLIVAR,2,MOMPICHE,3283,"ESCUELA FISCAL ""MAXIMINO INTRIAGO PATIÑO""",NO,AV. LAS MERCEDES E INTRIAGO,62712421,1,1,2,1,1,1,1,331,608798.9281,10055848.59,-80.02226151,0.50520551,NO,SI
8,ESMERALDAS,565,ELOY ALFARO,4170,TELEMBI,2,LOMA LINDA,4200,UNIDAD EDUCATIVA CECIB ATALAYA,NO,CALLE PRINCIPAL,63034926,1,1,2,1,1,1,1,627,730654,10084029,-78.92744473,0.75973566,SI,SI
8,ESMERALDAS,580,SAN LORENZO,70,ALTO TAMBO/GUADAL,2,CRISTAL ALTO,4190,CASA COMUNAL CRISTAL ALTO,NO,CALLE PRINCIPAL Y CALLE S/N,0,1,1,2,1,1,1,1,247,782964.9219,10096356.96,-78.45761382,0.87090718,NO,SI
8,ESMERALDAS,580,SAN LORENZO,535,CARONDELET,2,LA BOCA,3337,ESCUELA FISCAL REMIGIO CRESPO TORAL,NO,VIA FERROCARRIL Y VIA BOGOTA,63046593,1,1,2,1,1,1,1,460,747861.1701,10124764.08,-78.77267,1.12792,NO,NO
8,ESMERALDAS,565,ELOY ALFARO,4170,TELEMBI,3,CORRIENTE GRANDE,4204,"CENTRO EDUCATIVO COMUNITARIO INTERCULTURAL BILINGUE ""JOSÉ ZAPATA""",NO,CALLE SIN NOMBRE,62303477,1,1,2,1,1,1,1,343,727118,10075624,-78.95923792,0.68375689,SI,SI
8,ESMERALDAS,570,MUISNE,3430,SAN GREGORIO,2,BALSALITO,4043,ESCUELA FISCAL MIXTA FILOCLEZ MUÑOZ,NO,SAN GREGORIO,0,1,1,2,1,1,1,1,636,624352,10063866,-79.88249486,0.57770491,NO,SI
8,ESMERALDAS,570,MUISNE,3430,SAN GREGORIO,3,BOCA DEL SUCIO,4044,ESCUELA FISCAL ATAHUALPA PERDOMO FRANCO,NO,EUGENIO ESPEJO Y ATAHUALPA,0,1,1,2,1,1,1,1,268,618435,10060787,-79.93566749,0.54986337,NO,SI
8,ESMERALDAS,570,MUISNE,3430,SAN GREGORIO,4,TRES VIAS,3874,UNIDAD EDUCATIVA GABRIEL IRIARTE RÍOS,NO,VÍA LA CORRENTADA,0,2,2,4,1,2,1,2,865,614243,10055065,-79.97334377,0.49810969,NO,NO
8,ESMERALDAS,575,QUININDE,1530,LA UNION,4,BOCANA DEL BUA,3257,ESCUELA FISCAL MIXTA SOBERANIA ESMERALDEÑA,NO,CALLE 24 DE DICIEMBRE,0,1,1,2,1,1,1,1,376,655516.1153,9997506.024,-79.60255533,-0.02255702,NO,SI
8,ESMERALDAS,575,QUININDE,2345,MALIMPIA / GUAYLLABAMBA,12,CRISTOBAL COLON,3762,ESCUELA FISCAL 28 DE SEPTIEMBRE,NO,CLL PADRE BRUNO ESTRAGIERE,63041888,1,1,2,1,1,1,1,329,704750,10050434,-79.16022387,0.45605533,NO,SI
8,ESMERALDAS,575,QUININDE,1530,LA UNION,6,LA ESMERALDA,3288,ESCUELA FISCAL MIXTA MIGUEL RIOFRIO,NO,VIA A LA CUCARACHA,0,1,1,2,1,1,1,1,390,662485.486,10005405.52,-79.53994254,0.04888944,SI,SI
8,ESMERALDAS,575,QUININDE,1530,LA UNION,7,MATAMBA,3259,ESCUELA FISCAL DR. CARLOS CUEVA TAMARIZ,NO,VIA MONTERREY,0,1,1,2,1,1,1,1,250,655658,10008835,-79.60127939,0.07990904,SI,SI
8,ESMERALDAS,575,QUININDE,2345,MALIMPIA / GUAYLLABAMBA,3,AGUA CLARA,3349,ESCUELA FISCAL 5 DE JUNIO,NO,VIA LA T,0,1,2,3,1,1,1,2,782,699181,10039512,-79.21026913,0.35730185,NO,SI
8,ESMERALDAS,575,QUININDE,2345,MALIMPIA / GUAYLLABAMBA,4,EL RECREO,3867,ESCUELA FISCAL MIXTA JOSE BENIGNO PALACIOS,NO,VÍA PRINCIPAL,0,1,1,2,1,1,1,1,458,689869,10039994,-79.29391532,0.36167674,NO,SI
8,ESMERALDAS,575,QUININDE,2345,MALIMPIA / GUAYLLABAMBA,5,LA T,3300,ESCUELA FISCAL GABRIELA MISTRAL,NO,AV. LAS PALMAS,63041649,2,2,4,1,2,1,2,1112,700528,10046440,-79.19815645,0.41994803,NO,SI
8,ESMERALDAS,575,QUININDE,2345,MALIMPIA / GUAYLLABAMBA,6,NARANJAL DE LOS CHACHIS,3823,COLEGIO TÉCNICO AGROPECUARIO CULTURAL BILINGUE RÍO CANANDE,NO,VIA PRINCIPAL NARANJAL DE LOS CHACHIS,0,1,1,2,1,1,1,1,462,689444,10049214,-79.29771573,0.44505659,SI,SI
8,ESMERALDAS,575,QUININDE,2345,MALIMPIA / GUAYLLABAMBA,7,VALLE DEL SADE,3889,ESCUELA FISCAL EDEN SADE,NO,SIN NOMBRE,0,3,3,6,1,3,1,3,1971,685118.81,10057583.41,-79.33655101,0.52075401,SI,SI
8,ESMERALDAS,561,RIO VERDE,2035,LAGARTO,2,BOCANA DEL LAGARTO,3262,ESCUELA FISCAL DONATO YANUZELLY ORTÍZ,NO,12 de Octubre y Bella Vista,0,1,1,2,1,1,1,1,327,694325.02,10118643.62,-79.25361803,1.07290297,NO,SI
8,ESMERALDAS,580,SAN LORENZO,4075,TULULBI /RICAURTE,2,LA CEIBA,4213,CENTRO EDUCATIVO COMUNITARIO INTERCULTRAL BILINGUE COZOPANGUI,NO,GABRIEL NIÑO Y 12 DE OCTUBRE,0,1,1,2,1,1,1,1,230,758921.8663,10124190.4,-78.67333433,1.12265575,SI,SI
8,ESMERALDAS,785,ATACAMES,4055,TONCHIGUE,2,QUITITO,3249,"ESCUELA FISCAL ""CIUDAD DE SAN LORENZO""",NO,"VIA PRINCIPAL QUITITO - EL PARTIDERO, VIA A CHIPA",0,1,1,2,1,1,1,1,226,611388.3782,10086490.49,-79.99893932,0.78238585,SI,SI
8,ESMERALDAS,565,ELOY ALFARO,2125,LA TOLA,2,SAN PEDRO,3312,ESCUELA FISCAL 17 DE DICIEMBRE,NO,VIA PRINCIPAL A BORBON,0,1,1,2,1,1,1,1,378,714049,10116103,-79.07643853,1.04982331,NO,SI
8,ESMERALDAS,561,RIO VERDE,2035,LAGARTO,3,VAINILLA,3261,ESCUELA FISCAL SEBASTIÁN DE ILLESCAS,NO,VIA SAN LORENZO,0,1,1,2,1,1,1,1,210,699249.0979,10116961.56,-79.20938889,1.05766667,NO,SI
8,ESMERALDAS,561,RIO VERDE,6720,RIO VERDE,2,CABUYAL,3284,CASA COMUNAL CABUYAL,NO,Via principal a Rio Verde y 24 de Julio,0,1,1,2,1,1,1,1,139,671463,10115700,-79.45903695,1.046392,NO,NO
8,ESMERALDAS,561,RIO VERDE,3215,ROCAFUERTE,2,CHUNGUILLO,3258,ESCUELA FISCAL COTOPAXI,NO,Via principal a Chunguillo,0,1,1,2,1,1,1,1,144,679878.7043,10111090.47,-79.38344444,1.00466667,NO,SI
8,ESMERALDAS,575,QUININDE,1530,LA UNION,13,NUEVOS HORIZONTES,6979,ESCUELA FISCAL PRINCIPADO MÒNACO,NO,VIA LA MARIN,0,1,1,2,1,1,1,1,172,679142,10010685,-79.39030702,0.09663214,NO,SI
8,ESMERALDAS,575,QUININDE,1530,LA UNION,14,LOS ANDES 1,6953,ESCUELA FISCAL CONTO PATIÑO MARTINEZ,NO,LOS ANDES 1,0,1,1,2,1,1,1,1,216,663261.7191,10001295.72,-79.53296952,0.01171894,NO,SI
8,ESMERALDAS,580,SAN LORENZO,4075,TULULBI /RICAURTE,5,BALSAREÑO,6970,ESCUELA FISCAL VUELTA DE MICO,NO,S/N,0,1,1,2,1,1,1,1,117,761205,10127934,-78.65280225,1.15648006,SI,SI
8,ESMERALDAS,575,QUININDE,2345,MALIMPIA / GUAYLLABAMBA,17,ÑAMPI,8303,UNIDAD EDUCATIVA TSUTA,NO,COMUNIDAD ÑAMPI,,1,1,2,1,1,1,1,186,686627.21,10050273.12,-79.323017,0.45464048,SI,NO
8,ESMERALDAS,575,QUININDE,700,CUBE / CHANCAMA,4,ACHICUBE,6960,ESCUELA FISCAL 10 DE JUNIO,NO,VIA BRAZO LARGO ACHICUBE,63041014,1,1,2,1,1,1,1,235,654155,10046901,-79.61474609,0.42420314,SI,SI
8,ESMERALDAS,565,ELOY ALFARO,6205,VALDEZ/LIMONES/,2,TOLITA PAMPA DE ORO,6963,UNIDAD EDUCATIVA 13 DE MAYO,NO,CENTRO POBLADO,0,1,1,2,1,1,1,1,154,722180,10132278,-79.00329888,1.1960275,SI,SI
8,ESMERALDAS,570,MUISNE,3430,SAN GREGORIO,6,TIGRILLO,6989,ESCUELA FISCAL MIXTA 27 DE SEPTIEMBRE,NO,VIA LAS BALSAS,0,1,1,2,1,1,1,1,224,628566,10060912,-79.84463557,0.55097701,SI,SI
8,ESMERALDAS,785,ATACAMES,1615,TONSUPA,3,PIEDRA FINA,6958,UNIDAD EDUCATIVA ANTONIO ANTE,NO,CENTRO POBLADO DE PIEDRA FINA,0,1,1,2,1,1,1,1,151,637534.1283,10096025.86,-79.76397091,0.86857193,NO,SI
8,ESMERALDAS,785,ATACAMES,3880,SUA/BOCANA,2,MUCHIN,6955,CASA COMUNAL MUCHIN,NO,CENTRO POBLADO MUCHIN,0,1,1,2,1,1,1,1,140,623503.6713,10086144.68,-79.89007159,0.77923026,NO,SI
8,ESMERALDAS,785,ATACAMES,4055,TONCHIGUE,4,EL CABITO,6959,E.G.B. RAMÓN PACHECO PERDOMO,NO,CENTRO POBLADO,0,1,1,2,1,1,1,1,179,616740.7579,10082072.7,-79.9508518,0.74241172,NO,SI
8,ESMERALDAS,785,ATACAMES,4055,TONCHIGUE,5,MACARÁ,6971,UNIDAD EDUCATIVA MACARÁ,NO,VIA PRINCIPAL A MUISNE,0,1,1,2,1,1,1,1,195,619046.2245,10085478.67,-79.93012743,0.77321616,NO,NO
8,ESMERALDAS,785,ATACAMES,4055,TONCHIGUE,6,ESTERO ANCHO,6966,ESCUELA FISCAL MIXTA HOMERO CHIRIBOGA JIJÓN,NO,VIA PRINCIPAL A MUISNE,623038082,1,1,2,1,1,1,1,172,615493.6622,10082920.32,-79.9620564,0.75008183,NO,NO
8,ESMERALDAS,561,RIO VERDE,965,CHUMUNDE,6,LA UNIÓN DE CHUMUNDÉ,6986,ESCUELA FISCAL MIXTA HERNAN MALO GONZALEZ,NO,VIA PRINCIPAL LA UNION DE CHUMUNDE,0,1,1,2,1,1,1,1,275,670749,10083771,-79.4655732,0.7576285,SI,SI
8,ESMERALDAS,570,MUISNE,3390,SAN FRANCISCO,1,SAN FRANCISCO,3871,UNIDAD EDUCATIVA SAN FRANCISCO DEL CABO,NO,"RUTA DEL ESPONDILUS , CARRETERA PRINCIPAL",62449024,3,3,6,1,3,1,3,2002,604552,10073432,-80.06039723,0.66427211,NO,SI
8,ESMERALDAS,570,MUISNE,3430,SAN GREGORIO,1,SAN GREGORIO,4045,ESCUELA FISCAL PRESIDENTE ROSSEVEL,NO,AV. ESMERALDAS Y 12 DE OCTUBRE,0,4,4,8,1,4,1,4,2598,614572.7192,10058423.43,-79.97037617,0.52848906,NO,SI
8,ESMERALDAS,570,MUISNE,3470,SAN JOSE DE CHAMANGA,0,,1697,"UNIDAD EDUCATIVA ""CHAMANGA""",SI,18 DE OCTUBRE Y SAN GABRIEL,62484117,6,6,12,1,6,1,6,3935,616122.494,10029801.84,-79.95648307,0.26958155,NO,NO
8,ESMERALDAS,570,MUISNE,5670,MUISNE,1,MUISNE,5800,UNIDAD EDUCATIVA FISCOMISIONAL SAN LUIS GONZAGA,SI,VICENTE ROCAFUERTE Y MANABI,62480199,5,5,10,1,5,1,5,3500,609154,10067457,-80.01905353,0.61021437,NO,NO
8,ESMERALDAS,570,MUISNE,5670,MUISNE,1,MUISNE,5930,ESCUELA HELLEN KALLER,NO,ISIDRO AYORA Y JUAN MONTALVO,0,2,2,4,11,12,13,14,1149,609133,10067296,-80.0192425,0.608758,NO,NO
8,ESMERALDAS,570,MUISNE,5670,MUISNE,1,MUISNE,5929,UNIDAD EDUCATIVA VICENTE ROCAFUERTE,NO,MANABI Y SACOTO BOWEN,0,5,7,12,6,10,6,12,4200,609025,10067419,-80.02021278,0.60987083,NO,NO
8,ESMERALDAS,575,QUININDE,700,CUBE / CHANCAMA,1,CUBE / CHANCAMA,1399,UNIDAD EDUCATIVA REPUBLICA DE CUBA,SI,ESMERALDAS Y 23 DE OCTUBRE,0,5,6,11,1,5,1,6,3473,651451.9067,10063904.54,-79.639,0.578,NO,SI
8,ESMERALDAS,575,QUININDE,980,CHURA,0,,3870,ESCUELA FISCAL ANGELO PATRY,NO,"VÍA PRINCIPAL , CALLE WALTER CAMPOS",0,3,3,6,1,3,1,3,1801,668725.0576,10064739.4,-79.48381,0.585511,SI,SI
8,ESMERALDAS,575,QUININDE,1530,LA UNION,1,LA UNION,634,ESCUELA FISCAL JHON F. KENEDDY,SI,R. CAJEAGO Y AV. VICTOR MANUEL ANGULO ENTRE A. QUITO Y AV. 10 DE AGOSTO,62750492,2,3,5,1,2,1,3,1750,677852.6744,10015010.5,-79.40188711,0.13575149,NO,NO
8,ESMERALDAS,575,QUININDE,1530,LA UNION,1,LA UNION,5456,UNIDAD EDUCATIVA QUITO,NO,AVENIDA QUITO Y AMBATO,62749647,4,4,8,3,6,4,7,2800,678438.4435,10015021.21,-79.396625,0.135848,NO,NO
8,ESMERALDAS,575,QUININDE,1530,LA UNION,1,LA UNION,5975,UNIDAD EDUCATIVA NUESTRA SEÑORA DEL CISNE,NO,VIA A LA CONCORDIA CALLE PRINCIPAL,62749376,6,5,11,15,20,16,20,3626,677403,10014691,-79.40592684,0.1328623,NO,NO
8,ESMERALDAS,575,QUININDE,1530,LA UNION,1,LA UNION,6000,U.E. FISCOMISIONAL CATOLICA SANTA MARIA DE NAZARET,NO,BARRIO LAS CAJEANAS,62749135,4,4,8,11,14,12,15,2800,678020,10014655,-79.40038419,0.13253636,NO,NO
8,ESMERALDAS,575,QUININDE,1530,LA UNION,1,LA UNION,6202,UNIDAD EDUCATIVA LA UNION,NO,CALLE PRINCIPAL VIA A SANTO DOMINGO Y ANDRADE MARIN,63041742,4,4,8,7,10,8,11,2800,677731,10015456,-79.40297988,0.13978059,NO,NO
8,ESMERALDAS,575,QUININDE,2345,MALIMPIA / GUAYLLABAMBA,1,MALIMPIA /GUAYLLABAMBA,1139,UNIDAD EDUCATIVA ESTANDARIZADA NUEVO MILENIUN MALIMPIA,SI,S/N,62941880,5,7,12,1,5,1,7,4052,676220.873,10043713.5,-79.41651301,0.39533765,NO,NO
8,ESMERALDAS,575,QUININDE,4230,VICHE,0,,1317,UNIDAD EDUCATIVA FISCOMISIONAL CRISTO REDENTOR,SI,JULIO ESTUPIÑAN Y CALLE ALBERTO FERRI,62488114,6,6,12,1,6,1,6,4200,662404.4792,10072500.89,-79.54057586,0.65572383,NO,NO
8,ESMERALDAS,575,QUININDE,4230,VICHE,0,,5974,UNIDAD EDUCATIVA TARQUI,NO,"VIA A ESMERALDAS, CALLE TARQUI Y CARLOS ANIBAL",0,5,5,10,7,11,7,11,3330,662253.826,10072887.75,-79.54192838,0.65922311,NO,NO
8,ESMERALDAS,575,QUININDE,5895,ROSA ZARATE,1,ROSA ZARATE,1348,ESCUELA PARTICULAR DOCTOR CAMILO GALLEGOS,SI,AV. 6 DE DICIEMBRE Y CALLE LA NOVENA,62736676,4,4,8,38,41,38,41,2800,669980.0211,10036165.87,-79.47258989,0.32708687,NO,NO
8,ESMERALDAS,575,QUININDE,5895,ROSA ZARATE,1,ROSA ZARATE,1370,UNIDAD EDUCATIVA SIMÓN PLATA TORRES,SI,AV. 6 DE DICEIMBRE Y CALLE LUZ MURILLO,62736364,9,10,19,48,56,48,57,6650,670122,10036060,-79.47131454,0.3261292,NO,NO
8,ESMERALDAS,575,QUININDE,5895,ROSA ZARATE,1,ROSA ZARATE,1278,U.E. FISCOMISIONAL JUAN XXIII,SI,AV. 6 DE DICIEMBRE Y CALLE JIMMY ANCHICO,62736180,11,11,22,10,20,10,20,7700,670093.1703,10036344.64,-79.47157315,0.32870358,NO,NO
8,ESMERALDAS,575,QUININDE,5895,ROSA ZARATE,1,ROSA ZARATE,1293,UNIDAD EDUCATIVA FISCOMISIONAL JUAN XXIII NRO 2,SI,AV 6 DE DICIEMBRE,62736180,9,9,18,21,29,21,29,6300,670137.239,10036485.32,-79.47117706,0.3299758,NO,NO
8,ESMERALDAS,575,QUININDE,5895,ROSA ZARATE,1,ROSA ZARATE,1295,UNIDAD EDUCATIVA 9 DE OCTUBRE,SI,JUAN VELASQUEZ Y MACLOVIO CEVALLOS,62736216,9,9,18,1,9,1,9,6300,670363.9181,10037124.21,-79.46913976,0.33575366,NO,NO
8,ESMERALDAS,575,QUININDE,5895,ROSA ZARATE,1,ROSA ZARATE,1331,ESCUELA DE EDUCACIÓN GENERAL BÁSICA 3 DE JULIO,SI,CALLES 3 DE JULIO Y ONCEAVA TRANSVERSAL Y AV LOS DOS PUESNTES,62737016,8,8,16,30,37,30,37,5600,669881.6914,10036186.13,-79.47347323,0.32727027,NO,NO
8,ESMERALDAS,575,QUININDE,5895,ROSA ZARATE,1,ROSA ZARATE,5999,U.E. ANDRES F CORDOVA NRO.2,NO,BARRIO BENITES NIEVES Y 18 DE OCTUBRE,0,7,7,14,57,63,58,64,4900,670483,10035913,-79.46807164,0.32479923,NO,NO
8,ESMERALDAS,575,QUININDE,5895,ROSA ZARATE,1,ROSA ZARATE,5937,UNIDAD EDUCATIVA ALEJANDRO OTOYA BRIONES,NO,VIA A GUALLABAMBA,0,6,6,12,64,69,65,70,4200,671148,10036449,-79.46209678,0.32964592,NO,NO
8,ESMERALDAS,575,QUININDE,5895,ROSA ZARATE,1,ROSA ZARATE,5998,U.E. ANDRES F. CORDOVA,SI,AV. GUALLABAMBA Y ANIMIA QUIÑONEZ,0,6,6,12,42,47,42,47,4200,670805,10036288,-79.46517839,0.32819031,NO,NO
8,ESMERALDAS,575,QUININDE,5895,ROSA ZARATE,1,ROSA ZARATE,5957,ESCUELA EGB PATRIA NUEVA,NO,MAXIMILIANO QUIÑONEZ Y PATRIA NUEVA,0,4,7,11,70,73,71,77,3553,669545,10035553,-79.47649881,0.32154464,NO,NO
8,ESMERALDAS,580,SAN LORENZO,70,ALTO TAMBO/GUADAL,1,ALTO TAMBO /GUADAL,3356,ESCUELA FISCAL LIZARDO GOYES BENITEZ,NO,AV. PANAMERICANA,62560011,2,2,4,1,2,1,2,1053,773441,10101193,-78.54310169,0.91467691,NO,NO
8,ESMERALDAS,580,SAN LORENZO,110,ANCON/PALMA REAL,1,ANCON/PALMA REAL,4199,UNIDAD EDUCATIVA ANCON DE SARDINAS,NO,ALVARO ESTACIO ENTRE MANUELA CAÑIZARES Y 9 DE OCTUBRE,63045890,2,2,4,1,2,1,2,1201,737964.0754,10159819.93,-78.86130081,1.44492435,SI,SI
8,ESMERALDAS,580,SAN LORENZO,435,CALDERON,0,,3274,ESCUELA FISCAL ABDON CALDERON,NO,AV. 5 DE AGOSTO,0,1,1,2,1,1,1,1,655,748779.8579,10130427.49,-78.76437872,1.17911279,NO,NO
8,ESMERALDAS,580,SAN LORENZO,535,CARONDELET,1,CARONDELET,3340,UNIDAD EDUCATIVA BARON DE CARONDELET,NO,23 DE OCTUBRE Y 2 DE MARZO,63036521,1,1,2,1,1,1,1,697,749119,10124501,-78.76137448,1.12553292,NO,NO
8,ESMERALDAS,580,SAN LORENZO,570,5 DE JUNIO/HUIMBI,0,,4208,"ESCUELA FISCAL ""JUAN SALINAS""",NO,AV. PRINCIPAL,0,1,1,2,1,1,1,1,303,747896.6856,10106060.29,-78.77247,0.95883,SI,SI
8,ESMERALDAS,565,ELOY ALFARO,4595,SANTA LUCIA DE LAS PEÑAS,0,,3310,U.E. CONCEPCION TEMBORY FE Y ALEGRIA,SI,AV. PRINCIPAL LAS PEÑAS,62793108,2,2,4,1,2,1,2,1197,704691,10121387,-79.1604763,1.09765528,NO,NO
8,ESMERALDAS,570,MUISNE,3390,SAN FRANCISCO,2,EL SALTO,3873,"ESCUELA FISCAL""20 DE JULIO""",SI,VÍA A MUISNE,0,1,1,2,1,1,1,1,321,620420,10072773,-79.91780968,0.65828165,NO,SI
8,ESMERALDAS,575,QUININDE,1530,LA UNION,8,EL SILENCIO,3290,ESCUELA FISCAL CIUDAD DE AMBATO,NO,VIA A RÌO BLANCO BARRIO LOS RÍOS,63040283,1,1,2,1,1,1,1,416,682349,10014590,-79.36149614,0.13194597,NO,NO
8,ESMERALDAS,575,QUININDE,1530,LA UNION,9,NUEVO AZUAY,3292,ESCUELA FISCAL NUEVO AZUAY,NO,ZONA NUEVO AZUAY,0,1,1,2,1,1,1,1,300,668538,10020869,-79.48556094,0.18874199,NO,SI
8,ESMERALDAS,565,ELOY ALFARO,200,ATAHUALPA/CAMARONES,1,ATAHUALPA/CAMARONES,4140,PLAZOLETA,NO,PADRE LIDIO MARTINEZ,0,3,3,6,1,3,1,3,1623,726704.6455,10094446.47,-78.96286984,0.85394257,SI,SI
8,ESMERALDAS,565,ELOY ALFARO,200,ATAHUALPA/CAMARONES,2,JUAN MONTALVO,3441,ESCUELA PUERTO BAQUERIZO,NO,VÍA PRINCIPAL CALLE SIN NOMBRE,0,1,1,2,1,1,1,1,133,737399,10092403,-78.86682593,0.83541517,SI,SI
8,ESMERALDAS,575,QUININDE,2345,MALIMPIA / GUAYLLABAMBA,8,RONCA TIGRILLO,3824,UNIDAD EDUCATIVA SERAFINA QUINTERO,NO,VÍA COLE,0,1,1,2,1,1,1,1,549,685835,10044793,-79.33014433,0.405083,NO,SI
8,ESMERALDAS,575,QUININDE,2345,MALIMPIA / GUAYLLABAMBA,9,5 DE AGOSTO,3297,"ESCUELA FISCAL ""PROVINCIA ESMERALDAS""",NO,VIA AL SADE,0,1,1,2,1,1,1,1,427,675565.8806,10048310.86,-79.42238889,0.43691667,NO,SI
8,ESMERALDAS,570,MUISNE,1305,GALERA,2,ESTERO DE PLATANO,3872,"ESCUELA FISCAL""VIÑA DEL MAR""",NO,CALLEJON ESTERO DE PLATANO,0,1,1,2,1,1,1,1,244,601408,10085942,-80.08862724,0.77744474,NO,SI
8,ESMERALDAS,570,MUISNE,5670,MUISNE,3,NUEVO MUISNE,3293,UNIDAD EDUCATIVA MUISNE,SI,VÍA PRINCIPAL BARRIO NUEVO MUISNE,62434144,1,1,2,1,1,1,1,577,610468.1472,10069319.77,-80.00724159,0.62706272,NO,NO
8,ESMERALDAS,575,QUININDE,1530,LA UNION,3,LIBERTAD DE PLAYA,3291,ESCUELA FISCAL MIXTA 15 DE AGOSTO,NO,CALLES JORGE CHIRIBOGA Y ELOY ALFARO,0,2,2,4,1,2,1,2,1229,660218,10015656,-79.56030946,0.14159973,NO,NO
8,ESMERALDAS,570,MUISNE,5670,MUISNE,4,SAN PEDRO DE BILSA,5796,UNIDAD EDUCATIVA VICENTE TOBAR JARRIN,NO,VIA SALTO - CHAMANGA (ENTRADA REPARTIDERO - BILSA),0,1,1,2,1,1,1,1,203,621730,10069120,-79.90604542,0.62523533,SI,SI
8,ESMERALDAS,575,QUININDE,5895,ROSA ZARATE,7,HERRERA,3296,"UNIDAD EDUCATIVA FISCAL ""CIUDAD DE GUARANDA""",NO,VÍA LA Y DE LA LAGUNA,0,1,1,2,1,1,1,1,237,658105,10042028,-79.5792658,0.38012277,NO,NO
8,ESMERALDAS,561,RIO VERDE,965,CHUMUNDE,5,PERLA ESMERALDEÑA/SAN RUFINO,5927,ESCUELA FISCAL SAN RUFINO,NO,VIA PRINCIPAL DEL RECINTO PERLA ESMERALDEÑA SAN RUFINO,0,1,1,2,1,1,1,1,253,677872,10068568,-79.40162495,0.62011298,SI,SI
8,ESMERALDAS,561,RIO VERDE,930,CHONTADURO,2,PARTIDERO,5905,UNIDAD EDUCATIVA EUGENIO CHUZING ALDAZ,NO,CALLE RAMON LOOR,0,1,1,2,1,1,1,1,518,685061,10091777,-79.33696521,0.82998267,SI,SI
8,ESMERALDAS,575,QUININDE,1530,LA UNION,12,LOS ÁNGELES,5931,UNIDAD EDUCATIVA JAIME ROLDOS AGUILERA,NO,AV. 3 DE JULIO,0,1,1,2,1,1,1,1,167,666279,10006711,-79.50586229,0.06069574,NO,SI
8,ESMERALDAS,565,ELOY ALFARO,3405,SAN FRANCISCO DE ONZOLE,1,SAN FRANCISCO DE ONZOLE,4149,"UNIDAD EDUCATIVA FISCAL ""SAN FRANCISCO DE ONZOLE""",NO,CALLES 4 DE OCTUBRE Y QUINTILIANO SANCHEZ,3034536,3,3,6,1,3,1,3,1652,713804,10098145,-79.07873088,0.88744544,SI,SI
8,ESMERALDAS,565,ELOY ALFARO,3805,SELVA ALEGRE,1,SELVA ALEGRE,3272,UNIDAD EDUCATIVA DOMINGO MEDINA ZURITA,NO,CALLES DOMINGO MEDINA Y ALBA GODOY,0,2,2,4,1,2,1,2,1078,738281,10103209,-78.85884834,0.93310715,NO,SI
8,ESMERALDAS,565,ELOY ALFARO,4170,TELEMBI,1,TELEMBI,4198,"ESCUELA FISCAL ""LEOPOLDO N. CHAVEZ""",NO,CALLE SIN NOMBRE,63034681,5,5,10,1,5,1,5,3095,729777,10090790,-78.93529143,0.82086825,SI,SI
8,ESMERALDAS,565,ELOY ALFARO,4465,SANTO DOMINGO DE ONZOLE,1,SANTO DOMINGO DE ONZOLE,7573,CASA COMUNAL SANTO DOMIMGO DE ÓNZOLE,NO,CALLE QUITO Y AV. EL ESTERO,96988952,1,1,2,1,1,1,1,684,714693,10088296,-79.07078909,0.7983853,SI,SI
8,ESMERALDAS,565,ELOY ALFARO,6205,VALDEZ/LIMONES/,1,VALDEZ/LIMONES/,702,U.E. CATOLICA FISCOMISIONAL PAULO VI,SI,ALOY ALFARO JUAN PIO MONTUFAR Y 28 DE MAYO,62789225,5,4,9,1,5,1,4,3150,724434.7214,10138272.6,-78.98300392,1.25021357,SI,NO
8,ESMERALDAS,565,ELOY ALFARO,6205,VALDEZ/LIMONES/,1,VALDEZ/LIMONES/,1966,U.E. 16 DE OCTUBRE,NO,CALLE SUCRE Y 28 DE MAYO,62789270,4,5,9,6,9,5,9,3042,722826.304,10139611.64,-78.9974436,1.26233188,SI,NO
8,ESMERALDAS,570,MUISNE,355,BOLIVAR,1,BOLIVAR,3285,UNIDAD EDUCATIVA JOSE JOAQUIN DE OLMEDO,NO,CALLES PABLO GONZALEZ Y ROQUE JAMA,0,2,2,4,1,2,1,2,975,606407.0935,10049187.79,-80.04376236,0.44495485,SI,SI
8,ESMERALDAS,570,MUISNE,1010,DAULE,1,DAULE,3287,ESCUELA FISCAL LUIS FELIPE BORJA,NO,CALLES JUAN ESTRADA Y FILEMON GRACIA,0,2,2,4,1,2,1,2,1201,609781.6565,10044867.66,-80.01344446,0.40587114,NO,SI
8,ESMERALDAS,570,MUISNE,1305,GALERA,1,GALERA,3295,"UNIDAD EDUCATIVA ""GENERAL VILLAMIL""",NO,GALERA - VÍA ESTERO DE PLATANO,0,2,2,4,1,2,1,2,1056,605920,10089999,-80.04807232,0.81413552,NO,SI
8,ESMERALDAS,570,MUISNE,3125,QUINGUE,0,,3875,ESCUELA FISCAL REPUBLICA DE FRANCIA,NO,VÍA A LA PLAYA / QUINGUE,0,1,1,2,1,1,1,1,754,600828.5751,10079337.76,-80.09384645,0.71770289,NO,SI
8,ESMERALDAS,570,MUISNE,3280,SALIMA,0,,4046,ESCUELA FISCAL MANABI,NO,"CESAR GARCIA, SALIMA VIA A CHAMANGA",0,2,2,4,1,2,1,2,1061,615066,10035822,-79.96597099,0.3240397,NO,SI
8,ESMERALDAS,575,QUININDE,2345,MALIMPIA / GUAYLLABAMBA,11,ZAPALLO,3826,UNIDAD EDUCATIVA BATALLA DE PICHINCHA,NO,5 DE AGOSTO Y QUITO,63041742,3,3,6,1,3,1,3,1576,695322,10046291,-79.24492032,0.41861133,NO,SI
8,ESMERALDAS,575,QUININDE,5895,ROSA ZARATE,4,SAN RAMON,3869,UNIDAD EDUCATIVA 12 DE ENERO,NO,VÍA PRINCIPAL,0,1,2,3,1,1,1,2,864,658471,10032818,-79.57598975,0.2968224,NO,SI
8,ESMERALDAS,575,QUININDE,5895,ROSA ZARATE,5,LA Y DE LA LAGUNA DE HERRERA,3354,"ESCUELA FISCAL ""SAN RAMON""",NO,VIA Y DE LA LAGUNA DE HERRERA,0,2,2,4,1,2,1,2,1077,651486.47,10042410.39,-79.63872797,0.38359103,SI,SI
8,ESMERALDAS,580,SAN LORENZO,3725,SANTA RITA,2,SAN FRANCISCO DE BOGOTA,4209,"ESCUELA FISCAL""JOSE GABRIEL BATALLAS""",NO,CALLE ABAD CAICEDO - MALECON,0,2,1,3,1,2,1,1,771,755579.5089,10120748.15,-78.70337633,1.09156184,NO,SI
8,ESMERALDAS,575,QUININDE,5895,ROSA ZARATE,8,CUPA,3294,ESCUELA GENERAL BÁSICA VELASQUEZ KUFFO,NO,CALLE PRINCIPAL BARRIO LA PRIMAVERA,62430046,1,1,2,1,1,1,1,554,668046,10041260,-79.48995721,0.3731616,NO,NO
8,ESMERALDAS,575,QUININDE,5895,ROSA ZARATE,9,NUEVO QUININDÉ,3298,"U.E. PARTICULAR CATÓLICA ""SAGRADA FAMILIA DE NAZARET""",NO,AV. JORGE CHIRIBOGA,62748005,2,2,4,1,2,1,2,877,671104.7791,10036665.68,-79.46248476,0.33160559,NO,NO
8,ESMERALDAS,560,ESMERALDAS,6905,SIMON PLATA TORRES,3,CASA BONITA,3270,"UNIDA EDUCATIVA FISCOMISIONAL ""SAN DANIEL COMBONI""",NO,VIA PRINCIPAL A TONSUPA - ATACAMES,62757060,2,1,3,1,2,1,1,946,643991,10099487,-79.70594141,0.89985828,NO,NO
8,ESMERALDAS,575,QUININDE,2345,MALIMPIA / GUAYLLABAMBA,10,VALLE ESMERALDEÑO,3281,ESCUELA FISCAL MIXTA LUZ DE CANANDE,NO,AV. PRINCIPAL S/N,0,1,1,2,1,1,1,1,190,709197,10051194,-79.12027794,0.46291717,NO,SI
8,ESMERALDAS,565,ELOY ALFARO,1505,SAN JOSE DE CAYAPAS,1,SAN JOSE DE CAYAPAS,4156,"ESCUELA FISCAL ""RUMIÑAHUI""",NO,CALLES 24 DE MAYO Y SAN JOSÉ OBRERO,63033433,1,1,2,1,1,1,1,706,727433.0354,10095842.03,-78.95632072,0.86655708,SI,SI
8,ESMERALDAS,575,QUININDE,1530,LA UNION,2,LA INDEPENDENCIA,3352,"ESCUELA ""CARLOS ANDRADE DE MARIN""",NO,VIA QUININDE - SANTO DOMINGO,62778517,3,2,5,1,3,1,2,1598,677179,10004843,-79.40794289,0.04379911,NO,NO
8,ESMERALDAS,580,SAN LORENZO,2395,MATAJE,1,MATAJE,3279,ESCUELA FISCAL MI PATRIA,NO,PALESEMA,0,1,1,2,1,1,1,1,556,754487.05,10150279.29,-78.71296138,1.35853143,SI,SI
8,ESMERALDAS,580,SAN LORENZO,3455,SAN JAVIER DE CACHABI,1,SAN JAVIER DE CACHABI,3275,UNIDAD EDUCATIVA IBARRA,NO,FERROVIARIA Y LAS ALMENDRAS,0,1,1,2,1,1,1,1,671,747547.859,10117883.63,-78.77553,1.06572,NO,SI
8,ESMERALDAS,580,SAN LORENZO,3725,SANTA RITA,1,SANTA RITA,3336,ESCUELA FISCAL JULIO ANDRADE,NO,JULIO ANDRADE Y 10 DE AGOSTO,0,1,1,2,1,1,1,1,606,752846.1356,10121516.87,-78.72792,1.09853,NO,NO
8,ESMERALDAS,580,SAN LORENZO,3955,TAMBILLO,1,TAMBILLO,4210,"ESCUELA FISCAL ""PEDRO MONCAYO""",NO,CALLE SIN NOMBRE,0,2,2,4,1,2,1,2,956,735412.6557,10139075.77,-78.88438344,1.25739695,SI,SI
8,ESMERALDAS,580,SAN LORENZO,4075,TULULBI /RICAURTE,1,TULULBI /RICAURTE,3273,"UNIDAD EDUCATIVA ""TULULBI""",NO,OTILINO BASTIDAS Y SUCRE,0,2,3,5,1,2,1,3,1506,752921.9541,10130169.74,-78.72717781,1.1767524,NO,NO
8,ESMERALDAS,580,SAN LORENZO,4125,URBINA,0,,3277,UNIDAD EDUCATIVA LUIS CADENA,NO,CENTRO POBLADO,0,2,2,4,1,2,1,2,1022,748509.9703,10115075.12,-78.76690693,1.04032374,NO,NO
8,ESMERALDAS,580,SAN LORENZO,6130,SAN LORENZO,0,,1258,UNIDAD EDUCATIVA MARISCAL SUCRE,SI,CALLES IMBABURA Y TÁCITO ORTIZ,0,7,7,14,9,15,9,15,4900,740818.5675,10142555.25,-78.83579813,1.28881398,NO,NO
8,ESMERALDAS,580,SAN LORENZO,6130,SAN LORENZO,0,,1263,UNIDAD EDUCATIVA FISCOMISIONAL 10 DE AGOSTO,SI,CALLES 10 DE AGOSTO ENTRE RIO SANTIAGO Y AV ESMERALDAS,62780192,8,7,15,25,32,23,29,4953,740655.361,10142457.4,-78.83726488,1.28793067,NO,NO
8,ESMERALDAS,580,SAN LORENZO,6130,SAN LORENZO,0,,1239,ESCUELA FISCAL 26 DE AGOSTO,SI,AV. 26 DE AGOSTO Y CALLE 10 DE AGOSTO,62780574,9,7,16,16,24,16,22,5600,740766.6999,10142448.27,-78.83626485,1.28784727,NO,NO
8,ESMERALDAS,580,SAN LORENZO,6130,SAN LORENZO,0,,4678,"UNIDAD EDUCATIVA ""22 DE MARZO""",SI,AV. PADRE LINO CAMPEZAN ENTRE 22 DE MARZO Y ANGELA PAREDES,62780437,8,8,16,1,8,1,8,5600,741477,10141694,-78.82989031,1.28102263,NO,NO
8,ESMERALDAS,785,ATACAMES,1615,TONSUPA,1,TONSUPA,77,COLEGIO DE BACHILLERATO FISCAL NELSON ESTUPIÑAN BASS,SI,SECTOR PLAYA AZUL 300M SALIDA A LA PLAYA,0,5,5,10,1,5,1,5,3500,632206,10097853,-79.81184292,0.88511448,NO,NO
8,ESMERALDAS,785,ATACAMES,1615,TONSUPA,1,TONSUPA,5867,ESCUELA FISCAL JAIME ROLDOS AGUILERA,NO,LAS TECAS ENTRE ORQUIDEAS Y LAS ROSAS,62110142,5,5,10,6,10,6,10,3500,632229,10097323,-79.81163777,0.88032039,NO,NO
8,ESMERALDAS,785,ATACAMES,1615,TONSUPA,1,TONSUPA,6182,ESCUELA FISCAL ZOILA UGARTE DE LANDIVAR,NO,CALLE A ENTRE DECIMA Y NOVENA,62464048,4,3,7,11,14,11,13,2074,632198,10097851,-79.81191481,0.88509641,NO,NO
8,ESMERALDAS,785,ATACAMES,2130,LA UNION,0,,1206,UNIDAD EDUCATIVA MIXTA CESAR PLAZA MONZON,NO,CALLES 13 DE NOVIEMBRE Y RIVERAS DEL RIO,0,4,4,8,1,4,1,4,2728,626024.8213,10089586.67,-79.86740846,0.81035879,NO,SI
8,ESMERALDAS,785,ATACAMES,3880,SUA/BOCANA,1,SUA/BOCANA,1209,"UNIDAD EDUCATIVA FISCAL ""BALNEARIO DE SUA""",SI,VÍA A MUISNE,62470100,5,5,10,1,5,1,5,3247,625200.0672,10094988.8,-79.87480571,0.85922605,NO,NO
8,ESMERALDAS,565,ELOY ALFARO,2125,LA TOLA,1,LA TOLA,1102,UNIDAD EDUCATIVA LA TOLA,NO,PEDRO VICENTE MALDONADO,62468091,3,4,7,1,3,1,4,2167,717500.4376,10133844.64,-79.04532677,1.21022353,NO,NO
8,ESMERALDAS,565,ELOY ALFARO,2225,LUIS VARGAS TORRES,0,,4147,UNIDAD EDUCATIVA RITA LECUMBERRY,NO,CALLES LUIS VARGAS TORRES Y QUITO,63032966,1,1,2,1,1,1,1,392,745361,10096856,-78.79529452,0.875633,SI,SI
8,ESMERALDAS,565,ELOY ALFARO,2335,MALDONADO,0,,3271,U.E. FISCAL PEDRO VICENTE MALDONADO,SI,24 DE NOVIEMBRE Y ABDON CALDERON,63044722,3,3,6,1,3,1,3,1834,732490,10118349,-78.91077503,1.07002289,NO,SI
8,ESMERALDAS,565,ELOY ALFARO,2670,PAMPANAL DE BOLIVAR,0,,4148,ESCUELA FISCAL MANUEL J. CALLE,NO,CALLE SIN NOMBRE ENTRE COLOMBIA Y QUITO,0,1,1,2,1,1,1,1,701,734128.1626,10149631.35,-78.89584239,1.35284059,SI,SI
8,ESMERALDAS,785,ATACAMES,4055,TONCHIGUE,1,TONCHIGUE,1057,COLEGIO DE BACHILLERATO FISCAL TONCHIGUE,SI,VIA PRINCIPAL MUISNE Y BALTAZAR CUSME,62470574,5,6,11,1,5,1,6,3850,617385.1303,10091484.78,-79.94504015,0.82754971,NO,NO
8,ESMERALDAS,785,ATACAMES,4055,TONCHIGUE,1,TONCHIGUE,5866,ESCUELA FISCAL QUITO,NO,BALTAZAR CUSME,62470416,4,4,8,6,9,7,10,2543,617289,10091476,-79.94590401,0.82747051,NO,NO
8,ESMERALDAS,785,ATACAMES,6380,ATACAMES,1,ATACAMES,1176,UNIDAD EDUCATIVA FISCOMISIONAL ESTRELLA DEL MAR,SI,VÍA PRINCIPAL ATACAMES,62760909,5,5,10,1,5,1,5,3500,628579.4222,10096315.81,-79.84443533,0.87122031,NO,NO
8,ESMERALDAS,785,ATACAMES,6380,ATACAMES,1,ATACAMES,4483,"ESCUELA FISCAL ""ATAHUALPA""",SI,VIA PRINCIPAL ATACAMES Y CALLE OLMEDO,62731766,5,5,10,6,10,6,10,3500,628511.48,10096220.68,-79.84504612,0.87035994,NO,NO
8,ESMERALDAS,785,ATACAMES,6380,ATACAMES,1,ATACAMES,5805,UNIDAD EDUCATIVA ATACAMES,NO,VIA PRINCIPAL ATACAMES - SUA,62731880,7,7,14,17,23,17,23,4963,627301,10095837,-79.85592448,0.86689275,NO,NO
8,ESMERALDAS,785,ATACAMES,6380,ATACAMES,1,ATACAMES,5862,UNIDAD EDUCATIVA LCDA. AGUEDA GONZALEZ QUIÑONEZ,NO,VIA PRINCIPAL ATACAMES - SUA,62731688,6,6,12,11,16,11,16,4200,627301,10095838,-79.85592448,0.86690179,NO,NO
8,ESMERALDAS,565,ELOY ALFARO,1505,SAN JOSE DE CAYAPAS,4,HERRADURA,5155,ESCUELA GENERAL BASICA RAFAEL MARIA ARIZA,NO,ELOY ALFARO,0,1,1,2,1,1,1,1,113,728155,10097062,-78.94983007,0.87758385,SI,SI
8,ESMERALDAS,580,SAN LORENZO,620,CONCEPCION,4,YALARE,5157,ESCUELA FISCAL 12 DE OCTUBRE,NO,S/N,0,1,1,2,1,1,1,1,171,736806,10122389,-78.87198234,1.1065217,NO,NO
8,ESMERALDAS,560,ESMERALDAS,5335,ESMERALDAS,2,ISLA LUIS VARGAS TORRES,4990,ESCUELA FISCAL LEONIDAS GRUEZO GEORGE,NO,JOSE BAZURTO MENDOZA,0,1,1,2,1,1,1,1,161,650739.0994,10105262.72,-79.645287,0.952076,NO,NO
8,ESMERALDAS,575,QUININDE,2345,MALIMPIA / GUAYLLABAMBA,13,GUAYACANA,3866,"U.E. INTERCULTURAL BILINGUE DE LA LENGUA ""BATALLA DE TARQUI""",NO,VÍA PRINCIPAL JOSE ESPIRITU,0,1,1,2,1,1,1,1,332,688429.7371,10049421.74,-79.30682647,0.44693732,NO,SI
8,ESMERALDAS,575,QUININDE,2345,MALIMPIA / GUAYLLABAMBA,14,LAS PAVAS,3825,ESCUELA DE EDUCACIÓN GENERAL BÁSICA LUZ Y VIDA,NO,VÍA PRINCIPAL,0,1,1,2,1,1,1,1,246,692989,10048363,-79.26587296,0.43735341,NO,SI
8,ESMERALDAS,580,SAN LORENZO,2395,MATAJE,3,LA CADENA,3342,ESCUELA FISCAL SEGUNDO MARCOS CABEZAS,NO,VIA A MATAJE,0,1,1,2,1,1,1,1,212,757008,10143448,-78.6903756,1.29675579,SI,SI
8,ESMERALDAS,785,ATACAMES,1615,TONSUPA,2,TASECHE,3900,ESCUELA MIXTA 1 DE MAYO,NO,VIA PRINCIPAL TASECHE ADENTRO,0,1,1,2,1,1,1,1,63,634315,10095028,-79.79289994,0.85955543,NO,SI
8,ESMERALDAS,580,SAN LORENZO,3455,SAN JAVIER DE CACHABI,2,CHILLAVI DEL CEIBO,3276,ESCUELA FISCAL ANA VILLAMIL ICAZA,NO,9 DE OCTUBRE,63033039,1,1,2,1,1,1,1,185,744003.2934,10118781.47,-78.80736,1.07386,NO,SI
8,ESMERALDAS,580,SAN LORENZO,110,ANCON/PALMA REAL,2,CAUCHAL,4201,"ESCUELA GENERAL BÁSICA ""ANTONIO ALMEIDA""",NO,CALLE S/N Y CALLE S/N,0,1,1,2,1,1,1,1,217,735195.0124,10155516.78,-78.88621178,1.40604277,SI,SI
8,ESMERALDAS,560,ESMERALDAS,450,CAMARONES,0,,1208,"UNIDAD EDUCATIVA ""DR. FRANKLIN TELLO""",NO,VIA PRINCIPAL A RIOVERDE CABECERA PARROQUIAL CAMARONES,62043582,4,4,8,1,4,1,4,2695,659650.9743,10109637.53,-79.56519444,0.99161111,NO,NO
8,ESMERALDAS,560,ESMERALDAS,655,CRNL.CARLOS CONCHA TORRES,0,,3878,UNIDAD EDUCATIVA FISCAL 10 DE SEPTIEMBRE,NO,"10 DE SEPTIEMBRE, ANGEL NEIRA, ROSA CAICEDO Y PEDRO REALPE",0,3,3,6,1,3,1,3,1763,645912.9868,10078630.59,-79.68873169,0.71120774,NO,NO
8,ESMERALDAS,560,ESMERALDAS,895,CHINCA,0,,6068,UNIDAD EDUCATIVA DEL MILENIUM CHINCA,SI,CALLE PRINCIPAL VIA A QUININDE,0,5,5,10,1,5,1,5,3308,659303.7699,10085237.79,-79.56839844,0.77093026,NO,SI
8,ESMERALDAS,560,ESMERALDAS,2320,MAJUA,0,,1194,"ESCUELA GENERAL BASICA ""GUAYAS""",NO,VIA PRINCIPAL 9 DE OCTUBRE,63043397,3,4,7,1,3,1,4,2190,663671,10077866,-79.52918228,0.70424413,NO,NO
8,ESMERALDAS,560,ESMERALDAS,3570,SAN MATEO,1,SAN MATEO,1911,UNIDAD EDUCATIVA SAN MATEO NRO. 2,SI,26 DE JULIO Y 21 DE SEPTIEMBRE,62436171,3,4,7,1,3,1,4,2450,652410.1114,10098358.81,-79.63029609,0.88962638,NO,NO
8,ESMERALDAS,560,ESMERALDAS,3570,SAN MATEO,1,SAN MATEO,6043,UNIDAD EDUCATIVA SAN MATEO,NO,"BARRIO URDESA , CALLE 28 DE ENERO Y LUCIO ARAUJO",62436176,4,3,7,4,7,5,7,2262,652103,10098175,-79.63305617,0.88796487,NO,NO
8,ESMERALDAS,560,ESMERALDAS,3930,TABIAZO,0,,1250,UNIDAD EDUCATIVA FISCAL TABIAZO,SI,JOHN F. KENNEDY,62753040,4,4,8,1,4,1,4,2717,644148.1251,10090977.42,-79.70455556,0.82288889,NO,NO
8,ESMERALDAS,560,ESMERALDAS,3940,TACHINA,0,,1149,UNIDAD EDUCATIVA PEDRO CORNELIO DROUET,SI,AV VELASCO IBARRA 24 DE MAYO Y ESMERALDAS,,6,6,12,1,6,1,6,4096,652596.2003,10106417.11,-79.62859602,0.96251047,NO,NO
8,ESMERALDAS,560,ESMERALDAS,4240,VUELTA LARGA,0,,52,"UNIDAD EDUCATIVA ""LEON FEBRES CORDERO""",SI,FRANCISCO ORELLANA Y JUAN MONTALVO,62755129,10,10,20,1,10,1,10,7000,644640,10099134,-79.70011093,0.89666333,NO,NO
8,ESMERALDAS,560,ESMERALDAS,4240,VUELTA LARGA,0,,6133,ESCUELA CESAR NAVIL ESTUPIÑAN BASS,NO,BARRIO SAN JORGE SECTOR LOS EBANOS,62766326,7,7,14,11,17,11,17,4485,648353,10098293,-79.66675069,0.88904455,NO,NO
8,ESMERALDAS,560,ESMERALDAS,5205,BARTOLOME RUIZ,0,,1302,"UNIDAD EDUCATIVA FISCOMISIONAL ""CRISTO REY""",SI,SUCRE ENTRE 24 DE MAYO Y MANABI,62714519,9,4,13,1,9,1,4,4550,649572.1061,10107916.09,-79.65576357,0.97607933,NO,NO
8,ESMERALDAS,560,ESMERALDAS,5205,BARTOLOME RUIZ,0,,1650,"UNIDAD EDUCATIVA ""DR. LUIS PRADO VITERI""",SI,AV. GUAYAQUIL ENTRE JR. CORONEL Y TACITO ORTIZ URRIOLA,62742210,8,7,15,10,17,5,11,5250,649673.91,10108667,-79.6548461,0.98287076,NO,NO
8,ESMERALDAS,560,ESMERALDAS,5205,BARTOLOME RUIZ,0,,4988,UNIDAD EDUCATIVA MANUEL NIETO CADENA,NO,JAIME ROLDOS AGUILERA,62721329,6,7,13,18,23,12,18,4550,649902.2355,10108739.23,-79.6527942,0.9835232,NO,NO
8,ESMERALDAS,560,ESMERALDAS,5205,BARTOLOME RUIZ,0,,6128,UNIVERSIDAD TECNICA LUIS VARGAS TORRES,SI,NUEVOS HORIZONTES,62991770,10,11,21,24,33,19,29,7000,648486,10107628,-79.66552388,0.97347751,NO,NO
8,ESMERALDAS,560,ESMERALDAS,5210,5 DE AGOSTO,1,5 DE AGOSTO,605,UNIDAD EDUCATIVA FISCAL MARGARITA CORTEZ NRO.2,SI,RICAURTE ENTRE SUCRE Y PEDRO VICENTE MALDONADO,,3,3,6,34,36,30,32,2100,650086,10106358,-79.65115153,0.9619849,NO,NO
8,ESMERALDAS,560,ESMERALDAS,5210,5 DE AGOSTO,1,5 DE AGOSTO,1283,UNIDAD EDUCATIVA PARTICULAR LA INMACULADA,SI,COLON ENTRE MEXICO Y EL ORO,62452319,13,9,22,1,13,1,9,7700,649983.0034,10105441.27,-79.65208024,0.95369367,NO,NO
8,ESMERALDAS,560,ESMERALDAS,5210,5 DE AGOSTO,1,5 DE AGOSTO,1067,"UNIDAD EDUCATIVA FISCAL ""LUIS VARGAS TORRES""",SI,AV. COLON Y EL ORO,62453683,9,9,18,14,22,10,18,6300,649940,10105514,-79.6524664,0.95435163,NO,NO
8,ESMERALDAS,560,ESMERALDAS,5210,5 DE AGOSTO,1,5 DE AGOSTO,1733,UNIDAD EDUCATIVA FISCAL NELSON ORTIZ ESTAFANUTO,SI,"SAN JOSE OBRERO ANTRE COLON , ELOY ALFARO E IMBABURA",62455663,6,6,12,37,42,33,38,4200,649847,10105942,-79.65330054,0.95822313,NO,NO
8,ESMERALDAS,560,ESMERALDAS,5210,5 DE AGOSTO,1,5 DE AGOSTO,1063,UNIDAD EDUCATIVA FISCAL MARGARITA CORTEZ,SI,PEDRO VICENTE MALDONADO ENTRE DELGADILLO Y SAN JOSE OBRERO,62461091,7,7,14,27,33,23,29,4900,650039.7678,10106015,-79.65156816,0.9588827,NO,NO
8,ESMERALDAS,560,ESMERALDAS,5210,5 DE AGOSTO,1,5 DE AGOSTO,3446,"ESCUELA FISCAL ""DR. JOSE MARÍA VELASCO IBARRA""",NO,CALLE MANUELA CAÑIZARES ENTRE OLMEDO Y COLON,62723377,5,2,7,47,51,43,44,2412,649837.869,10106587.38,-79.6533803,0.96406049,NO,NO
8,ESMERALDAS,560,ESMERALDAS,5210,5 DE AGOSTO,1,5 DE AGOSTO,6120,ESCUELA FISCAL ESMERALDAS LIBRE,NO,CALLE PRINCIPAL ESMERALDAS LIBRE,62721023,4,4,8,43,46,39,42,2800,649192,10106390,-79.65918446,0.96227752,NO,NO
8,ESMERALDAS,560,ESMERALDAS,5210,5 DE AGOSTO,1,5 DE AGOSTO,6023,ESCUELA SAN JOSE OBRERO,NO,SAN JOSE OBRERO Y 6 DE DICIEMBRE,62451454,4,4,8,23,26,19,22,2800,649777.643,10105986.78,-79.65392359,0.95862842,NO,NO
8,ESMERALDAS,561,RIO VERDE,965,CHUMUNDE,4,RASCADERA,5928,ESCUELA FISCAL 7 DE JULIO,NO,CENTRO POBLADO,63043784,1,1,2,1,1,1,1,244,678496,10074643,-79.39600183,0.67505195,SI,SI
8,ESMERALDAS,580,SAN LORENZO,4075,TULULBI /RICAURTE,3,CENTRO AWA PAMBILAR,3971,CENTRO EDUCATIVO INTERCULTURAL BILINGUE MOISES CANTICUZ,NO,CENTRO POBLADO,0,1,1,2,1,1,1,1,83,766495.5077,10124461.31,-78.60531512,1.12504928,SI,SI
8,ESMERALDAS,580,SAN LORENZO,4075,TULULBI /RICAURTE,4,CENTRO AWA GUADUALITO,3348,CENTRO EDUCATIVO SANTA ROSA,NO,VIA RECINTO EL PAN,0,1,1,2,1,1,1,1,138,758657,10135532,-78.67562839,1.22518328,SI,SI
8,ESMERALDAS,560,ESMERALDAS,5210,5 DE AGOSTO,3,PROPICIA 4,3324,UNIDAD EDUCATIVA FISCAL LUIS TELLO,NO,KM 5.5 VIA A REFINERIA,62700425,6,5,11,1,6,1,5,3511,647298,10102946,-79.67621493,0.93113372,NO,NO
8,ESMERALDAS,560,ESMERALDAS,6905,SIMON PLATA TORRES,4,LA TOLITA,3448,UNIDAD EDUCATIVA FISCOMISIONAL MARIA AUXILIADORA,NO,VIA A ATACAMES KM 2.5,62766413,4,4,8,1,4,1,4,2559,646332,10101125,-79.684901,0.91466624,NO,NO
8,ESMERALDAS,561,RIO VERDE,965,CHUMUNDE,2,CAPULÍ,3902,ESCUELA DE EDUCACION BASICA ANTONIO ELIZALDE,NO,FRENTE A LA CANCHA DE FUTBOL,63042981,1,1,2,1,1,1,1,195,681703,10083909,-79.36716122,0.7588403,SI,SI
8,ESMERALDAS,561,RIO VERDE,965,CHUMUNDE,3,MARIBÉ,3901,ESCUELA RICARDO PLAZA BASTIDAS,NO,FRENTE A LA CANCHA DE FULTBOL,63043093,1,1,2,1,1,1,1,244,678698.2549,10085079.68,-79.39415167,0.76943778,SI,SI
8,ESMERALDAS,565,ELOY ALFARO,3805,SELVA ALEGRE,2,PALMA REAL,3443,ESCUELA FISCAL PAULINA PERALTA,NO,VIA ZAPALLITO,0,1,1,2,1,1,1,1,182,739575,10100034,-78.84724336,0.90439527,NO,SI
8,ESMERALDAS,565,ELOY ALFARO,4465,SANTO DOMINGO DE ONZOLE,3,CHACHI CAPULÍ,4194,"CENTRO EDUCATIVO COMUNITARIO ""GONZALO PIZARRO""",NO,CALLE SIN NOMBRE,63034860,1,1,2,1,1,1,1,147,712771,10079262,-79.08808933,0.71670594,SI,SI
8,ESMERALDAS,565,ELOY ALFARO,4465,SANTO DOMINGO DE ONZOLE,4,CHACHI GUALPÍ DE ONZOLE,4207,ESCUELA FISCAL ROSENDO ORTIZ,NO,CHACHI GUALPI DE ONZOLE,0,1,1,2,1,1,1,1,242,704570,10086069,-79.16173004,0.77828936,SI,SI
8,ESMERALDAS,570,MUISNE,1010,DAULE,2,PEDRO CARBO,4026,ESCUELA FISCAL ALBERTO PERDOMO FRANCO,NO,FLORENCIO INTRIAGO,0,1,1,2,1,1,1,1,387,614139,10040645,-79.9742958,0.3676687,NO,SI
8,ESMERALDAS,575,QUININDE,1530,LA UNION,10,LA VIRGENCITA,3260,ESCUELA CORONEL RAMON VALDEZ CERVANTES,NO,AV. 24 DE OCTUBRE,0,1,1,2,1,1,1,1,167,659282,10006530,-79.56872201,0.0590604,NO,SI
8,ESMERALDAS,575,QUININDE,5895,ROSA ZARATE,10,PUEBLO NUEVO,3985,ESCUELA FISCAL MIXTA 10 DE AGOSTO,NO,VÍA A PUEBLO NUEVO,0,1,1,2,1,1,1,1,303,653653,10021608,-79.61928585,0.1954372,NO,SI
8,ESMERALDAS,580,SAN LORENZO,620,CONCEPCION,3,19 DE MARZO,4212,"ESCUELA FISCAL ""4 DE OCTUBRE""",NO,AV. PRINCIPAL,0,1,1,2,1,1,1,1,252,735188.3749,10123969.35,-78.88650202,1.12082021,NO,NO
8,ESMERALDAS,580,SAN LORENZO,2395,MATAJE,2,MATAJE ALTO,4214,ESCUELA FISCAL LUCIANO GERMAN NASTACUAZ,NO,AV. PRINCIPAL Y CALLE S/N,0,1,1,2,1,1,1,1,209,772256,10134163,-78.5535077,1.21269944,SI,SI
8,ESMERALDAS,580,SAN LORENZO,620,CONCEPCION,1,CONCEPCION,3338,U.E. TARCILA BEDON BATIOJA,NO,BOLIVAR Y ABDON CALDERON,62303479,2,2,4,1,2,1,2,945,741763.573,10114531.68,-78.82750326,1.03545326,NO,NO
8,ESMERALDAS,785,ATACAMES,4055,TONCHIGUE,3,SAME,3267,"EGB.""ADALBERTO ORTIZ QUIÑONEZ""",NO,VIA PRINCIPAL A MUISNE - SAME,0,1,1,2,1,1,1,1,206,620119,10093096,-79.92046933,0.84211762,NO,NO
8,ESMERALDAS,560,ESMERALDAS,6905,SIMON PLATA TORRES,1,SIMON PLATA TORRES,1915,"ESCUELA FISCOMISIONAL ""NUESTRA SEÑORA DE LORETO""",SI,AV. SIMON PLATA TORRES,62438595,8,8,16,1,8,1,8,5600,648769.862,10101804.16,-79.6629934,0.92080096,NO,NO
8,ESMERALDAS,560,ESMERALDAS,6905,SIMON PLATA TORRES,1,SIMON PLATA TORRES,5457,UNIDAD EDUCATIVA FISCAL ALFONSO QUIÑONEZ GEORGE,NO,VIA ATACAMES Y TOLITA 1,0,10,9,19,9,18,9,17,6226,646352,10101780,-79.68471913,0.92059058,NO,NO
8,ESMERALDAS,565,ELOY ALFARO,4465,SANTO DOMINGO DE ONZOLE,5,HOJAS BLANCAS,3979,ESCUELA ABDON CALDERON MUÑOZ,NO,VÍA CHONTADURO,63034885,1,1,2,1,1,1,1,332,700761,10061646,-79.19602683,0.55745226,SI,SI
8,ESMERALDAS,565,ELOY ALFARO,4465,SANTO DOMINGO DE ONZOLE,7,NUEVO AMANECER,8296,EGB 17 DE SEPTIEMBRE EXTENSION,NO,CENTRO POBLADO,,1,1,2,1,1,1,1,157,699603,10079143,-79.20637413,0.71567803,NO,NO
8,ESMERALDAS,575,QUININDE,700,CUBE / CHANCAMA,5,EL MIRADOR,8301,UNIDAD EDUCATIVA QUITEÑO LIBRE,NO,VIA ESMERALDAS QUININDE KM 71,,1,1,2,1,1,1,1,147,662771,10051575,-79.53732991,0.46646204,NO,NO
8,ESMERALDAS,580,SAN LORENZO,620,CONCEPCION,2,GUAYABAL,3444,"ESCUELA FISCAL ""JOSÉ PLACIDO CAAMAÑO""",NO,AV. PRINCIPAL,0,1,1,2,1,1,1,1,220,739032.5075,10100570.42,-78.85211289,0.90924788,SI,SI
8,ESMERALDAS,565,ELOY ALFARO,1505,SAN JOSE DE CAYAPAS,2,PICHIYACU CHACHI,4175,"UNIDAD EDUCATIVA ""HERCILIO PIANCHICHE OREJUELA""",NO,JORGE PICHOTA,0,1,1,2,1,1,1,1,647,722572.9334,10099966.24,-78.99995483,0.90387057,SI,SI
8,ESMERALDAS,565,ELOY ALFARO,4465,SANTO DOMINGO DE ONZOLE,2,COLON DE ONZOLE,4185,UNIDAD EDUCATIVA GRAN COLOMBIA,NO,CALLE SIN NOMBRE,62303364,1,1,2,1,1,1,1,500,715333,10086940,-79.065046,0.78612149,SI,SI
8,ESMERALDAS,575,QUININDE,5895,ROSA ZARATE,2,LA SEXTA,3299,UNIDAD EDUCATIVA FISCAL NUEVA JERUSALEN,SI,AV PRINCIPAL,0,1,1,2,1,1,1,1,544,691782,10033258,-79.2767416,0.30075853,NO,SI
9,GUAYAS,390,GUAYAQUIL,6405,PASCUALES,6,MONTEBELLO,564,ESCUELA DE EDUCACIÓN BÁSICA NUESTRA SRA DE MONTEBELLO,SI,CDLA. MONTEBELLO AV 7MA SL.1 KM 13 1/2 VIA A DAULE,5005121,5,5,10,6,10,6,10,3500,617721,9769032,-79.94143254,-2.08927194,NO,NO
9,GUAYAS,390,GUAYAQUIL,6405,PASCUALES,6,MONTEBELLO,574,UNIDAD EDUCATIVA FISCAL HIDEYO NOGUCHI,SI,CDLA. MONTEBELLO MZ.2A SL.1 KM 12 1/2 VIA A DAULLE,2018575,5,5,10,1,5,1,5,3500,617687,9769109,-79.9417387,-2.08857563,NO,NO
9,GUAYAS,390,GUAYAQUIL,6405,PASCUALES,6,MONTEBELLO,5226,UNIDAD EDUCATIVA PARTICULAR BENEMÉRITA SOCIEDAD FILANTRÓPICA DEL GUAYAS,NO,AV. ARTURO FERAUD STAGG ENTRE LUIS ROBLES PLAZA Y MODESTO LUQUE,42103896,5,3,8,11,15,11,13,2359,617680,9767387,-79.94179118,-2.10415226,NO,NO
9,GUAYAS,390,GUAYAQUIL,6150,TARQUI,14,SAN EDUARDO,731,ESCUELA DE EDUCACION BASICA COMPLETA LUIS BONILLA CASTILLO,SI,"COOP SAN EDUARDO AV. 43 SUR OESTE Y CALLE 3B, MZ 251, SOLAR 28",2208977,10,7,17,1,10,1,7,5790,619246,9758209,-79.92765312,-2.18716303,NO,NO
9,GUAYAS,390,GUAYAQUIL,6150,TARQUI,15,URDENOR,685,CENTRO DE ESTUDIOS ESPIRITU SANTO,SI,AV. JUAN TANCA MARENGO KM 2 1/2 AV LAS AGUAS,3804810,12,9,21,1,12,1,9,7152,621116,9762574,-79.91086696,-2.14766707,NO,NO
9,GUAYAS,390,GUAYAQUIL,6150,TARQUI,16,NUEVA PROSPERINA,666,UNIDAD EDUCATIVA SAGRADA FAMILIA DE NAZARET,NO,COOP. NUEVA PROSPERINA MZ.2175 SL.1,0,11,5,16,14,24,14,18,5436,614668,9764999,-79.96885861,-2.12577167,NO,NO
9,GUAYAS,390,GUAYAQUIL,6150,TARQUI,16,NUEVA PROSPERINA,5188,UNIDAD EDUCATIVA ADALBERTO ORTIZ QUIÑONEZ,NO,COOP. NUEVA PROSPERINA MZ.2173 -2174 KM 2.5 VIA PERIMETRAL,0,7,7,14,7,13,7,13,4900,614691,9765148,-79.9686527,-2.12442372,NO,NO
9,GUAYAS,390,GUAYAQUIL,6150,TARQUI,16,NUEVA PROSPERINA,6295,UNIDAD EDUCATIVA FISCOMISIONAL SAN IGNACIO DE LOYOLA,SI,KM. 24 1/2 VIA PERIMETRAL COOP. SAN IGNACIO,0,6,6,12,1,6,1,6,4200,613959,9765413,-79.975236,-2.12203101,NO,NO
9,GUAYAS,390,GUAYAQUIL,6150,TARQUI,17,VÍA A LA COSTA,557,UNIDAD EDUCATIVA STEINER INTERNACIONAL,NO,KM 16 1/2 VIA A LA COSTA,2046204,5,5,10,6,10,6,10,3500,608602,9758028,-80.02336085,-2.18886604,NO,NO
9,GUAYAS,390,GUAYAQUIL,6150,TARQUI,17,VÍA A LA COSTA,7977,UNIDAD EDUCATIVA BILINGUE LOGOS,NO,VIA LA COSTA KM 14 1/2,0,5,5,10,1,5,1,5,3500,610437.25,9758270.18,-80.00685986,-2.18666442,NO,NO
9,GUAYAS,390,GUAYAQUIL,6150,TARQUI,17,VÍA A LA COSTA,7980,UNIDAD EDUCATIVA FISCAL PUERTO HONDO,SI,CALLE 4TA AV. 96 S-O SALIDA VIA A LA COSTA,0,11,6,17,20,30,20,25,5594,608393.67,9757680.1,-80.02523211,-2.19201432,NO,NO
9,GUAYAS,390,GUAYAQUIL,6150,TARQUI,17,VÍA A LA COSTA,8196,UNIVERSIDAD ECOTEC CAMPUS VIA A LA COSTA,SI,"KM 16,5 VIA A LA COSTA",45150400,9,9,18,11,19,11,19,6300,609457.25,9758135.7,-80.01567113,-2.18788674,NO,NO
9,GUAYAS,420,MILAGRO,5660,MILAGRO,8,MILAGRO NORTE,188,UNIDAD EDUCATIVA LA ALBORADA,SI,RIO MACARA Y MALECON,0,8,8,16,25,32,25,32,5600,655122,9764410,-79.60513797,-2.1308115,NO,NO
9,GUAYAS,420,MILAGRO,5660,MILAGRO,8,MILAGRO NORTE,959,ESCUELA DE EDUCACIÓN BÁSICA MODESTO CHAVEZ FRANCO,SI,AV DE LAS AMERCIAS ENTRE COSTA RICA Y CUBA,,7,6,13,41,47,41,46,4576,655970,9764339,-79.59751367,-2.13144669,NO,NO
9,GUAYAS,420,MILAGRO,5660,MILAGRO,8,MILAGRO NORTE,894,UNIDAD EDUCATIVA SIMON BOLIVAR,SI,GUAYAQUIL ENTRE PEDRO CARBO Y BOLIVAR,,12,12,24,13,24,13,24,8400,656344,9765157,-79.59415804,-2.12404525,NO,NO
9,GUAYAS,420,MILAGRO,5660,MILAGRO,8,MILAGRO NORTE,961,ESCUELA DE EDUCACION BASICA VICTORIA MACIAS DE ACUÑA,SI,JUAN MONTALVO ENTRE BOLIVAR Y ERNESTO SEMINARIO,,8,8,16,33,40,33,40,5600,656227,9764663,-79.59520584,-2.12851417,NO,NO
9,GUAYAS,420,MILAGRO,5660,MILAGRO,8,MILAGRO NORTE,7892,UNIDAD EDUCATIVA ARQUEOLOGO JULIO VITERI GAMBOA,SI,CALLE ERNESTO SEMINARIO Y AMAZONA,,12,12,24,1,12,1,12,8400,656174.0175,9765686.426,-79.59569053,-2.11925828,NO,NO
9,GUAYAS,820,DURAN,6525,ELOY ALFARO /DURAN,11,ELOY ALFARO NORTE,699,ESCUELA DE EDUCACION BASICA FISCAL PABLO SANDIFORD AMADOR,SI,AV 16 DE OCTUBRE 516 Y RODOLFO FERNANDEZ,0,10,10,20,23,32,23,32,7000,628226,9760230,-79.84692292,-2.16882219,NO,NO
9,GUAYAS,820,DURAN,6525,ELOY ALFARO /DURAN,11,ELOY ALFARO NORTE,725,ESCUELA DE EDUCACION BÁSICA GUILLERMO DAVIS,NO,AV HUMBERTO AYALA Y FERROVIARIA,0,4,4,8,19,22,19,22,2800,628589,9760020,-79.84365764,-2.1707192,NO,NO
9,GUAYAS,820,DURAN,6525,ELOY ALFARO /DURAN,11,ELOY ALFARO NORTE,728,UNIDAD EDUCATIVA FISCAL DURAN,SI,AV. HUMBERTO AYALA Y VELASCO IBARRA,0,18,18,36,1,18,1,18,12600,628905,9760036,-79.84081649,-2.17057229,NO,NO
9,GUAYAS,820,DURAN,6525,ELOY ALFARO /DURAN,11,ELOY ALFARO NORTE,744,ESCUELA DE EDUCACION BASICA FISCAL MANUEL GOMEZ ABAB,SI,CUENCA 301 Y QUITO,0,7,5,12,33,39,33,37,3923,627533,9760066,-79.85315279,-2.17031039,NO,NO
9,GUAYAS,870,SANTA LUCIA,6580,SANTA LUCIA,3,LAS GABARRAS,8189,UNIDAD EDUCATIVA PORVENIR,NO,VIA PRINCIPAL,0,1,1,2,1,1,1,1,433,609264,9811246,-80.01768712,-1.70745906,NO,SI
9,GUAYAS,385,EL EMPALME,1470,GUAYAS / PUERTO NUEVO,2,DAULE - PERIPA,674,ESCUELA DE EDUCACIÓN BÁSICA 12 DE OCTUBRE,NO,PARROQUIA CARLOS JULIO Y LAS ACACIAS,43899057,3,3,6,1,3,1,3,1641,641639,9896746,-79.72706346,-0.93393844,SI,SI
9,GUAYAS,400,DAULE,7425,MAGRO,0,,1101,ESCUELA DE EDUCACION BASICA ISMAEL PEREZ CASTRO,NO,KM 41 VIA A DAULE - CALLEJON DAULE Y BOLIVAR MORAN,0,2,1,3,1,2,1,1,775,610923,9791899,-80.00267894,-1.88246129,NO,NO
9,GUAYAS,425,SAMBORONDON,7445,LA PUNTILLA(SATELITE),1,LA PUNTILLA(SATELITE),1129,UNIVERSIDAD DE ESPECIALIDADES ESPIRITU SANTO,SI,CDLA TORNERO 3 KM 2 1/2 VIA SAMBORONDON,5000950,14,14,28,13,26,13,26,9800,626119,9764224,-79.86589436,-2.13270925,NO,NO
9,GUAYAS,425,SAMBORONDON,7445,LA PUNTILLA(SATELITE),1,LA PUNTILLA(SATELITE),1122,UNIDAD EDUCATIVA BILINGÜE NUEVO MUNDO,SI,KM 2 1/2 VIA SAMBORONDON 112 CDLA TORNERO 3,2830095,6,6,12,27,32,27,32,4200,626197,9764220,-79.86519303,-2.13274491,NO,NO
9,GUAYAS,425,SAMBORONDON,7445,LA PUNTILLA(SATELITE),1,LA PUNTILLA(SATELITE),632,UNIDAD EDUCATIVA PARTICULAR BILINGUE LICEO PANAMERICANO,SI,AV LA PUNTILLA SAMBORONDON KM 3 1/2,3707888,12,12,24,1,12,1,12,8400,626029,9765247,-79.86671033,-2.1234564,NO,NO
9,GUAYAS,425,SAMBORONDON,7445,LA PUNTILLA(SATELITE),1,LA PUNTILLA(SATELITE),8199,UNIDAD EDUCATIVA BILINGUE LA MODERNA,SI,AV. SAMBORONDON KM 2.5 092301,43725220,4,4,8,33,36,33,36,2742,625419,9764307,-79.87218873,-2.13196313,NO,NO
9,GUAYAS,425,SAMBORONDON,7445,LA PUNTILLA(SATELITE),1,LA PUNTILLA(SATELITE),8200,CENTRO EDUCATIVO NACIONES UNIDAS,NO,KM 1 VIA SAMBORONDON,98020202,8,0,8,37,44,1,0,2736,626709,9762855,-79.86058045,-2.14508844,NO,NO
9,GUAYAS,820,DURAN,7455,EL RECREO,1,EL RECREO,745,ESCUELA DE EDUCACION BASICA CARLOS JULIO PEREZ PERASSO,SI,AV. LAURICE ANTON DE SALEN RECREO 5TA ETAPA,0,8,8,16,35,42,35,42,5574,633299,9760250,-79.80131051,-2.16860564,NO,NO
9,GUAYAS,820,DURAN,7455,EL RECREO,1,EL RECREO,767,ESCUELA DE EDUCACION BASICA HECTOR PILCO CHANGO,SI,COOP DE VIVIENDA 10 DE ENERO 5TA ETAPA ZONA DE RESERVA E,0,10,0,10,43,52,1,0,3277,633486,9760122,-79.79962825,-2.16976208,NO,NO
9,GUAYAS,820,DURAN,7455,EL RECREO,1,EL RECREO,771,ESCUELA DE EDUCACION BASICA GONZALO BENITEZ GOMEZ,SI,CDLA EL RECREO 3ERA ETAPA FAE MZ G,2673655,8,8,16,23,30,23,30,5600,633224,9759982,-79.80198294,-2.17103029,NO,NO
9,GUAYAS,820,DURAN,7455,EL RECREO,1,EL RECREO,783,ESCUELA DE EDUCACION BASICA RAFAEL LARREA INSUASTI,SI,AVENIDA LAURICE ANTON DE SALEM Y CORONEL AGUIRRE 3ERA ETAPA,0,12,12,24,11,22,11,22,8400,632697,9759647,-79.80671891,-2.1740642,NO,NO
9,GUAYAS,820,DURAN,7455,EL RECREO,1,EL RECREO,785,ESCUELA DE EDUCACION BASICA MILTON REYES REYES,SI,CALLE PRINCIPAL LAURICE ANTON DE SALEM CDLA EL RECREO DURAN 1ERA ETAPA 1ER PARQUEADERO,0,10,10,20,1,10,1,10,7000,631942,9759023,-79.81350288,-2.17971381,NO,NO
9,GUAYAS,820,DURAN,7455,EL RECREO,1,EL RECREO,7610,UNIDAD EDUCATIVA PARTICULAR JUAN BOSCO KIRIOS,NO,CDLA EL RECREO 5TA ETAPA MZ 552,99229987,4,4,8,31,34,31,34,2800,634376.7,9761068.5,-79.79162661,-2.16119443,NO,NO
9,GUAYAS,390,GUAYAQUIL,5355,FEBRES CORDERO,7,CUARTEL CUATRO,291,ESCUELA DE EDUCACIÓN BÁSICA FILIBERTO LÓPEZ ARÉVALO,SI,PEDRO PABLO GÓMEZ Y LA 15,0,8,8,16,1,8,1,8,5600,621113,9757618,-79.91086186,-2.19249678,NO,NO
9,GUAYAS,390,GUAYAQUIL,5355,FEBRES CORDERO,7,CUARTEL CUATRO,5897,UNIDAD EDUCATIVA PARTICULAR SAN JOAQUIN Y SANTA ANA,NO,LA 15 ENTRE BRASIL Y GOMEZ RENDON,2465051,5,3,8,9,13,9,11,2229,620873,9757121,-79.91301661,-2.19699399,NO,NO
9,GUAYAS,390,GUAYAQUIL,5355,FEBRES CORDERO,8,DIOS PATRIA Y LIBERTAD,202,ESCUELA DE EDUCACION BASICA SAID HANNA,NO,41 AVA Y LA P,0,5,1,6,13,17,13,13,1996,617387,9754142,-79.94434274,-2.22396354,NO,NO
9,GUAYAS,390,GUAYAQUIL,5355,FEBRES CORDERO,8,DIOS PATRIA Y LIBERTAD,161,ESCUELA DE EDUCACION BÁSICA FISCAL INGAPIRCA,SI,CALLE 44 ENTRE LA I Y CALLEJON J,2665040,12,12,24,1,12,1,12,8400,617343,9754994,-79.94474386,-2.21625694,NO,NO
9,GUAYAS,390,GUAYAQUIL,5355,FEBRES CORDERO,9,ESTERO SALADO,149,ESCUELA DE EDUCACION BASICA OSCAR EFREN REYES,NO,48 Y CHAMBERS,2663858,6,2,8,13,18,13,14,2505,617427,9756396,-79.9439975,-2.20357442,NO,NO
9,GUAYAS,390,GUAYAQUIL,5355,FEBRES CORDERO,9,ESTERO SALADO,111,UNIDAD EDUCATIVA JOAQUÍN GALLEGOS LARA,SI,CHAMBERS Y LA 48 AVA,2840075,12,12,24,1,12,1,12,8400,617350,9756431,-79.94469009,-2.20325832,NO,NO
9,GUAYAS,390,GUAYAQUIL,5355,FEBRES CORDERO,10,COLEGIO GARCIA GOYENA,95,UNIDAD EDUCATIVA DR. RAFAEL GARCIA GOYENA,SI,GARCIA GOYENA Y LA 20 AVA,2473864,8,8,16,1,8,1,8,5600,620186.5483,9756359.376,-79.91918401,-2.20388781,NO,NO
9,GUAYAS,390,GUAYAQUIL,5355,FEBRES CORDERO,10,COLEGIO GARCIA GOYENA,312,ESCUELA DE EDUCACIÓN BÁSICA DR. JUAN TANCA MARENGO,NO,LA 20 AVA Y VENEZUELA,0,6,4,10,9,14,9,12,3180,620254,9756577,-79.91857892,-2.20191884,NO,NO
9,GUAYAS,390,GUAYAQUIL,5355,FEBRES CORDERO,11,LA COLMENA,796,ESCUELA DE EDUCACION BASICA OTHON CASTILLO VELEZ,SI,LA 25(AV ISMAEL PEREZ CASTRO) Y LA I,23091243,18,14,32,1,18,1,14,10922,619204.8157,9754265.027,-79.9279979,-2.22283884,NO,NO
9,GUAYAS,390,GUAYAQUIL,5355,FEBRES CORDERO,12,CISNE 2 - LA PISTA,48,ESCUELA DE EDUCACION BASICA DR. CARLOS ZEVALLOS MENENDEZ,SI,CALLEJON PARRA Y CALLE 20 AVA,2756263,12,12,24,1,12,1,12,8400,619677,9754974,-79.92375672,-2.21642266,NO,NO
9,GUAYAS,390,GUAYAQUIL,5355,FEBRES CORDERO,12,CISNE 2 - LA PISTA,54,UNIDAD EDUCATIVA AIDA LEÓN DE RODRIGUEZ LARA,SI,CALLE 13 AVA Y SEDALANA,2756519,11,7,18,13,23,13,19,6194,620232,9754683,-79.91876434,-2.21905127,NO,NO
9,GUAYAS,390,GUAYAQUIL,5355,FEBRES CORDERO,13,PUENTE PATRIA,218,ESCUELA DE EDUCACIÓN BÁSICA FISCAL TEODORO WOLF,SI,LA 33 Y GOMEZ RENDÓN,0,8,8,16,1,8,1,8,5600,619258,9757555,-79.92754101,-2.19307876,NO,NO
9,GUAYAS,390,GUAYAQUIL,5355,FEBRES CORDERO,13,PUENTE PATRIA,224,ESCUELA DE EDUCACION BASICA PARTICULAR TRANSFIGURACIÓN,SI,LA 33 Y MALDONADO,0,10,6,16,9,18,9,14,5370,619192,9757426,-79.92813363,-2.19424607,NO,NO
9,GUAYAS,390,GUAYAQUIL,5355,FEBRES CORDERO,14,VIRGEN DE FATIMA,282,ESCUELA DE EDUCACIÓN BÁSICA GENERAL ELOY ALFARO,SI,GOMEZ RENDÓN ENTRE LA 11 Y LA 12,2369265,10,8,18,1,10,1,8,5879,621200.2351,9756998.47,-79.91007341,-2.19810018,NO,NO
9,GUAYAS,425,SAMBORONDON,7445,LA PUNTILLA(SATELITE),2,LA PUNTILLA NORTE,511,COLEGIO MENOR SAMBORONDON,NO,KM 9 VIA SAMBORONDON 823 Y AV LEON FEBRES CORDERO,5000250,6,6,12,1,6,1,6,4200,626106,9770662,-79.86605331,-2.07447501,NO,NO
9,GUAYAS,425,SAMBORONDON,7445,LA PUNTILLA(SATELITE),2,LA PUNTILLA NORTE,8198,UNIDAD EDUCATIVA PARTICULAR ALEMAN HUMBOLTH,NO,CIUDAD CELESTE,44001059,4,3,7,7,10,7,9,2143,629427.29,9770728.37,-79.83619275,-2.07385286,NO,NO
9,GUAYAS,390,GUAYAQUIL,3030,PUNA,3,CAMPO ALEGRE,4631,UNIDAD EDUCATIVA FISCAL JUAN LEON MERA,NO,AV PRINCIPAL,0,1,2,3,1,1,1,2,791,596080.6432,9688213.863,-80.13554014,-2.82048142,SI,SI
9,GUAYAS,390,GUAYAQUIL,6265,XIMENA,12,MATERNIDAD DEL GUASMO,7487,ESCUELA DE EDUCACIÓN BASICA LUIS VARGAS TORRES,NO,GUASMO SUR COOP PROLETARIOS SIN TIERRA MZ-3709 SL- 1,0,7,5,12,1,7,1,5,3866,624976.77,9748906.03,-79.87606054,-2.27127441,NO,NO
9,GUAYAS,390,GUAYAQUIL,3030,PUNA,2,CAUCHICHE,758,ESCUELA DE EDUCACION BASICA FISCAL JOHN F. KENNEDY,NO,CALLE 5 DE OCTUBRE,0,1,1,2,1,1,1,1,469,585242,9690776,-80.2330668,-2.79737231,SI,SI
9,GUAYAS,430,SALITRE,1350,GRAL. VERNAZA,0,,1334,ESCUELA DE EDUCACION BASICA NUEVE DE OCTUBRE,SI,JUAN JOSE FLORES CALLEJON RAFAEL SOTOMAYOR,0,10,11,21,1,10,1,11,6974,634499,9805009,-79.79081257,-1.7637439,NO,NO
9,GUAYAS,430,SALITRE,1595,JUNQUILLAL,1,JUNQUILLAL,4566,UNIDAD EDUCATIVA JUNQUILLAL,SI,AV CARLOS ANDRADE Y JULIO CESAR ALFARO,0,11,11,22,1,11,1,11,7401,626676,9810410,-79.86116342,-1.71493416,NO,NO
9,GUAYAS,430,SALITRE,4220,VICTORIA,0,,1379,ESCUELA DE EDUCACION BASICA SEBASTIAN DE BENALCAZAR ( ANTES JOSE JULIAN SANCHEZ ),SI,AV ENRIQUE DECKER ACOSTA,0,6,6,12,1,6,1,6,3876,642218.27,9790047.71,-79.72132932,-1.8990214,NO,NO
9,GUAYAS,430,SALITRE,5120,BOCANA,0,,1162,UNIDAD EDUCATIVA 27 DE NOVIEMBRE,NO,CARRETERA VIA SALITRE Y COOPERATIVA VICTORIA,,1,1,2,1,1,1,1,388,630004,9797167,-79.8311731,-1.83470334,NO,NO
9,GUAYAS,430,SALITRE,5155,CANDILEJOS,0,,1324,UNIDAD EDUCATIVA 27 DE NOVIEMBRE,NO,CARRETERA VIA SALITRE Y COOPERATIVA VICTORIA,0,1,2,3,1,1,1,2,810,630004,9797167,-79.8311731,-1.83470334,NO,NO
9,GUAYAS,430,SALITRE,5200,SALITRE,0,,1405,UNIDAD EDUCATIVA SALITRE ( ANTES COLEGIO RAFAEL SOTOMAYOR Y LUNA),SI,"AV ARMANDO ROMERO RODAS, COOP VIRGEN DEL CARMEN",0,12,12,24,1,12,1,12,8400,631411.2152,9797965.511,-79.81852778,-1.82747222,NO,NO
9,GUAYAS,430,SALITRE,5200,SALITRE,0,,1407,ESCUELA EDUCACION BASICA LEONIDAS PLAZA ( ANTES ESCUELA SALITRE),SI,COOP VIRGEN DEL CARMEN AV MARTHA BUCARAM Y LEONIDAS PROAÑO,,10,10,20,13,22,13,22,7000,631259.67,9797543.91,-79.81988758,-1.83128663,NO,NO
9,GUAYAS,430,SALITRE,5200,SALITRE,0,,1412,ESCUELA DE EDUCACIÓN BÁSICA FRANCISCO IÑIGUEZ CASTRO -ANTES PEDRO DE MONTUFAR-,SI,CALLE DAULE 27 DE SEPTIEMBRE Y ANGEL CEPEDA,0,14,14,28,23,36,23,36,9800,631919.894,9797714.13,-79.81395359,-1.829743,NO,NO
9,GUAYAS,430,SALITRE,5200,SALITRE,0,,1393,UNIDAD EDUCATIVA SALITRE (EX CORONEL BRITO),SI,AV MARIA ANGEL CEPEDA Y PIDRAHITA,,10,12,22,37,46,37,48,7533,632014.348,9797673.128,-79.81310426,-1.83011331,NO,NO
9,GUAYAS,430,SALITRE,5765,PARAISO,0,,1377,UNIDAD EDUCATIVA 27 DE NOVIEMBRE,NO,CARRETERA VIA SALITRE - COOPERATIVA VICTORIA,0,1,1,2,1,1,1,1,132,630004,9797167,-79.8311731,-1.83470334,NO,NO
9,GUAYAS,430,SALITRE,5990,SAN MATEO,0,,1335,UNIDAD EDUCATIVA 27 DE NOVIEMBRE,NO,CARRETERA VIA SALITRE Y COOPERATIVA VICTORIA,,1,1,2,1,1,1,1,122,630004,9797167,-79.8311731,-1.83470334,NO,NO
9,GUAYAS,435,NARANJAL,1830,JESUS MARIA,0,,150,ESCUELA DE EDUCACION BASICA MARISCAL SUCRE,NO,12 DE OCTUBRE VIA SAN FRANCISCO,,5,5,10,1,5,1,5,3181,661940,9716005,-79.54338966,-2.56853984,NO,NO
9,GUAYAS,390,GUAYAQUIL,6150,TARQUI,36,DAULAR,8292,UNIDAD EDUCATIVA PARTICULAR DAULAR,NO,COMUNA DAULAR - AV. PRINCIPAL,986552211,1,1,2,1,1,1,1,255,593689,9741360,-80.15737329,-2.33972969,NO,SI
9,GUAYAS,420,MILAGRO,5660,MILAGRO,9,DIEZ DE AGOSTO,2109,ESCUELA DE EDUCACION BASICA MARIA LINCE DE BAQUERIZO,NO,RECINTO LA PILA KM 9 VIA A BARCELONA,0,1,1,2,1,1,1,1,319,659822,9755497,-79.56280806,-2.21138444,NO,SI
9,GUAYAS,435,NARANJAL,3990,TAURA,0,,1146,UNIDAD EDUCATIVA DR JOSE FALCONI VILLAGOMEZ,SI,"AV. NARANJAL , ENTRE GUAYAQUIL Y 9 DE OCTUBRE",,6,6,12,1,6,1,6,4200,641072,9744661,-79.73130183,-2.30954996,NO,NO
9,GUAYAS,435,NARANJAL,3990,TAURA,0,,6478,ESCUELA DE EDUCACION BASICA ARTURO SERRANO ARMIJOS,NO,CALLE 27 DE MAYO Y JOSE FERMIN,0,4,5,9,7,10,7,11,2731,640938,9744499,-79.73250543,-2.31101632,NO,NO
9,GUAYAS,435,NARANJAL,5675,NARANJAL,0,,145,ESCUELA DE EDUCACION BASICA CUCALON LASSO,SI,MONSEÑOR GILBERTO GUZMAN,,10,10,20,23,32,23,32,7000,653229.11,9704349.12,-79.62161094,-2.67404867,NO,NO
9,GUAYAS,435,NARANJAL,5675,NARANJAL,0,,98,ESCUELA UNIDAD BASICA MARIANO UNDA,SI,BOLIVAR Y OLMEDO,0,10,10,20,33,42,33,42,7000,653243,9704313,-79.62148565,-2.67437522,NO,NO
9,GUAYAS,435,NARANJAL,5675,NARANJAL,0,,129,UNIDAD EDUCATIVA QUINCE DE OCTUBRE,SI,SUCRE Y ROBLES,0,12,12,24,1,12,1,12,8400,653125,9704673,-79.62255055,-2.6711204,NO,NO
9,GUAYAS,435,NARANJAL,5675,NARANJAL,0,,5195,ESCUELA DE EDUCACIÓN BÁSICA ABDÓN CALDERÓN,SI,BOLÍVAR Y JUNIN,0,10,10,20,13,22,13,22,7000,653127,9704394,-79.62252975,-2.67364379,NO,NO
9,GUAYAS,435,NARANJAL,5675,NARANJAL,0,,6387,ESCUELA DE EDUCACION BASICA CARMEN MORA DE ENCALADA,SI,CALLE HIPOLITO GONZALES - MONSEÑOR GILBERTO GUZMAN,,10,10,20,43,52,43,52,7000,654196,9704338,-79.61291477,-2.6741394,NO,NO
9,GUAYAS,435,NARANJAL,5675,NARANJAL,0,,7930,UNIDAD EDUCATIVA DR MIGUEL ENCALADA MORA,SI,7 DE NOVIEMBRE VIA A SANTA ROSA DE FLANDES,,9,10,19,53,61,53,62,6197,652292.2,9704781.4,-79.63004172,-2.67014839,NO,NO
9,GUAYAS,505,EL TRIUNFO,5345,EL TRIUNFO,0,,1403,UNIDAD EDUCATIVA EL TRIUNFO,SI,AV SIMÓN BOLÍVAR Y ADOLFO RODRIGUEZ,2010050,10,9,19,57,66,57,65,6116,678249.26,9741667.54,-79.39700507,-2.336282,NO,NO
9,GUAYAS,505,EL TRIUNFO,5345,EL TRIUNFO,0,,1409,ESCUELA DE EDUCACIÓN BÁSICA EL TRIUNFO,SI,CALLE PADRE LUIS LOPEZ 300,2011811,12,12,24,45,56,45,56,8400,677805,9742534,-79.4010081,-2.32845065,NO,NO
9,GUAYAS,505,EL TRIUNFO,5345,EL TRIUNFO,0,,1411,UNIDAD EDUCATIVA INMACULADA CONCEPCION,SI,AV 9 DE OCTUBRE Y ANSELMO DI LORENZO,2011599,10,10,20,23,32,23,32,7000,677479,9742048,-79.40393409,-2.33284919,NO,NO
9,GUAYAS,505,EL TRIUNFO,5345,EL TRIUNFO,0,,963,ESCUELA DE EDUCACION BASICA ALEJO LASCANO,SI,MOZART SAFADI 809 Y MIGUEL ANDRADE VANEGAS,0,12,12,24,33,44,33,44,8400,677510.156,9742224.678,-79.40365578,-2.33125106,NO,NO
9,GUAYAS,505,EL TRIUNFO,5345,EL TRIUNFO,0,,6364,UNIDAD EDUCATIVA CARLOS ZEVALLOS MENENDEZ,SI,CALLE ANIBAL ZEA SECTOR UNO,2011317,10,10,20,1,10,1,10,7000,678807,9742409,-79.39199826,-2.32957079,NO,NO
9,GUAYAS,505,EL TRIUNFO,5345,EL TRIUNFO,0,,6389,ESCUELA DE EDUCACION BASICA JUAN MONTALVO,SI,ANTONIO JOSE DE SUCRE Y CARLOS AMEN CAMPO,2011668,12,12,24,11,22,11,22,8400,677118,9742149,-79.40718074,-2.33193948,NO,NO
9,GUAYAS,510,NARANJITO,5705,NARANJITO,1,NARANJITO,1152,UNIDAD EDUCATIVA ISMAEL PEREZ PAZMIÑO,SI,OSCAR RODRIGUEZ Y GENERAL CÓRDOVA,0,10,10,20,39,48,39,48,6837,671000.06,9760347.3,-79.46235812,-2.16741751,NO,NO
9,GUAYAS,510,NARANJITO,5705,NARANJITO,1,NARANJITO,1157,ESCUELA DE EDUCACION BASICA CARLOS MATAMOROS JARA,SI,AV 5 OCTUBRE Y 9 DE OCTUBRE,,12,12,24,13,24,13,24,8400,670835,9760110,-79.46383983,-2.16956515,NO,NO
9,GUAYAS,510,NARANJITO,5705,NARANJITO,1,NARANJITO,1186,UNIDAD EDUCATIVA NARANJITO,SI,5 DE OCTUBRE ENTRE 10 DE AGOSTO Y 24 DE MAYO,0,14,14,28,25,38,25,38,9800,670625,9760057,-79.46572722,-2.1700464,NO,NO
9,GUAYAS,510,NARANJITO,5705,NARANJITO,1,NARANJITO,1167,ESCUELA DE EDUCACION BASICA MARIA LUISA VITERI AGUILAR,SI,5 DE OCTUBRE Y 9 DE OCTUBRE,0,12,12,24,1,12,1,12,8400,670878,9760132,-79.46345346,-2.16936579,NO,NO
9,GUAYAS,675,PALESTINA,5725,PALESTINA,1,PALESTINA,1358,ESCUELA DE EDUCACIÓN BÁSICA ROSA BORJA DE ICAZA,SI,PEDRO CASTRO NAVAS Y AMAZONAS,,13,14,27,9,21,9,22,9449,613352,9819888,-79.98097896,-1.62926604,NO,NO
9,GUAYAS,675,PALESTINA,5725,PALESTINA,1,PALESTINA,1592,ESCUELA DE EDUCACION BASICA LUIS ALBERTO SUASTEGUI,SI,AV SAN FRANSISCO ENTRE BELEN JERUSALEN Y NAZARETH,0,8,8,16,1,8,1,8,5600,613771,9820301,-79.97721449,-1.62552821,NO,NO
9,GUAYAS,715,PEDRO CARBO,185,VALLE DE LA VIRGEN,0,,1392,UNIDAD EDUCATIVA DRA. MATILDE HIDALGO DE PROCEL,NO,ATAHUALPA RODRIGUEZ Y NUEVO AMANACER,0,5,5,10,1,5,1,5,2974,589686,9807625,-80.19367186,-1.74029819,NO,NO
9,GUAYAS,715,PEDRO CARBO,1670,SABANILLA,0,,1406,ESCUELA DE EDUCACION BASICA ISMAEL PEREZ PAZMIÑO,SI,AV 7 DE AGOSTO Y JORGE YUNEZ,0,7,7,14,1,7,1,7,4746,586450.7437,9796540.253,-80.22271458,-1.84058739,NO,NO
9,GUAYAS,715,PEDRO CARBO,5735,PEDRO CARBO,1,PEDRO CARBO,1473,UNIDAD EDUCATIVA DR. EDUARDO GRANJA GARCES,SI,AZUAY Y CHILE,42704203,14,14,28,1,14,1,14,9800,585263,9799560,-80.23340461,-1.81327418,NO,NO
9,GUAYAS,715,PEDRO CARBO,5735,PEDRO CARBO,1,PEDRO CARBO,1475,UNIDAD EDUCATIVA DR CARLOS MONTEVERDE ROMERO,SI,AYACUCHO Y QUITO CALLEJON SUCRE,0,14,14,28,27,40,27,40,9800,584988.3124,9799096.396,-80.23587241,-1.81746919,NO,NO
9,GUAYAS,715,PEDRO CARBO,5735,PEDRO CARBO,1,PEDRO CARBO,1597,ESCUELA DE EDUCACION BASICA DR. JUAN MODESTO CARBO NOBOA,SI,9 DE OCTUBRE Y SUCRE,0,9,12,21,41,49,41,52,7128,585275,9799119,-80.23329505,-1.8172636,NO,NO
9,GUAYAS,715,PEDRO CARBO,5735,PEDRO CARBO,1,PEDRO CARBO,1622,ESCUELA DE EDUCACION BASICA AMARILIS FUENTES ALCIVAR,SI,9 DE OCTUBRE (SECTOR BRISAS DEL RIO),0,12,12,24,15,26,15,26,8400,586039,9798148,-80.22642262,-1.8260447,NO,NO
9,GUAYAS,735,PLAYAS,6255,GRAL.VILLAMIL / PLAYAS,1,PLAYAS,1372,UNIDAD EDUCATIVA MARÍA LUISA LUQUE DE SOTOMAYOR,SI,CALLE JAIME ROLDOS Y LUQUE DE SOTOMAYOR,2760006,12,12,24,15,26,15,26,8400,567691,9708471,-80.39104884,-2.63738586,NO,NO
9,GUAYAS,735,PLAYAS,6255,GRAL.VILLAMIL / PLAYAS,1,PLAYAS,1380,ESCUELA DE EDUCACION BASICA VICTOR EMILIO ESTRADA,SI,PEDRO MENENDEZ Y AV 12 DE OCTUBRE,42761088,14,14,28,1,14,1,14,9800,567668,9709193,-80.39125891,-2.63085431,NO,NO
9,GUAYAS,735,PLAYAS,6255,GRAL.VILLAMIL / PLAYAS,1,PLAYAS,1339,UNIDAD EDUCATIVA PLAYAS DE VILLAMIL,SI,CALLE ARQ GALO RAMIREZ Y AV. ZENON MACIAS VERA,42764747,14,14,28,43,56,43,56,9800,568322,9708607,-80.38537316,-2.63615272,NO,NO
9,GUAYAS,735,PLAYAS,6255,GRAL.VILLAMIL / PLAYAS,1,PLAYAS,107,UNIDAD EDUCATIVA RASHID TORBAY,SI,KM 1 1/2 VIA AL MORRO,2764303,16,16,32,27,42,27,42,11200,568835,9708500,-80.38075789,-2.6371184,NO,NO
9,GUAYAS,735,PLAYAS,6255,GRAL.VILLAMIL / PLAYAS,1,PLAYAS,7909,UNIDAD EDUCATIVA FREIRE STABILE,NO,AV. LA MERCED Y CALLEJON S/N,0,5,4,9,57,61,57,60,2878,568422.71,9709241.67,-80.38447002,-2.63041066,NO,NO
9,GUAYAS,790,SIMON BOLIVAR,660,CRNEL. LORENZO GARAICOA,1,CRNEL. LORENZO GARAICOA,718,UNIDAD EDUCATIVA TRECE DE OCTUBRE,SI,VIA SOLEDAD,,9,10,19,1,9,1,10,6319,674749,9771575,-79.42875814,-2.06584204,NO,NO
9,GUAYAS,790,SIMON BOLIVAR,6385,SIMON BOLIVAR,0,,1367,UNIDAD EDUCATIVA FISCOMISIONAL ARSENIO LOPEZ,SI,24 DE JUNIO - AV MONSEÑOR CARLOS BRAVO,,9,10,19,13,21,13,22,6511,668704,9778676,-79.48315823,-2.00167366,NO,NO
9,GUAYAS,790,SIMON BOLIVAR,6385,SIMON BOLIVAR,0,,7620,ESCUELA DE EDUCACION ALFONSO REYES FALCON,SI,CDLA BELLAVISTA CALLE ABDON CALDERON ENTRE VELASCO IBARRA Y ESMERALDAS,,12,12,24,1,12,1,12,8400,668009,9778749,-79.48940622,-2.00101925,NO,NO
9,GUAYAS,820,DURAN,6525,ELOY ALFARO /DURAN,1,ELOY ALFARO / DURAN,814,ESCUELA DE EDUCACIÓN BÁSICA FISCAL JOSE DURAN MARISTANY,SI,CDLA ABEL GILBERT PONTON MZ A12- SOLAR 1,0,10,10,20,13,22,13,22,7000,627476.78,9758859.94,-79.85365005,-2.18122002,NO,NO
9,GUAYAS,820,DURAN,6525,ELOY ALFARO /DURAN,1,ELOY ALFARO / DURAN,810,UNIDAD DE EDUCACION BASICA ISLA SANTAY,SI,COOP LOS HELECHOS MZ Z1 SOLAR 1-2,42550698,8,8,16,29,36,29,36,5600,627739,9758397,-79.85128914,-2.18540567,NO,NO
9,GUAYAS,820,DURAN,6525,ELOY ALFARO /DURAN,1,ELOY ALFARO / DURAN,765,UNIDAD EDUCATIVA MONSEÑOR EDMUNDO CARMODY,SI,CDLA. ORAMAS GONZALES MZ 39K S1,2863393,2,9,11,123,124,123,131,3781,630392,9759974,-79.82744602,-2.17112273,NO,NO
9,GUAYAS,820,DURAN,6525,ELOY ALFARO /DURAN,1,ELOY ALFARO / DURAN,768,UNIDAD EDUCATIVA FISCAL PROVINCIA DEL CAÑAR,SI,PRIMAVERA 2 SECTOR 2C,0,16,16,32,85,100,85,100,11200,628697.3,9759340.4,-79.84267919,-2.17686566,NO,NO
9,GUAYAS,820,DURAN,6525,ELOY ALFARO /DURAN,1,ELOY ALFARO / DURAN,774,ESCUELA DE EDUCACION BÁSICA FISCAL MONSEÑOR LEONIDAS PROAÑO,SI,CDLA PRIMAVERA 2 SECTOR 2B,0,22,22,44,101,122,101,122,15400,628756,9759268,-79.8421509,-2.17752013,NO,NO
9,GUAYAS,820,DURAN,6525,ELOY ALFARO /DURAN,1,ELOY ALFARO / DURAN,791,UNIDAD EDUCATIVA FEDERICO GONZALEZ SUAREZ,SI,AV LEON FEBRES CORDERO Y MANUEL DIAZ GRANADOS,42550373,22,22,44,43,64,43,64,15400,628037,9758991,-79.84861379,-2.18003067,NO,NO
9,GUAYAS,820,DURAN,6525,ELOY ALFARO /DURAN,1,ELOY ALFARO / DURAN,798,ESCUELA DE EDUCACION BASICA FISCAL 16 DE OCTUBRE,SI,RECREO VIEJO CHILE ENTRE VENEZUELA Y ARGENTINA,2552425,12,12,24,1,12,1,12,8400,627166,9759130,-79.85644624,-2.17877937,NO,NO
9,GUAYAS,820,DURAN,6525,ELOY ALFARO /DURAN,1,ELOY ALFARO / DURAN,6220,ESCUELA DE EDUACION BASICA FRANCISCO PEREZ CASTRO,SI,CDLA. ABEL GILBERT BLOQUE B SL23,0,6,6,12,23,28,23,28,4200,629741,9760468,-79.83330277,-2.16665891,NO,NO
9,GUAYAS,820,DURAN,6525,ELOY ALFARO /DURAN,1,ELOY ALFARO / DURAN,6222,ESCUELA DE EDUCACION BASICA IVAN GALLEGOS DOMINGUEZ,SI,PRIMAVERA 2 SECTOR 1 CALLA TRANSVERSAL,2809875,6,6,12,65,70,65,70,4200,628304,9759373,-79.84621572,-2.1765735,NO,NO
9,GUAYAS,820,DURAN,6525,ELOY ALFARO /DURAN,1,ELOY ALFARO / DURAN,6218,UNIDAD EDUCATIVA ACADEMIA NAVAL AMAZONAS,SI,CDLA. LOS HELECHOS,552743,6,6,12,37,42,37,42,4200,627730,9758586,-79.85137136,-2.18369616,NO,NO
9,GUAYAS,820,DURAN,6525,ELOY ALFARO /DURAN,1,ELOY ALFARO / DURAN,7611,ESCUELA DE EDUCACION BASICA JUAN IGNACION LARREA,SI,PRIMAVERA 2 MZ 2B,42800521,14,14,28,71,84,71,84,9800,628697.3,9759340.4,-79.84267919,-2.17686566,NO,NO
9,GUAYAS,835,A.BAQUERIZO MORENO,6545,A.BAQUERIZO M /JUJAN,0,,1365,ESCUELA DE EDUCACION BASICA TEODORO WOLF,SI,AV PANAMERICANA - VIA A GUAYAQUIL,0,12,12,24,1,12,1,12,8400,660819,9790562,-79.55412953,-1.89423743,NO,NO
9,GUAYAS,835,A.BAQUERIZO MORENO,6545,A.BAQUERIZO M /JUJAN,0,,1369,UNIDAD EDUCATIVA TEODORO ALVARADO GARAICOA,SI,AV DE LAS LOMAS Y 12 DE OCTUBRE,2748286,19,20,39,13,31,13,32,13204,660721,9790654,-79.55501111,-1.89340609,NO,NO
9,GUAYAS,870,SANTA LUCIA,6580,SANTA LUCIA,1,SANTA LUCIA,1368,UNIDAD EDUCATIVA SANTA LUCIA,SI,SECTOR 2 SAN PABLO ATRAS DE LA PILADORA DAFOS,,18,18,36,1,18,1,18,12600,612740,9810243,-79.98643541,-1.71651568,NO,NO
9,GUAYAS,870,SANTA LUCIA,6580,SANTA LUCIA,1,SANTA LUCIA,1383,ESCUELA EDUCACIÓN BÁSICA ENRIQUE LOPEZ LASCANO,SI,VIA A DAULE-SANTA LUCIA. KM 60 RECINTO JIGUAL,,17,17,34,19,35,19,35,11900,613162,9810051,-79.98264099,-1.71825045,NO,NO
9,GUAYAS,870,SANTA LUCIA,6580,SANTA LUCIA,1,SANTA LUCIA,5160,ESCUELA DE EDUCACION BASICA MANUEL DEFAS BUENAÑO,SI,CALLE MANUEL MESIAS DEFAS BUENAÑO Y RICARDO ISAAC RUGEL,,10,14,24,36,45,36,49,8258,612692,9810553,-79.98686837,-1.71371171,NO,NO
9,GUAYAS,890,CRNL MARCELINO MARIDUENAS,6410,CRNL MARCELINO MARIDUENAS,1,CRNL MARCELINO MARIDUENAS,1356,ESCUELA DE EDUCACION BASICA LUIS VERNAZA (COLEGIO DE BACHILLERATO SAN CARLOS),SI,CDLA BARRIO NUEVO FRENTE A LA CDLA LA UNION,2729038,10,10,20,1,10,1,10,7000,673764,9755639,-79.43746669,-2.20997283,NO,NO
9,GUAYAS,890,CRNL MARCELINO MARIDUENAS,6410,CRNL MARCELINO MARIDUENAS,1,CRNL MARCELINO MARIDUENAS,6988,ESCUELA DE EDUCACION BASICA ENRIQUE BAQUERIZO MORENO,SI,CDLA. LOS PARQUES,0,5,6,11,11,15,11,16,3747,673019.034,9754826.364,-79.4441563,-2.21732924,NO,NO
9,GUAYAS,920,LOMAS DE SARGENTILLO,6440,LOMAS DE SARGENTILLO,1,LOMAS DE SARGENTILLO,1362,UNIDAD EDUCATIVA MANUELA CAÑIZAREZ,SI,AV EL TELEGRAFO Y GUAYAQUIL,0,13,14,27,11,23,11,24,9436,601747.8106,9792271.028,-80.08516846,-1.87914141,NO,NO
9,GUAYAS,920,LOMAS DE SARGENTILLO,6440,LOMAS DE SARGENTILLO,1,LOMAS DE SARGENTILLO,7971,ESCUELA DE EDUCACIÓN BASICA CIUDADA DE AZOGUEZ,SI,BARRIO MONSERRATE CALLE MONSERRATE,0,10,10,20,1,10,1,10,7000,601009,9793007,-80.0918141,-1.87248724,NO,NO
9,GUAYAS,940,NOBOL / PIEDRAHITA,6460,NARCISA DE JESUS,1,NARCISA DE JESUS,1312,UNIDAD EDUCATIVA NARCISA DE JESUS,SI,RIO AMAZONAS Y JUAN ALVAREZ,2708373,17,16,33,11,27,11,26,10993,610069,9788520,-80.01033919,-1.91303164,NO,NO
9,GUAYAS,940,NOBOL / PIEDRAHITA,6460,NARCISA DE JESUS,1,NARCISA DE JESUS,773,UNIDAD EDUCATIVA VICENTE PIEDRAHITA CARBO,SI,AV 24 DE MAYO Y PAQUISHA,2708025,10,10,20,1,10,1,10,7000,609777,9787987,-80.01296163,-1.9178546,NO,NO
9,GUAYAS,125,COLIMES,1435,SAN JACINTO,3,POTRERITOS,1360,ESCUELA FISCAL MIXTA Nª 44 APOLONIA BRIONES ZAMBRANO,NO,RECINTO POTRERITO VIA MUCORAL,0,1,1,2,1,1,1,1,310,595228.1569,9819188.71,-80.14389411,-1.63566827,SI,NO
9,GUAYAS,390,GUAYAQUIL,6405,PASCUALES,5,LOS VERGELES,515,UNIDAD EDUCATIVA FISCAL LOS VERGELES,SI,COOP. LOS VERGELES SL.16A MZ.312,2028132,12,12,24,1,12,1,12,8400,621366,9768213,-79.90865488,-2.09665768,NO,NO
9,GUAYAS,390,GUAYAQUIL,6405,PASCUALES,5,LOS VERGELES,5914,UNIDAD EDUCATIVA COMPLETA PARTICULAR EDUMUNDO,SI,"CDLA. LOS VERGELES MZ.98 SL.2,5 Y 6",2027620,12,5,17,19,30,19,23,5875,622106,9769131,-79.90200726,-2.08834921,NO,NO
9,GUAYAS,390,GUAYAQUIL,6405,PASCUALES,5,LOS VERGELES,7606,UNIDAD EDUCATIVA GRAL. GEORGE SMITH PATTON,SI,CDLA. LOS VERGELES MZ 57,42026077,6,6,12,13,18,13,18,4200,622556.3,9768713,-79.89795597,-2.09212738,NO,NO
9,GUAYAS,390,GUAYAQUIL,6150,TARQUI,12,URDESA,743,UNIDAD EDUCATIVA PARTICULAR BILINGUE SANTO DOMINGO DE GUZMAN,SI,URDESA CALLE 5TA Y AV. LAS MONJAS # 608,2882561,10,10,20,1,10,1,10,7000,621437,9760450,-79.90796702,-2.16687771,NO,NO
9,GUAYAS,390,GUAYAQUIL,6150,TARQUI,12,URDESA,8190,UNIDAD EDUCATIVA MONTESSORI,SI,CALLE TERCERA ENTRE DATILES Y LAS MONJAS,42385611,9,4,13,11,19,11,14,4404,621530,9760103,-79.90712856,-2.1700159,NO,NO
9,GUAYAS,420,MILAGRO,5660,MILAGRO,7,CAMILO ANDRADE,951,ESCUELA DE EDUCACION BASICA ISABEL HERRERA DE VELASQUEZ,SI,GARCIA MORENO Y 28 DE MAYO,,8,6,14,1,8,1,6,4345,657281,9764078,-79.58572537,-2.13379644,NO,NO
9,GUAYAS,820,DURAN,6525,ELOY ALFARO /DURAN,2,LOS HELECHOS,7912,ESCUELA DE EDUCACION BASICA ILINIZAS,SI,CDLA LOS HELECHOS SECTOR 2 MZ:D5 SL- 4-5-6-7-,0,8,8,16,1,8,1,8,5600,629075.99,9758832.6,-79.83927075,-2.18145623,NO,NO
9,GUAYAS,820,DURAN,6525,ELOY ALFARO /DURAN,2,LOS HELECHOS,7913,UNIDAD EDUCATIVA PARTICULAR LOS ANDES,NO,CDLA LOS HELECHOS AV LEON FEBRES COREDRO MZ-A2 SL 6-8,0,7,3,10,9,15,9,11,3265,629390.62,9758777.4,-79.83644141,-2.18195334,NO,NO
9,GUAYAS,820,DURAN,6525,ELOY ALFARO /DURAN,5,PANORAMA,733,UNIDAD EDUCATIVA TEODORO KELLY,SI,CDLA. PANORAMA MZ B SOLAR 13-14,0,8,6,14,1,8,1,6,4640,630910,9758599,-79.8227789,-2.18355632,NO,NO
9,GUAYAS,820,DURAN,7515,DIVINO NIÑO,2,SECAP,2011,UNIDAD EDUCATIVA GENERAL ELOY ALFARO DELGADO,SI,CDLA ABEL GILBERT PONTON 1 MILTON VINCES Y JAIME ROLDOS,0,16,10,26,7,22,7,16,8781,629481,9761142,-79.83564514,-2.16056418,NO,NO
9,GUAYAS,820,DURAN,7515,DIVINO NIÑO,2,SECAP,6219,ESCUELA EDUCACION BASICA “CIUDAD DE BABAHOYO“,NO,CDLA ABEL GILBERT ENTRE PICHINCHA Y CALLE CUENCA,0,6,6,12,1,6,1,6,4200,629327,9761154,-79.83702988,-2.1604567,NO,NO
9,GUAYAS,420,MILAGRO,5660,MILAGRO,2,CRNL. ENRIQUE VALDEZ,976,ESCUELA DE EDUCACION BASICA 24 DE MAYO,SI,AV PAQUISHIA Y NAPO,,13,10,23,1,13,1,10,7612,654991,9763787,-79.60631061,-2.13644729,NO,NO
9,GUAYAS,390,GUAYAQUIL,6150,TARQUI,2,ACUARELA - SAUCES,400,COLEGIO FISCAL TECNICO CLEMENTE YEROVI INDABURU,SI,JOSE MARIA ROURA SAUCES 2,2234150,12,12,24,31,42,31,42,8400,623597,9763733,-79.88856697,-2.13716722,NO,NO
9,GUAYAS,390,GUAYAQUIL,6150,TARQUI,2,ACUARELA - SAUCES,533,UNIDAD EDUCATIVA PAUL RIVET,SI,AV 4A SOLAR 1-2 4TO CALLEJON 16A,2133348,10,10,20,9,18,9,18,7000,623851,9764345,-79.88628718,-2.13162973,NO,NO
9,GUAYAS,390,GUAYAQUIL,6150,TARQUI,2,ACUARELA - SAUCES,529,COLEGIO FISCAL PROVINCIA DE TUNGURAHUA,SI,AGUSTIN FREIRE Y 15 PASAJE 3 NE,42246366,20,5,25,43,62,43,47,8554,623823,9763491,-79.88653337,-2.13935474,NO,NO
9,GUAYAS,390,GUAYAQUIL,6150,TARQUI,2,ACUARELA - SAUCES,541,ACADEMIA NAVAL GUAYAQUIL,SI,AV. ANTONIO PARRA VELASCO S-1 Y CALLEJON 1,2133300,12,12,24,19,30,19,30,8400,623690,9764154,-79.88773352,-2.13335847,NO,NO
9,GUAYAS,390,GUAYAQUIL,6150,TARQUI,2,ACUARELA - SAUCES,4592,UNIDAD EDUCATIVA BRISAS DEL RIO,SI,CDLA. BRISAS DEL RIO MZ. D3 SOLARES 21-26 Y AV. JOSÉ MARIA EGAS,2133275,8,8,16,1,8,1,8,5600,623980.6033,9764596.556,-79.88512352,-2.12935344,NO,NO
9,GUAYAS,390,GUAYAQUIL,6150,TARQUI,3,ALBORADA,804,UNIDAD EDUCATIVA MANUELA CAÑIZARES,SI,CDLA SAUCES 1 Y AV. AGUSTIN FREIERE (SECTOR COMUNAL),2234303,11,4,15,21,31,21,24,5033,623100,9763290,-79.89303276,-2.14117762,NO,NO
9,GUAYAS,390,GUAYAQUIL,6150,TARQUI,3,ALBORADA,808,COLEGIO FISCAL MIXTO CALICUCHIMA,SI,SAUCES 8 MZ.485 SL. 1 AV.GABRIEL ROLDOS GARCES Y AV. 1DNE,2175740,6,6,12,4,9,4,9,4200,622011,9764582,-79.90283258,-2.12949789,NO,NO
9,GUAYAS,390,GUAYAQUIL,6150,TARQUI,3,ALBORADA,812,UNIDAD EDUCATIVA PARTICULAR AMERICUS MUNDUS NOVUS,NO,ALBORADA 4TA ETAPA MZ.134 GE SL.1-2-3,2270370,3,3,6,10,12,10,12,2100,622930,9763524,-79.89456279,-2.13906208,NO,NO
9,GUAYAS,390,GUAYAQUIL,6150,TARQUI,3,ALBORADA,786,UNIDAD EDUCATIVA BILINGUE LICEO ALBONOR,NO,CDLA. ALBORADA 13ava ETAPA MZ 11,2174624,3,3,6,1,3,1,3,2100,622119,9765089,-79.90186477,-2.12491111,NO,NO
9,GUAYAS,390,GUAYAQUIL,6150,TARQUI,3,ALBORADA,792,UNIDAD EDUCATIVA FISCAL ISMAEL PEREZ PAZMIÑO,SI,CDLA. ALBORADA 3era ETAPA AV JOSE MARIA ROURA ENTRE ALAMEDA 2 Y 3,0,8,8,16,13,20,13,20,5600,622418,9763043,-79.89916323,-2.1434163,NO,NO
9,GUAYAS,390,GUAYAQUIL,6150,TARQUI,4,ATARAZANA,759,UNIDAD EDUCATIVA FISCAL JOSE PINO YCAZA,SI,CDLA ATARAZANA MZ L3 VILLA 1,2293660,13,10,23,1,13,1,10,7858,624265,9759834,-79.88253511,-2.17243106,NO,NO
9,GUAYAS,390,GUAYAQUIL,6405,PASCUALES,2,BASTIÓN POPULAR,681,ESCUELA DE EDUCACION BASICA LUIS CHIRIBOGA MANRIQUE,SI,BASTION POPULAR BLOQUE1 B MZ.574 SL.1,0,8,8,16,5,12,5,12,5600,619590,9767636,-79.92461952,-2.1018881,NO,NO
9,GUAYAS,390,GUAYAQUIL,6405,PASCUALES,2,BASTIÓN POPULAR,687,UNIDAD EDUCATIVA FISCAL ELIAS MUÑOZ VICUÑA,SI,BASTION POPULAR BLOQUE 10 C MZ.1156 SL. 2-7,0,6,6,12,31,36,31,36,4200,619270,9769313,-79.92750701,-2.08672062,NO,NO
9,GUAYAS,390,GUAYAQUIL,6405,PASCUALES,2,BASTIÓN POPULAR,643,ESCUELA DE EDUCACION BASICA FISCAL MONSEÑOR LEONIDAS PROAÑO,SI,BASTION POPULAR BLOQUE 4 MZ.791 SL.8,0,6,6,12,21,26,21,26,4200,619911,9768199,-79.92173685,-2.09679343,NO,NO
9,GUAYAS,390,GUAYAQUIL,6405,PASCUALES,2,BASTIÓN POPULAR,648,UNIDAD EDUCATIVA FISCAL DR. MANUEL CORDOVA GALARZA,SI,BASTION POPULAR MZ.574 SL.2 BLOQUE 1B,0,8,8,16,13,20,13,20,5600,619592.213,9767593.889,-79.92459937,-2.102269,NO,NO
9,GUAYAS,390,GUAYAQUIL,6405,PASCUALES,2,BASTIÓN POPULAR,5917,UECIB - GLS SANTIAGO DE GUAYAQUIL,SI,BASTION POPULAR MZ. 250 SL.-2 BLOQUE 1B,2558200,4,4,8,1,4,1,4,2800,619035,9767459,-79.92960853,-2.10349262,NO,NO
9,GUAYAS,390,GUAYAQUIL,6405,PASCUALES,2,BASTIÓN POPULAR,6318,UNIDAD EDUCATIVA PARTICULAR BARTOLOME GARELLI,NO,BASTION POPULAR BLOQUE 7 MZ 1030 SL 2,0,12,1,13,43,54,43,43,4175,618753,9769592,-79.93215711,-2.08420008,NO,NO
9,GUAYAS,390,GUAYAQUIL,6405,PASCUALES,2,BASTIÓN POPULAR,7890,UNIDAD EDUCATIVA FISCAL LUIS ALFREDO NOBOA ICAZA,SI,BASTION POPULAR BLOQUE 10 B MZ 1254,0,6,6,12,37,42,37,42,4200,619309.8,9769829.6,-79.92715233,-2.08204742,NO,NO
9,GUAYAS,390,GUAYAQUIL,6405,PASCUALES,2,BASTIÓN POPULAR,8203,ESCUELA DE EDUCACION BASICA FISCAL #426 JOSE DE LA CUADRA Y VARGAS,NO,BASTION POPULAR BLOQUE 3 MZ 806 SL 15 Y 16,0,4,4,8,27,30,27,30,2800,619696,9768539,-79.92367205,-2.09371927,NO,NO
9,GUAYAS,390,GUAYAQUIL,6150,TARQUI,6,LOS CEIBOS,823,UNIDAD EDUCATIVA PARTICULAR BILINGUE JAVIER,SI,AV DEL BOMBERO KM 5 1/2 VIA LA COSTA,2001590,7,7,14,16,22,16,22,4900,618548,9760411,-79.93394331,-2.1672491,NO,NO
9,GUAYAS,390,GUAYAQUIL,6150,TARQUI,6,LOS CEIBOS,825,UNIDAD EDUCATIVA BERNARDINO ECHEVERRIA RUIZ,SI,KM 5 1/2 VÍA A LA COSTA AV. DEL BOMBERO,2003330,9,3,12,23,31,23,25,4057,618504,9760296,-79.93433821,-2.16828962,NO,NO
9,GUAYAS,390,GUAYAQUIL,6150,TARQUI,6,LOS CEIBOS,5177,COLEGIO ALEMAN HUMBOLDT GUAYAQUIL,SI,AV. LEOPOLDO CARRERA Y CALLE 16,42850260,5,5,10,6,10,6,10,3500,617350,9760425,-79.94471531,-2.16713005,NO,NO
9,GUAYAS,390,GUAYAQUIL,6150,TARQUI,6,LOS CEIBOS,7923,PREDUCA S.A UNIDAD EDUCATIVA BALANDRA,NO,COLINAS DE LOS CEIBOS AV LEOPOLDO CARRERA,0,5,5,10,1,5,1,5,3500,617165.0928,9760784.986,-79.94638018,-2.1638749,NO,NO
9,GUAYAS,390,GUAYAQUIL,6150,TARQUI,6,LOS CEIBOS,7924,UNIDAD EDUCATIVA BILINGUE JEFFERSON,NO,AV EL BOMBERO KM 6.5 VIA A LA COSTA,0,5,5,10,11,15,11,15,3500,617823.3879,9760742.476,-79.9404608,-2.16425529,NO,NO
9,GUAYAS,390,GUAYAQUIL,6150,TARQUI,7,COLINAS DE LA FLORIDA,640,UNIDAD EDUCATIVA TERESA AZUCENA CARRERA LOOR,SI,COOP. ENER PARRALES MZ 835 SL 4 / VIA PERIMETRAL KM 27.5 NORTE,0,6,6,12,1,6,1,6,4200,616709,9764816,-79.95050604,-2.12741459,NO,NO
9,GUAYAS,390,GUAYAQUIL,6150,TARQUI,7,COLINAS DE LA FLORIDA,636,ESCUELA DE EDUCACION BASICA FRANCISCO GARCIA AVILES,SI,COOP. LOS PARACAIDISTAS MZ.868 SL.6-7 ENTRE AV. TWINZA C. ETZA KM 27.5 VIA PERIMETRAL /NORTE,0,7,7,14,7,13,7,13,4900,616424,9764946,-79.95306937,-2.1262404,NO,NO
9,GUAYAS,390,GUAYAQUIL,6150,TARQUI,7,COLINAS DE LA FLORIDA,6174,ESCUELA DE EDUCACION BASICA FISCAL ROMMEL MOSQUERA JURADO,SI,KM. 27.5 VIA PERIMETRAL COOP. HORIZONTE DEL FORTIN BLOQUE 1 MZ 208 SL.1-20,0,8,4,12,14,21,14,17,4178,616302,9764844,-79.9541657,-2.12716381,NO,NO
9,GUAYAS,400,DAULE,6850,LA AURORA,1,LA AURORA,1084,ESCUELA FISCAL MARINA GALLARDO,SI,AV. SATURNINO ZUÑIGA Y AV. NUEVA AURORA,0,12,12,24,1,12,1,12,8400,624339,9772921,-79.88195442,-2.05405268,NO,NO
9,GUAYAS,400,DAULE,6850,LA AURORA,1,LA AURORA,5434,UNIDAD EDUCATIVA NUEVA AURORA,SI,CALLE SATURNINO ZUÑIGA ENTRE CARLOS MARX Y 18 DE AGOSTO,,12,12,24,13,24,13,24,8400,624603,9773250,-79.87958293,-2.05107505,NO,NO
9,GUAYAS,400,DAULE,6850,LA AURORA,1,LA AURORA,6224,UNIDAD EDUCATIVA BILINGUE DELTA,SI,KM 12 1/2 VIA SAMBORONDON,2590720,6,6,12,41,46,41,46,4200,625569,9773490,-79.87089941,-2.04889801,NO,NO
9,GUAYAS,400,DAULE,6850,LA AURORA,1,LA AURORA,6215,ESCUELA FUNDACION PRO HOY,SI,CDLA. ANTONIO PESANTES POZO- PREDIO LA GLORIA,,10,10,20,25,34,25,34,7000,624888,9773205,-79.87702029,-2.05148029,NO,NO
9,GUAYAS,400,DAULE,6850,LA AURORA,1,LA AURORA,6217,FUNDACION PROFAMILIA - UNIDAD EDUCATIVA PARTICULAR JACARANDÀ,NO,KM 12.5 VIA SAMBORONDON,3714560,6,6,12,35,40,35,40,4200,625136,9773341,-79.87479145,-2.05024853,NO,NO
9,GUAYAS,400,DAULE,6850,LA AURORA,1,LA AURORA,8195,UNIVERSIDAD ECOTEC CAMPUS SAMBORONDON,SI,"VIA PRINCIPAL CAMPUS ECOTEC KM 13.5, 092302 SAMBORONDON",45150400,12,1,13,47,58,47,47,4544,627071,9774760,-79.85740353,-2.03740074,NO,NO
9,GUAYAS,390,GUAYAQUIL,6265,XIMENA,4,FERTISA,200,UNIDAD EDUCATIVA FISCAL JAIME ROLDOS AGUILERA,SI,AV.DON BOSCO Y ALAVA MESTANZA MZ.002,0,12,12,24,1,12,1,12,8400,622525.953,9750496.83,-79.89810929,-2.25690192,NO,NO
9,GUAYAS,390,GUAYAQUIL,6265,XIMENA,4,FERTISA,210,ESCUELA DE EDUCACION BASICA FISCOMISIONAL MONSEÑOR NESTOR ASTUDILLO BUSTAMANTE,SI,COOP . SANTIAGO ROLDOS . MZ-1362 SOLAR 1 GUASMO OESTE,3841201,13,7,20,13,25,13,19,6627,622195,9750617,-79.90108604,-2.25581719,NO,NO
9,GUAYAS,390,GUAYAQUIL,6265,XIMENA,5,HUANCAVILCA - COVIEM,214,ESCUELA DE EDUCACIÓN BÁSICA DIEGO ARMANDO MALDONADO GOMEZ,SI,AV HUAMBOYA Y LUIS NOBOA NARANJO,2181361,10,5,15,9,18,9,13,5165,621650,9752743,-79.906001,-2.23659014,NO,NO
9,GUAYAS,390,GUAYAQUIL,6265,XIMENA,5,HUANCAVILCA - COVIEM,1599,UNIDAD EDUCATIVA LOLA AROSEMENA DE CARBO,SI,CDLA COVIEM MZ.30 SOLAR 1 JUNTO AL MERCADO HUANCAVILCA,42495414,8,8,16,1,8,1,8,5600,621929,9752645,-79.9034916,-2.23747472,NO,NO
9,GUAYAS,390,GUAYAQUIL,6265,XIMENA,7,PRADERA,192,UNIDAD EDUCATIVA JOSE PERALTA,SI,AV ADOLFO H SIMMONDS Y AV LAS EXCLUSAS( SECTOR PEDREGAL),0,12,12,24,55,66,55,66,8400,624733.69,9750293.89,-79.87825598,-2.25872234,NO,NO
9,GUAYAS,390,GUAYAQUIL,6265,XIMENA,7,PRADERA,159,UNIDAD EDUCATIVA DOCTOR LEONIDAS ORTEGA MOREIRA,SI,FLORESTA II AV 10 B Y 51 E ROBERTO SERRANO,42493831,8,8,16,28,35,28,35,5600,624094,9751180,-79.88401415,-2.25071153,NO,NO
9,GUAYAS,390,GUAYAQUIL,6265,XIMENA,7,PRADERA,91,UNIDAD EDUCATIVA PROVINCIA DE COTOPAXI,SI,AV MONSEÑOR DOMINGO COMIN ENTRE CALLE 54 C Y LA CALLE 54 D,0,12,0,12,88,99,0,0,4025,623139,9749863,-79.89259244,-2.262631,NO,NO
9,GUAYAS,390,GUAYAQUIL,6265,XIMENA,7,PRADERA,151,ESCUELA DE EDUCACION BASICA FISCAL RIO MACARA,SI,6TO CALLEJON 52B AV ADOLFO H SIMMONDS COOP NUEVO HORIZONTE,0,9,9,18,46,54,46,54,6300,624698.6,9750518.3,-79.87857306,-2.2566927,NO,NO
9,GUAYAS,390,GUAYAQUIL,6265,XIMENA,7,PRADERA,157,UNIDAD EDUCATIVA CARLOS ESTARELLAS AVILES,SI,GALO PLAZA LASSO Y AV ADOLFO H. SIMMONS,2051398,10,10,20,67,76,67,76,7000,624824,9751033,-79.87744904,-2.25203614,NO,NO
9,GUAYAS,390,GUAYAQUIL,6265,XIMENA,7,PRADERA,755,ESCUELA DE EDUCACION BASICA FISCAL JAIME FLORES MURILLO,SI,FLORESTA 1 AREA COMUNAL CALLEJON 52E,3851207,12,12,24,16,27,16,27,8400,623966.487,9750986.963,-79.88515941,-2.25245852,NO,NO
9,GUAYAS,390,GUAYAQUIL,6265,XIMENA,7,PRADERA,789,UNIDAD EDUCATIVA DR JOSE VICENTE TRUJILLO,SI,AV. PRIMAVERA PRADERA 2 5TO PASAJE Y MZ D 17 ENTRE 3ER CALLEJON 47 Y 7MO CALLEJON 48,0,10,10,20,1,10,1,10,7000,623480,9752432,-79.88954374,-2.23939085,NO,NO
9,GUAYAS,390,GUAYAQUIL,6265,XIMENA,7,PRADERA,5363,ESCUELA DE EDUCACION BASICA FISCAL CIUDAD DE AZOGUES,SI,COOP. PAQUITA GUILLEN AVENIDA 6TA,0,11,1,12,77,87,77,77,4075,623250,9750123,-79.89159611,-2.26027841,NO,NO
9,GUAYAS,390,GUAYAQUIL,6265,XIMENA,7,PRADERA,5924,ESCUELA DE EDUCACION BASICA COMPLETA NELSON MATEUS MACIAS,SI,COOP CASITAS DEL GUASMO -AV RITA LECUMBERRI Y PASEO 51,0,10,10,20,36,45,36,45,7000,624134,9751690,-79.88365798,-2.24609808,NO,NO
9,GUAYAS,390,GUAYAQUIL,6265,XIMENA,7,PRADERA,5918,ESCUELA DE EDUCACION BASICA MONSEÑOR JUAN MARIA RIERA,NO,COOP.7 LAGOS MZ1434 CALLE MIRO Y AV 4TA,495870,5,5,10,11,15,11,15,3500,623153,9751429,-79.89247726,-2.2484657,NO,NO
9,GUAYAS,870,SANTA LUCIA,6580,SANTA LUCIA,2,EL LIMON,1388,ESCUELA DE EDUCACION BASICA JOSE MARIA URBINA,NO,RECINTO EL LIMON,,1,1,2,1,1,1,1,405,608874.45,9818059.52,-80.02121955,-1.64582639,NO,SI
9,GUAYAS,390,GUAYAQUIL,6265,XIMENA,6,ISLA TRINITARIA,1595,UNIDAD EDUCATIVA LUIS PAUTA RODRIGUEZ,SI,COOP DESARROLLO COMUNAL ISLA TRINITARIA SOLAR 1 MZ 21,2600782,16,16,32,9,24,9,24,11200,620046.56,9752812.84,-79.92041947,-2.23596913,NO,NO
9,GUAYAS,390,GUAYAQUIL,6265,XIMENA,6,ISLA TRINITARIA,1596,ESCUELA DE EDUCACION BÁSICA LUIS FELIPE HERNANDEZ TELLO,SI,JOSE ROBLES CARRION Y SEGUNDA TRANSVERSAL 25,0,8,8,16,1,8,1,8,5600,620046,9752530,-79.92042264,-2.23852758,NO,NO
9,GUAYAS,390,GUAYAQUIL,6265,XIMENA,6,ISLA TRINITARIA,7615,ESCUELA DE EDUCACION BASICA ECUADOR ANTARTICO,SI,JOSE URQUIZA 534 ENTRE FAUSTO ESPINOZA Y AGUSTIN ANCHICO,98588814,16,5,21,25,40,25,29,7172,619407.1,9752123.2,-79.92616492,-2.24221157,NO,NO
9,GUAYAS,435,NARANJAL,3740,SANTA ROSA DE FLANDES,2,VILLA NUEVA,6365,ESCUELA DE EDUCACION BASICA CARLOS JULIO AROSEMENA,NO,CALLE MATILDA Y RUMIÑAHUI,,1,1,2,1,1,1,1,682,655405,9712583,-79.60212451,-2.59955583,NO,NO
9,GUAYAS,400,DAULE,6850,LA AURORA,2,RÍO DAULE,1115,UNIDAD EDUCATIVA BILINGUE TORREMAR,SI,KM 14.5 VIA LA AURORA AV LEON FEBRES CORDERO,4001030,5,5,10,11,15,11,15,3500,622672,9773438,-79.89694527,-2.04938663,NO,NO
9,GUAYAS,400,DAULE,6850,LA AURORA,2,RÍO DAULE,512,UNIDAD EDUCATIVA EDUCA MUNDO,NO,URB VILLA CLUB ETAPA DORAL LOTE P. VIA LEON FEBRES CORDERO KM. 12 1/2,3725860,10,10,20,1,10,1,10,7000,623075,9774312,-79.8933274,-2.04147835,NO,NO
9,GUAYAS,400,DAULE,6850,LA AURORA,2,RÍO DAULE,6980,TECNOLOGICO UNIVERSITARIO ARGOS LA JOYA,SI,AV. FEBRES CORDERO RIBADENEIRA,0,13,6,19,16,28,16,21,6367,621101.3682,9773442.089,-79.91106654,-2.04935936,NO,NO
9,GUAYAS,415,BALZAR,5100,BALZAR,1,BALZAR,1147,ESCUELA DE EDUCACIÓN BÁSICA VICTOR MANUEL RENDON,SI,AV VICTOR MANUEL RENDON Y COLIMES,2030029,13,13,26,43,55,43,55,9100,622180.23,9849034.12,-79.9017549,-1.36558058,NO,NO
9,GUAYAS,415,BALZAR,5100,BALZAR,1,BALZAR,1080,ESCUELA DE EDUCACION BASICA PABLO NIVELA CARRIEL,SI,JUAN AGUSTIN FALQUEZ Y VIRGILIO TRIVIÑO,2030883,12,12,24,31,42,31,42,8400,621979,9849147,-79.90356395,-1.36456034,NO,NO
9,GUAYAS,415,BALZAR,5100,BALZAR,1,BALZAR,1166,COLEGIO FISCAL MIXTO 26 DE SEPTIEMBRE,SI,AV DEL ESTUDIANTE Y VINCES,42030324,16,16,32,15,30,15,30,11200,622306,9848929,-79.9006241,-1.36653093,NO,NO
9,GUAYAS,415,BALZAR,5100,BALZAR,1,BALZAR,5345,ESCUELA DE EDUCACION BASICA SINALOA,SI,JOSE IGNACIO MACIAS Y MIGUEL ÁNGEL CARBO,42030719,10,13,23,56,65,56,68,7847,622090,9849768,-79.90256886,-1.35894257,NO,NO
9,GUAYAS,415,BALZAR,5100,BALZAR,1,BALZAR,6142,UNIDAD EDUCATIVA CIUDAD DE BALZAR,SI,AV DEL ESTUDIANTE Y CALLEJON PAJUI,42030324,14,14,28,1,14,1,14,9800,622358,9848734,-79.90015594,-1.3682946,NO,NO
9,GUAYAS,420,MILAGRO,920,CHOBO,0,,1021,ESCUELA EDUCACION BASICA CARMELINA ICAZA DE AMADOR,NO,CALLE LISTER ANDRADE RECINTO PARAISO,,3,3,6,1,3,1,3,1593,651346.751,9761903.724,-79.6390586,-2.15351035,NO,NO
9,GUAYAS,420,MILAGRO,2390,MARISCAL SUCRE/HUAQUES,0,,1004,UNIDAD EDUCATIVA MARISCAL SUCRE,SI,AV SIMÓN BOLÍVAR Y VENECIA,0,8,8,16,1,8,1,8,5056,666604.6375,9766785.875,-79.50192928,-2.1092264,NO,NO
9,GUAYAS,420,MILAGRO,3235,ROBERTO ASTUDILLO,0,,127,UNIDAD EDUCATIVA GUILLERMO DURAN ARCENTALES,SI,Av. VELASCO IBARRA Y PASTAZA,,10,9,19,1,10,1,9,6370,665165,9758632,-79.51480007,-2.18298356,NO,NO
9,GUAYAS,420,MILAGRO,5660,MILAGRO,1,MILAGRO,662,ESCUELA DE EDUCACION BASICA DR. ALFREDO PEREZ GUERRERO,SI,RIO SANTIAGO ENTRE V TARQUI,,12,12,24,11,22,11,22,8400,655688,9763830,-79.60004475,-2.13605265,NO,NO
9,GUAYAS,420,MILAGRO,5660,MILAGRO,1,MILAGRO,899,UNIDAD EDUCATIVA JOSE MARIA VELASCO IBARRA,SI,AV LOS CHIRIJOS Y ARGENTINA,,14,14,28,23,36,23,36,9800,655970,9763884,-79.59750994,-2.13556192,NO,NO
9,GUAYAS,420,MILAGRO,5660,MILAGRO,1,MILAGRO,900,ESCUELA DE EDUCACION BASICA EUGENIO ESPEJO,SI,AV 17 DE SEPTIEMBRE ENTRE BABAHOYO Y AZOGUES,2970852,10,10,20,1,10,1,10,7000,656422,9764252,-79.59344938,-2.13222983,NO,NO
9,GUAYAS,420,MILAGRO,5660,MILAGRO,1,MILAGRO,569,ESCUELA DE EDUCACIÓN BÁSICA JUAN EZEQUIEL VARGAS,SI,P.J MONTERO Y LUCIANO CORAL,0,10,10,20,49,58,49,58,7000,656211,9763184,-79.59533754,-2.14189105,NO,NO
9,GUAYAS,420,MILAGRO,5660,MILAGRO,1,MILAGRO,579,UNIDAD EDUCATIVA MILAGRO,SI,AV JAIME ROLDOS AGUILERA Y AV VICTOR EMILIO ESTRADA,,14,14,28,71,84,71,84,9800,656333,9762912,-79.59423848,-2.14435013,NO,NO
9,GUAYAS,420,MILAGRO,5660,MILAGRO,1,MILAGRO,710,ESCUELA DE EDUCACION BASICA CARLOS MORENO ARIAS,SI,PRESIDENTE MARTINEZ MERA Y BABAHOYO,,12,12,24,37,48,37,48,8400,656803,9764152,-79.5900233,-2.13313112,NO,NO
9,GUAYAS,420,MILAGRO,5660,MILAGRO,1,MILAGRO,6408,UNIVERSIDAD ESTATAL DE MILAGRO,SI,CDLA UNIVERSITARIA KM 15 VIA KM 26,,2,9,11,109,110,109,117,3701,655284,9762292,-79.60366421,-2.14996639,NO,NO
9,GUAYAS,420,MILAGRO,5660,MILAGRO,1,MILAGRO,7386,UNIDAD EDUCATIVA RICARDO RODRIGUEZ SPAROVICH,SI,AV. JAIME ROLDOS AGUILER CALLE GONZALO CORDOVA Y AURELIO MOSQUERA,,12,12,24,85,96,85,96,8400,656547,9762801,-79.59231365,-2.14535228,NO,NO
9,GUAYAS,420,MILAGRO,5660,MILAGRO,1,MILAGRO,7896,UNIDAD EDUCATIVA 17 DE SEPTIEMBRE,SI,GRAL. ANDRADE ENTRE J. ROLDOS Y L. CORAL,,12,12,24,59,70,59,70,8400,656136.9711,9765233.093,-79.59601988,-2.12335874,NO,NO
9,GUAYAS,420,MILAGRO,5660,MILAGRO,1,MILAGRO,7911,UNIDAD EDUCATIVA VICENTE ANDA AGUIRRE,SI,GARCIA LEGARDA Y EMILIO RIVERA,,12,12,24,97,108,97,108,8400,657336.7056,9763212.311,-79.5852174,-2.14162563,NO,NO
9,GUAYAS,425,SAMBORONDON,3975,TARIFA,0,,563,UNIDAD EDUCATIVA FISCAL CUENCA DEL GUAYAS,SI,VELASCO IBARRA Y GENERAL GOMEZ,0,12,12,24,1,12,1,12,8260,638534,9781350,-79.7543914,-1.97771702,NO,NO
9,GUAYAS,425,SAMBORONDON,5925,SAMBORONDON,1,SAMBORONDON,543,UNIDAD EDUCATIVA FISCAL SAMBORONDÓN,SI,BOLIVAR Y 31 DE OCTUBRE,0,12,12,24,25,36,25,36,8400,641684,9783698,-79.72608939,-1.95645784,NO,NO
9,GUAYAS,425,SAMBORONDON,5925,SAMBORONDON,1,SAMBORONDON,973,UNIDAD EDUCATIVA FISCAL 31 DE OCTUBRE,SI,31 DE OCTUBRE Y ROCAFUERTE,2024304,8,9,17,37,44,37,45,5920,641660,9783316,-79.72630253,-1.95991318,NO,NO
9,GUAYAS,425,SAMBORONDON,5925,SAMBORONDON,1,SAMBORONDON,6536,ESCUELA DE EDUCACIÓN BÁSICA FISCAL ELIAS YUNEZ SIMON,SI,AV SAN MIGUEL Y SUCRE,0,10,10,20,15,24,15,24,7000,641600,9782942,-79.72683936,-1.96329641,NO,NO
9,GUAYAS,425,SAMBORONDON,5925,SAMBORONDON,1,SAMBORONDON,8202,UNIDAD EDUCATIVA JOSE MARIA VELASCO IBARRA,SI,KM 0.5 VIA A LA VICTORIA,98661727,14,14,28,1,14,1,14,9800,641776,9783932,-79.72526393,-1.95434069,NO,NO
9,GUAYAS,390,GUAYAQUIL,6150,TARQUI,31,SOCIO VIVIENDA,7921,ESCUELA DE EDUCACION BASICA FISCAL MANUEL RENDON SEMINARIO,NO,SOCIO VIVIENDA 1 2O CALLEJON 18I,0,4,3,7,1,4,1,3,1920,615210.4015,9763994.914,-79.96397558,-2.13485104,NO,NO
9,GUAYAS,390,GUAYAQUIL,6150,TARQUI,32,LA FLORIDA,7927,ESCUELA DE EDUCACION BASICA COMPLETA PROF. KRUGER CARRION LOOR,NO,COOP. PANCHO JACOME 1 KM 8.5 VIA A DAULE,0,6,2,8,8,13,8,9,2396,618354.9,9765161.18,-79.93570929,-2.12428203,NO,NO
9,GUAYAS,390,GUAYAQUIL,6150,TARQUI,32,LA FLORIDA,8247,ESCUELA DE EDUCACION BASICA FISCAL EDUARDO ESTRELLA AGUIRRE,SI,AV. EDUARDO SOLA FRANCO MZ 261 SL 13,0,7,7,14,1,7,1,7,4900,617726,9764705,-79.94136113,-2.12841237,NO,NO
9,GUAYAS,390,GUAYAQUIL,6150,TARQUI,33,MAPASINGUE OESTE,6928,UNIDAD EDUCATIVA MARIA REINA DE FE Y ALEGRIA,NO,MAPASINGUE OESTE AV. 3ERA ENTRE CALLE 3ERA Y 4TA,2854150,7,5,12,1,7,1,5,3793,618389.4681,9761096.888,-79.93537309,-2.16104583,NO,NO
9,GUAYAS,390,GUAYAQUIL,6405,PASCUALES,13,SAN FRANCISCO,6905,UNIDAD EDUCATIVA FISCAL ALEJO LASCANO BAHAMONDE,NO,COOP. SAN FRANCISCO II ETAPA 8 MZ 1102 SL.-10,0,7,5,12,1,7,1,5,3858,616841.2601,9773579.597,-79.94936948,-2.04814124,NO,NO
9,GUAYAS,390,GUAYAQUIL,6405,PASCUALES,14,CAPEIRA,6902,ESCUELA DE EDUCACION BASICA DANIEL PLAZA IGLESIA,NO,KM. 24 VIA A DAULE - RECINTO LAS MERCEDES,0,2,2,4,1,2,1,2,1037,614571.9844,9778500.405,-79.96980057,-2.00364228,NO,NO
9,GUAYAS,390,GUAYAQUIL,6405,PASCUALES,15,CIUDAD VICTORIA,6904,COLEGIO REPLICA 28 DE MAYO,NO,AV. MANUELA DE GARAICOA E IGUANAS - SECTOR CIUDAD VICTORIA,0,5,4,9,1,5,1,4,2736,611642.3507,9769248.226,-79.99608824,-2.08735209,NO,NO
9,GUAYAS,390,GUAYAQUIL,6405,PASCUALES,16,EL FORTÍN,6936,UNIDAD EDUCATIVA COMUNITARIA INTERCULTURAL RUMIÑAHUI,SI,COOP. EL FORTIN AV. 23B,0,8,6,14,1,8,1,6,4684,616779.4785,9766803.507,-79.94988444,-2.10943584,NO,NO
9,GUAYAS,390,GUAYAQUIL,6265,XIMENA,13,CENTENARIO,292,UNIDAD EDUCATIVA BILINGUE NUEVA SEMILLA,NO,CALLE D 501 Y ARGUELLES - BARRIO CENTENARIO,2441174,3,3,6,1,3,1,3,1855,623312,9754158,-79.89106608,-2.22377952,NO,NO
9,GUAYAS,390,GUAYAQUIL,6265,XIMENA,14,VALDIVIA - LAS TEJAS,103,UNIDAD EDUCATIVA GRAN COLOMBIANO,NO,CDLA LAS TEJAS MZ 15 SOLAR 24,3850023,2,2,4,1,2,1,2,1313,623231,9750849,-79.89177193,-2.25371153,NO,NO
9,GUAYAS,390,GUAYAQUIL,6265,XIMENA,15,JAIME ROLDÓS – LOS CLAVELES,6890,ESCUELA DE EDUCACION BASICA DR ENRIQUE DIAZ GALARZA,NO,COOP ESMERALDA CHIQUITO 1 MZ-A10 SL 11,0,2,1,3,1,2,1,1,708,620774,9753696,-79.91388424,-2.22797562,NO,NO
9,GUAYAS,390,GUAYAQUIL,6265,XIMENA,16,MALVINAS,7958,ESCUELA DE EDUCACION BASICA PARTICULAR DAMASCO,NO,SECTOR LAS MALVINAS 1RO DE SEPTIEMBRE MZ B SL 3-6,0,3,2,5,1,3,1,2,1350,621994.242,9752387.37,-79.90290322,-2.23980467,NO,NO
9,GUAYAS,390,GUAYAQUIL,6265,XIMENA,17,UNIÓN DE BANANEROS,116,ESCUELA DE EDUCACION BASICA FISCAL PROVINCIA DE MANABI,NO,AV. ROGELIO BEAUGER BELLET S/N Y 9NA TRANSVERSAL,0,5,3,8,1,5,1,3,2485,624305,9749301,-79.88210386,-2.26770645,NO,NO
9,GUAYAS,390,GUAYAQUIL,6265,XIMENA,18,LAS ESCLUSAS – STELLA MARIS,6892,UNIDAD EDUCATIVA PARTICULAR DANIEL COMBONI,NO,CDLA FRANCISCO DE ORELLANA MZ 20 SL 07,577281,4,3,7,1,4,1,3,2090,622790.9624,9749090.036,-79.8957167,-2.26962523,NO,NO
9,GUAYAS,390,GUAYAQUIL,6265,XIMENA,19,TRINIPUERTO,8204,ESCUELA DE EDUCACION BASICA FISCAL GEOVANNY PATRICIO CALLES LASCANO,NO,COOP NUEVO GUAYAQUIL CALLE SARGENTO ESPINOZA MZ-H SL-05,0,3,2,5,1,3,1,2,1486,619446,9752361.1,-79.9258167,-2.24005937,NO,NO
9,GUAYAS,790,SIMON BOLIVAR,660,CRNEL. LORENZO GARAICOA,2,INÉS MARIA,1591,ESCUELA DE EDUCACION BASICA LUIS SALOMON CESPEDES PARRA,NO,AV 7 DE SEPTIEMBRE Y AV 9 DE OCTUBRE,0,1,1,2,1,1,1,1,508,688863,9767879,-79.30185348,-2.09913438,NO,SI
9,GUAYAS,390,GUAYAQUIL,4120,TENGUEL,2,LA ESPERANZA DEL CARMEN,8307,UNIDAD EDUCATIVA 9 DE OCTUBRE,NO,RECINTO ESPERANZA DEL CARMEN,0,1,1,2,1,1,1,1,304,639873,9667728,-79.74137832,-3.00541251,NO,SI
9,GUAYAS,890,CRNL MARCELINO MARIDUENAS,6410,CRNL MARCELINO MARIDUENAS,2,LA ISLA,5088,ESCUELA DE EDUCACION BASICA ARNALDO MERINO MUÑOZ,NO,VIA CUMANDA - MARCELINO MARIDUEÑA,0,1,1,2,1,1,1,1,289,691569,9756517,-79.27741478,-2.20185497,NO,SI
9,GUAYAS,985,GRAL. A. ELIZALDE,6620,GRAL.ELIZALDE /BUCAY,0,,1347,UNIDAD EDUCATIVA GENERAL ANTONIO ELIZALDE,SI,GARCIA MORENO Y MACAS,2727093,18,17,35,1,18,1,17,12046,706760.594,9756466.781,-79.14085823,-2.20214406,NO,NO
9,GUAYAS,986,ISIDRO AYORA,6710,ISIDRO AYORA,1,ISIDRO AYORA,7959,ESCUELA DE EDUCACION BASICA ¨MARISCAL SUCRE¨,SI,JUAN MONTALVO Y MARISCAL SUCRE,0,16,16,32,1,16,1,16,10926,595409,9792172,-80.14215689,-1.88006632,NO,NO
9,GUAYAS,390,GUAYAQUIL,6265,XIMENA,1,XIMENA,190,UNIDAD EDUCATIVA FISCAL AMARILIS FUENTES ALCIVAR,SI,CDLA COVIEM CALLE PRIMERA Y AV. AMAZONAS,2498962,14,18,32,329,342,329,346,10989,621925,9752245,-79.90352488,-2.24109295,NO,NO
9,GUAYAS,390,GUAYAQUIL,6265,XIMENA,1,XIMENA,193,UNIDAD EDUCATIVA SALESIANA DOMINGO COMIN 1,SI,AVENIDA DOMINGO COMIN 105 Y CALLEJÓN SALESIANO,3810130,10,10,20,87,96,87,96,7000,623621,9754688,-79.8882912,-2.21898332,NO,NO
9,GUAYAS,390,GUAYAQUIL,6265,XIMENA,1,XIMENA,196,"ESCUELA DE EDUCACION BASICA ""VALDIVIA""",SI,CDLA VALDIVIA 4 MZ B1 Y CALLE 50 E S/E,0,6,6,12,315,320,315,320,4200,623019,9751832,-79.89368492,-2.24482129,NO,NO
9,GUAYAS,390,GUAYAQUIL,6265,XIMENA,1,XIMENA,199,ESCUELA DE EDUCACIÓN BÁSICA FISCAL JORGE VILLEGAS SERRANO,SI,COOP MELIDA SALAMEA DE TORAL CALLE TAISHA Y PASAJE 9,2172111,12,12,24,221,232,221,232,8400,621613,9753128,-79.90633628,-2.23310786,NO,NO
9,GUAYAS,390,GUAYAQUIL,6265,XIMENA,1,XIMENA,49,ESCUELA EDUCACION BASICA DR MODESTO CHAVEZ FRANCO,SI,FRANCISCO SEGURA ENTRE WASHINGTON Y SAN SALVADOR,0,12,12,24,137,148,137,148,8400,622632,9754607,-79.89718351,-2.2197227,NO,NO
9,GUAYAS,390,GUAYAQUIL,6265,XIMENA,1,XIMENA,56,UNIVERSIDAD AGRARIA DEL ECUADOR,SI,AV 25 DE JULIO Y PIO JARAMILLO,2439995,16,16,32,287,302,287,302,11200,622790,9752345,-79.89574755,-2.24018252,NO,NO
9,GUAYAS,390,GUAYAQUIL,6265,XIMENA,1,XIMENA,154,ESCUELA DE EDUCACION BASICA ANA VILLAMIL ICAZA,SI,WASHINGTON ENTRE CHAMBERS Y O'CONNOR,0,12,12,24,149,160,149,160,8400,622722,9754751,-79.89637521,-2.21841954,NO,NO
9,GUAYAS,390,GUAYAQUIL,6265,XIMENA,1,XIMENA,148,UNIDAD EDUCATIVA SANTA MARIA DE LOS ANGELES,SI,AV 25 DE JULIO CALLEJON BERTHA VALVERDE MZ 1624 SL1,5012626,0,19,19,0,0,347,365,6397,622835,9751408,-79.89533655,-2.24865783,NO,NO
9,GUAYAS,390,GUAYAQUIL,6265,XIMENA,1,XIMENA,82,UNIDAD EDUCATIVA FISCAL DR. AGUSTIN VERA LOOR,SI,CAÑAR 1310 Y GUARANDA,0,6,6,12,25,30,25,30,4200,623011,9755342,-79.89378056,-2.21307171,NO,NO
9,GUAYAS,390,GUAYAQUIL,6265,XIMENA,1,XIMENA,83,UNIVERSIDAD POLITÉCNICA SALESIANA,SI,CHEMBERS 227 Y 5 DE JUNIO /FRANCISCO ROBLES Y LAURA VICUÑA,42590630,20,20,40,109,128,109,128,14000,623780,9754558,-79.88686064,-2.22015815,NO,NO
9,GUAYAS,390,GUAYAQUIL,6265,XIMENA,1,XIMENA,275,UNIDAD EDUCATIVA CIENCIA Y FE,SI,AV. 25 DE JULIO Y ERNESTO ALBAN,4616414,6,6,12,179,184,179,184,4200,622652.861,9753399.949,-79.89698782,-2.23064093,NO,NO
9,GUAYAS,390,GUAYAQUIL,6265,XIMENA,1,XIMENA,160,UNIDAD EDUCATIVA FISCOMISIONAL DOMINGO COMIN 2 - CAMPUS MARGARITA BOSCO,SI,AZUAY 815 ENTRE 6 DE MARZO Y LORENZO DE GARAICOA,2449364,8,8,16,51,58,51,58,5600,623290.4,9755186.2,-79.89126723,-2.21447911,NO,NO
9,GUAYAS,390,GUAYAQUIL,6265,XIMENA,1,XIMENA,204,UNIDAD EDUCATIVA PARTICULAR LETRAS Y VIDA,SI,CIUDADELA LOS ESTEROS M-38A SL 21-22,42496080,8,8,16,321,328,321,328,5600,622664,9752189,-79.89687947,-2.24159447,NO,NO
9,GUAYAS,390,GUAYAQUIL,6265,XIMENA,1,XIMENA,1613,UNIDAD EDUCATIVA FISCAL NUEVE DE OCTUBRE,SI,CDLA. HUANCAVILCA LUCIA PORRES DE JANNER Y PRESIDENTE GARCIA MORENO,0,14,14,28,245,258,245,258,9800,622199,9753179,-79.90106738,-2.23264259,NO,NO
9,GUAYAS,390,GUAYAQUIL,6265,XIMENA,1,XIMENA,266,UNIDAD EDUCATIVA BILINGUE MIXTA SAGRADOS CORAZONES,SI,EL ORO Y ENTRE AV. QUITO Y GUARANDA,2448899,16,16,32,9,24,9,24,11200,622777.7,9755272.79,-79.89587787,-2.21369932,NO,NO
9,GUAYAS,390,GUAYAQUIL,6265,XIMENA,1,XIMENA,267,ESCUELA DE EDUCACIÓN BÁSICA FISCAL ANTONIO JOSE DE SUCRE,SI,6 DE MARZO 3800 ENTRE AZUAY Y CAÑAR,0,10,10,20,31,40,31,40,7000,623232,9755233,-79.89179266,-2.21405618,NO,NO
9,GUAYAS,390,GUAYAQUIL,6265,XIMENA,1,XIMENA,271,UNIDAD EDUCATIVA BILINGUE LA INMACULADA,SI,ELOY ALFARO ENTRE COLOMBIA Y CAMILO DESTRUGE,2440300,10,10,20,59,68,59,68,7000,623827,9755465,-79.88644415,-2.2119536,NO,NO
9,GUAYAS,390,GUAYAQUIL,6265,XIMENA,1,XIMENA,273,ESCUELA DE EDUCACION BASICA FISCAL GUIDO GARAY VARGAS MACHUCA,SI,CALLE 5 DE JUNIO Y BARRIO CUBA CALLE E,0,8,8,16,129,136,129,136,5600,623547,9754043,-79.88895223,-2.22481815,NO,NO
9,GUAYAS,390,GUAYAQUIL,6265,XIMENA,1,XIMENA,1593,UNIDAD EDUCATIVA FISCAL AURORA ESTRADA DE RAMIREZ,SI,CALLE J DE FERAUD MZ 56 Y CALLE ESMERALDA CDLA. LAS ACACIAS,3855993,12,12,24,209,220,209,220,8400,621900,9754225,-79.90376294,-2.22318301,NO,NO
9,GUAYAS,390,GUAYAQUIL,6265,XIMENA,1,XIMENA,284,UNIDAD EDUCATIVA PARTICULAR INTERNATIONAL SCHOOL,SI,3ER CALLEJON 44 S E CDLA LA SAIBA MZ Q Y AV 7 S E DOLORES SUCRE,0,8,8,16,171,178,171,178,5600,623142,9753652,-79.89259126,-2.22835768,NO,NO
9,GUAYAS,390,GUAYAQUIL,6265,XIMENA,1,XIMENA,114,UNIDAD EDUCATIVA CRISTOBAL COLON,SI,ROSA BORJA DE ICAZA 115 ENTRE EL ORO Y CALLEJON DAULE,2244155,18,18,36,69,86,69,86,12600,623540,9754814,-79.88902038,-2.21784414,NO,NO
9,GUAYAS,390,GUAYAQUIL,6265,XIMENA,1,XIMENA,139,ESCUELA DE EDUCACION BASICA FRANCISCO FALQUEZ AMPUERO,SI,DOMINGO COMIN 223 Y CHEMBERS,2340749,12,12,24,97,108,97,108,8400,623587,9754634,-79.88859656,-2.21947201,NO,NO
9,GUAYAS,390,GUAYAQUIL,6265,XIMENA,1,XIMENA,126,UNIDAD EDUCATIVA LICEO PANAMERICANO,SI,DOLORES SUCRE 302 y AUGUSTO GONZALEZ - BARRIO CENTENARIO,42442400,10,10,20,161,170,161,170,7000,623220,9754793,-79.8918976,-2.21803627,NO,NO
9,GUAYAS,390,GUAYAQUIL,6265,XIMENA,1,XIMENA,163,COLEGIO FISCAL DE BELLAS ARTES JUAN JOSE PLAZA,SI,CHIMBORAZO Y BOLIVIA,2449810,10,10,20,41,50,41,50,7000,623577.957,9755373.429,-79.88868286,-2.21278359,NO,NO
9,GUAYAS,390,GUAYAQUIL,6265,XIMENA,1,XIMENA,164,ESCUELA DE EDUCACION BASICA JOSE SALCEDO DELGADO,SI,CDLA HUANCAVILCA MZ 46 B3 Y QUINTO CALLEJON 46,2420863,12,12,24,233,244,233,244,8400,622037.0639,9752925.641,-79.90252179,-2.23493545,NO,NO
9,GUAYAS,390,GUAYAQUIL,6265,XIMENA,1,XIMENA,1624,UNIDAD EDUCATIVA FISCAL FRANCISCO DE ORELLANA,SI,DR. ARTURO SERRANO ARMIJOS Y CARLOS GARCES VELA,0,14,14,28,185,198,185,198,9800,622289,9753928,-79.90026314,-2.2258669,NO,NO
9,GUAYAS,390,GUAYAQUIL,6265,XIMENA,1,XIMENA,622,ESCUELA DE EDUCACIÓN BÁSICA FISCAL RANULFO AURELIANO RODRIGUEZ MARIN,SI,CDLA. HUANCAVILCA MZ D34,0,12,12,24,259,270,259,270,8400,621844,9753365,-79.90426074,-2.23096252,NO,NO
9,GUAYAS,390,GUAYAQUIL,6265,XIMENA,1,XIMENA,5158,ESCUELA DE EDUCACIÓN BÁSICA FISCAL JOSÉ HERBOSO,SI,AV. PIO JARAMILLO Y AV DOMINGO COMIN PRADERA 1 MZ D9 HASTA 15,0,8,8,16,303,310,303,310,5600,623154,9752301,-79.89247421,-2.24057804,NO,NO
9,GUAYAS,390,GUAYAQUIL,6265,XIMENA,1,XIMENA,5926,ESCUELA DE EDUCACION BASICA PROF. SEGUNDO JIMENEZ RIERA,NO,FLORESTA 3 AV DOMINGO COMIN Y CALLEJON 51B,0,4,4,8,311,314,311,314,2800,623419,9751358,-79.89008492,-2.2491061,NO,NO
9,GUAYAS,390,GUAYAQUIL,6265,XIMENA,1,XIMENA,5925,UNIDAD EDUCATIVA SANTIAGO DE LAS PRADERAS,NO,PRADERA 1 CALLE SEGUNDA MZ-B3 Y C1,2426760,6,6,12,281,286,281,286,4200,623063,9752621,-79.89329464,-2.23768411,NO,NO
9,GUAYAS,390,GUAYAQUIL,6265,XIMENA,1,XIMENA,5996,INSTITUTO SUPERIOR UNIVERSITARIO ARGOS,SI,CALLE FRANCISCO DE MARCO 1300 Y PIO MONTUFAR,45070998,8,8,16,1,8,1,8,5600,623144,9756272,-79.89259089,-2.20465852,NO,NO
9,GUAYAS,390,GUAYAQUIL,6265,XIMENA,1,XIMENA,7612,ESCUELA PARTICULAR BASICA CERRO AZUL,SI,CDLA LAS ACACIAS,0,10,10,20,199,208,199,208,7000,622320.6,9754126.4,-79.89998033,-2.22407206,NO,NO
9,GUAYAS,390,GUAYAQUIL,6265,XIMENA,1,XIMENA,7957,INSTITUTO SUPERIOR UNIVERSITARIO ARGOS CAMPUS SOPEÑA,SI,CDALA SOPEÑA AV 25 DE JULIO Y LEONIDAS ORTEGA MOREIRA,0,10,10,20,271,280,271,280,7000,622419.64,9752789.1,-79.89908079,-2.23616794,NO,NO
9,GUAYAS,390,GUAYAQUIL,6150,TARQUI,5,CHONGON,471,UNIDAD EDUCATIVA FISCAL CHONGON,SI,AV. PAQUISHA Y CALLE ALBARRADA,0,10,10,20,7,16,7,16,7000,602193,9753286,-80.08096437,-2.23179884,NO,NO
9,GUAYAS,390,GUAYAQUIL,6150,TARQUI,5,CHONGON,478,UNIDAD EDUCATIVA 12 DE OCTUBRE,SI,CHONGON AV. PRINCIPAL PAQUISHA,0,8,7,15,17,24,17,23,5016,602453,9752934,-80.07862437,-2.23498156,NO,NO
9,GUAYAS,390,GUAYAQUIL,6150,TARQUI,5,CHONGON,7268,ESCUELA DE EDUCACION BASICA LIBERTADOR BOLIVAR,NO,KM. 24 VIA A LA COSTA ENTRANDO A CHONGON,0,6,6,12,1,6,1,6,4200,602153.995,9754893.8,-80.08132412,-2.21725489,NO,NO
9,GUAYAS,390,GUAYAQUIL,6405,PASCUALES,1,PASCUALES,651,ESCUELA DE EDUCACIÓN BÁSICA FISCAL DR ISIDRO AYORA CUEVA,SI,AV COJIMIES ENTRE GENERAL LEONIDAS PLAZA Y CALLEJON PAJÁN,2985182,11,11,22,20,30,20,30,7700,618551,9771096,-79.93398243,-2.07059671,NO,NO
9,GUAYAS,390,GUAYAQUIL,6405,PASCUALES,1,PASCUALES,657,UNIDAD EDUCATIVA ALFREDO PORTALUPPI VELASQUEZ,SI,GRAL. LEONIDAS PLAZA Y BALAO,0,7,7,14,51,57,51,57,4900,618829,9771169,-79.93148337,-2.06993468,NO,NO
9,GUAYAS,390,GUAYAQUIL,6405,PASCUALES,1,PASCUALES,686,UNIDAD EDUCATIVA DR EMILIO UZCATEGUI GARCIA,SI,AV PERIMETRAL Y SAN ISIDRO,2983646,15,10,25,68,82,68,77,8400,619210,9770215,-79.92805199,-2.07856186,NO,NO
9,GUAYAS,390,GUAYAQUIL,6405,PASCUALES,1,PASCUALES,641,UNIDAD EDUCATIVA PADRE SOMASCOS EL CENACULO,SI,KM 14 1/2 VIA A DAULE CALLE LATACUNGA,2160668,12,12,24,1,12,1,12,8400,618169,9770693,-79.93741457,-2.07424441,NO,NO
9,GUAYAS,390,GUAYAQUIL,6405,PASCUALES,1,PASCUALES,647,UNIDAD EDUCATIVA FISCAL CARLOS JULIO AROSEMENA TOLA,SI,AV.CAYAMBE ENTRE BAÑOS Y LATACUNGA,2985089,10,10,20,31,40,31,40,7000,618645.2754,9770815.392,-79.9331331,-2.0731344,NO,NO
9,GUAYAS,390,GUAYAQUIL,6405,PASCUALES,1,PASCUALES,5204,UNIDAD EDUCATIVA FISCAL EDUARDO KINGMAN RIOFRIO EKR,SI,LEONIDAS PLAZA Y PASAJE,0,10,10,20,41,50,41,50,7000,618751,9771115,-79.93218434,-2.07042362,NO,NO
9,GUAYAS,390,GUAYAQUIL,6405,PASCUALES,1,PASCUALES,6360,UNIDAD EDUCATIVA FISCAL ZOBEIDA JIMENEZ VASQUEZ,SI,SECTOR PAQUISHA AV. CHAMBO Y AZOGUES,2985778,10,10,20,58,67,58,67,7000,619096,9770773,-79.92908037,-2.07351511,NO,NO
9,GUAYAS,390,GUAYAQUIL,6405,PASCUALES,1,PASCUALES,7266,UNIDAD EDUCATIVA PARTICULAR VOLUNTAS DEI,NO,KM 14.5 VIA A DAULE CALLE LATACUNGA,42623965,7,7,14,13,19,13,19,4900,618294.8,9770746.4,-79.93628382,-2.07376061,NO,NO
9,GUAYAS,395,YAGUACHI,1340,GRAL.PEDRO MONTERO,0,,1156,"ESCUELA DE EDUCACION BASICA ""ERNESTO JOUVIN CISNEROS""",SI,ENRIQUE HULES Y VICTOR LAZO,0,6,6,12,1,6,1,6,4200,652601.9766,9750542.888,-79.62767938,-2.25625401,NO,NO
9,GUAYAS,395,YAGUACHI,1340,GRAL.PEDRO MONTERO,0,,1623,"UNIDAD EDUCATIVA ""EMILIO ISAIAS ABIHANNA""",SI,ENRIQUE YULES Y VÍCTOR LAZO,,4,5,9,7,10,7,11,2994,652554.3281,9750562.208,-79.62810796,-2.25607968,NO,NO
9,GUAYAS,395,YAGUACHI,1915,VIRGEN DE FATIMA,0,,1185,UNIDAD EDUCATIVA FRANCISCO JOSE POLIT ORTIZ,SI,GENERAL MONTERO Y RUMICHACA,2724578,10,10,20,1,10,1,10,7000,650859.95,9751376.07,-79.6433491,-2.24873297,NO,NO
9,GUAYAS,395,YAGUACHI,1915,VIRGEN DE FATIMA,0,,6361,UNIDAD EDUCATIVA ELOY ALFARO,SI,JUAN MONTALVO VIA A MILAGRO,,8,6,14,11,18,11,16,4614,650568,9751483,-79.64597494,-2.24776828,NO,NO
9,GUAYAS,125,COLIMES,1435,SAN JACINTO,2,LONDON,1344,ESCUELA FISCAL EMILIO FIGUEROA IBAÑEZ,NO,RECINTO LONDON VIA LASCANO,0,1,2,3,1,1,1,2,793,585783.6617,9824903.959,-80.22881457,-1.58400037,SI,SI
9,GUAYAS,395,YAGUACHI,6285,YAGUACHI NUEVO,1,YAGUACHI NUEVO,1315,UNIDAD EDUCATIVA 21 DE JULIO,SI,CALDERÓN Y MARCELINO MARIDUEÑA,,10,9,19,28,37,28,36,6321,645138,9767949,-79.69492498,-2.09888098,NO,NO
9,GUAYAS,395,YAGUACHI,6285,YAGUACHI NUEVO,1,YAGUACHI NUEVO,1342,ESCUELA DE EDUCACION BÁSICA ROSAURA MARIDUEÑA,SI,ELOY ALFARO Y ALVARADO,,9,9,18,19,27,19,27,6300,645045,9768290,-79.69576364,-2.0957974,NO,NO
9,GUAYAS,395,YAGUACHI,6285,YAGUACHI NUEVO,1,YAGUACHI NUEVO,646,ESCUELA DE EDUCACION BASICA MANUEL WOLF HERRERA,SI,AV MANUEL PAZ RUIZ Y TEODORO WOLF,,8,8,16,11,18,11,18,5600,645279,9768413,-79.69366081,-2.09468312,NO,NO
9,GUAYAS,395,YAGUACHI,6285,YAGUACHI NUEVO,1,YAGUACHI NUEVO,664,ESCUELA DE EDUCACION BASICA ANTONIO JOSE DE SUCRE,NO,AV CENTENARIO ENTRE SOFIA GARCIA Y CALLE SN,,10,10,20,1,10,1,10,7000,645000.917,9768205.909,-79.69615933,-2.09655832,NO,NO
9,GUAYAS,400,DAULE,260,LIMONAL,0,,1125,UNIDAD EDUCATIVA ROSA OLGA VILLACRES LOZANO,SI,CRESPIN CEREZO Y CALLE GUAYAQUIL,2743022,7,6,13,1,7,1,6,4210,610570,9801857,-80.00590229,-1.79238455,NO,NO
9,GUAYAS,400,DAULE,1855,JUAN BAUTISTA AGUIRRE,0,,1104,UNIDAD EDUCATIVA VEINTISIETE DE AGOSTO,SI,RECINTO VIA A LA ALBORADA,2747031,7,8,15,1,7,1,8,5008,626742,9792160,-79.8604678,-1.88001278,NO,NO
9,GUAYAS,400,DAULE,2105,LAS LOJAS,0,,1095,UNIDAD EDUCATIVA VICTORIA TORRES DE NEIRA,SI,CALLE 2 DE SEPTIEMBRE Y ALFREDO MARURI,,9,9,18,1,9,1,9,6142,617581.836,9777410.354,-79.94273354,-2.01348515,NO,NO
9,GUAYAS,400,DAULE,4500,EL LAUREL,0,,1082,UNIDAD EDUCATIVA LAUREL,SI,AV JUAN VELASCO SECTOR 7,2700393,13,13,26,1,13,1,13,8581,621673,9802291,-79.90609294,-1.78840153,NO,NO
9,GUAYAS,390,GUAYAQUIL,6265,XIMENA,2,ESTEROS,134,UNIDAD EDUCATIVA PARTICULAR CAYETANO TARRUEL,SI,CAYETANO TARRUEL Y PUYO MZ 1 SOLAR 19,0,14,14,28,1,14,1,14,9800,622419,9751561,-79.89907824,-2.24727671,NO,NO
9,GUAYAS,390,GUAYAQUIL,6265,XIMENA,2,ESTEROS,140,ESCUELA DE EDUCACION BASICA BLANCA GILBERT DE INTRIAGO,SI,CDLA LOS ESTEROS MZ-58 A15 AV SEXTA Y CALLE 50,2736072,11,6,17,15,25,15,20,5437,621984,9751568,-79.90298979,-2.24721635,NO,NO
9,GUAYAS,390,GUAYAQUIL,6265,XIMENA,3,ACACIAS-GUANGALA,1598,UNIDAD EDUCATIVA FISCAL CAMILO GALLEGOS DOMINGUEZ,SI,CDLA. GUANGALA MZ E17 V8,3853740,10,10,20,1,10,1,10,7000,621976.523,9753650.896,-79.90307103,-2.22837555,NO,NO
9,GUAYAS,390,GUAYAQUIL,6265,XIMENA,3,ACACIAS-GUANGALA,1600,ESCUELA DE EDUCACION BASICA PARTICULAR SAN ESTEBAN DIACONO,NO,ESMERALDAS Y ERNESTO ALBAN,3853607,6,3,9,11,16,11,13,2880,621867,9753662,-79.90405591,-2.22827585,NO,NO
9,GUAYAS,820,DURAN,6525,ELOY ALFARO /DURAN,9,LOS ANGELES,898,ESCUELA DE EDUCACIÓN BÁSICA CARLOS CALDERON CHICO,NO,RECINTO LOS ANGELES,0,1,1,2,1,1,1,1,126,629578,9768329,-79.8348218,-2.0955549,SI,SI
9,GUAYAS,390,GUAYAQUIL,3030,PUNA,4,LOS MORREÑOS,5232,ESCUELA DE EDUCACIÓN BÁSICA FISCAL LUIS GARZÓN JIMENEZ,NO,RECINTO CERRITO DE LOS MORREÑOS,0,1,1,2,1,1,1,1,507,621478.5,9726503.63,-79.90735818,-2.47393963,SI,SI
9,GUAYAS,125,COLIMES,5365,COLIMES,2,EL RELICARIO,5175,ESCUELA DE EDUCACIÓN BÁSICA UNIÓN Y PROGRESO,NO,RECINTO EL RELICARIO,3162008,1,1,2,1,1,1,1,674,615162,9824095,-79.96472825,-1.5912022,NO,NO
9,GUAYAS,390,GUAYAQUIL,6150,TARQUI,30,GARZOTA,5198,UNIDAD EDUCATIVA FISCAL LUIS BONINI PINO,NO,CDLA. IETEL 2DO PASEO Y 3ER PASEO,42626207,6,4,10,1,6,1,4,3361,622812,9762298,-79.89561581,-2.15015262,NO,NO
9,GUAYAS,390,GUAYAQUIL,6405,PASCUALES,10,SERGIO TORAL,507,UNIDAD EDUCATIVA FRANCISCO GARCIA JIMENEZ FE Y ALEGRIA,SI,AV CASUARINA Y CALLE PUBLICA - COOP SERGIO TORAL (SECTOR MONTE SINAI),3904581,10,8,18,1,10,1,8,6058,613437,9765555,-79.97993037,-2.12074963,NO,NO
9,GUAYAS,390,GUAYAQUIL,6405,PASCUALES,11,MONTE SINAI,5194,UNIDAD EDUCATIVA FISCAL MARIETA DE VEINTIMILLA MARCONI,SI,COOPERATIVA LAS MARIAS - MONTE SINAI,0,6,6,12,1,6,1,6,4200,610943,9764573,-80.00234938,-2.12964731,NO,NO
9,GUAYAS,390,GUAYAQUIL,6405,PASCUALES,11,MONTE SINAI,8186,UNIDAD EDUCATIVA FISCAL JULIO ESTRADA ICAZA,SI,COOP. TRINIDAD DE DIOS MZ 56 SL.-17,99099667,13,8,21,7,19,7,14,6960,611985,9765024,-79.99298285,-2.12556154,NO,NO
9,GUAYAS,390,GUAYAQUIL,6405,PASCUALES,12,BALERIO ESTACIO,602,UNIDAD EDUCATIVA FISCAL TRÁNSITO AMAGUAÑA,NO,COOP BALERIO ESTACIO 4TA ETAPA - VIA CASUARIANA,0,7,5,12,1,7,1,5,3955,614195,9767002,-79.97312348,-2.10765593,NO,NO
9,GUAYAS,390,GUAYAQUIL,6150,TARQUI,34,BAJADA DE CHANDUY,4624,ESCUELA DE EDUCACION BASICA ELISA AYALA GONZALEZ,NO,BAJADA DE CHANDUY,0,2,2,4,1,2,1,2,946,579393.4,9744683.03,-80.28595385,-2.30973977,NO,SI
9,GUAYAS,95,BALAO,5470,BALAO,1,BALAO,1117,ESCUELA DE EDUCACION BASICA ROSA AMADA ESPINOZA,SI,JULIO JARAMILLO ENTRE AMAZONAS Y SALINAS,0,9,10,19,15,23,15,24,6184,632293.79,9678288.72,-79.80967014,-2.90996651,NO,NO
9,GUAYAS,95,BALAO,5470,BALAO,1,BALAO,1108,UNIDAD EDUCATIVA SABINO EIPACIO ROSALES PANCHANA,SI,"VIA A BALAO, CDLA. TERESITA",0,14,14,28,1,14,1,14,9800,631442.2123,9678145.408,-79.81732986,-2.91127088,NO,NO
9,GUAYAS,125,COLIMES,5365,COLIMES,1,COLIMES,133,ESCUELA DE EDUCACIÓN BÁSICA MARIETA ESCOBAR GAVILANEZ,SI,CALLE BALZAR Y ROSENDO CARBO,0,10,10,20,1,10,1,10,7000,610016,9828943,-80.01100511,-1.54737057,NO,NO
9,GUAYAS,125,COLIMES,5365,COLIMES,1,COLIMES,138,UNIDAD EDUCATIVA COLIMES,SI,AV VIA OLMEDO Y JUAN QUIJIJE,0,14,17,31,11,24,11,27,10498,609709,9829280,-80.01376603,-1.5443234,NO,NO
9,GUAYAS,385,EL EMPALME,1470,GUAYAS / PUERTO NUEVO,1,GUAYAS / PUERTO NUEVO,649,UNIDAD EDUCATIVA PUEBLO NUEVO,SI,VIA LA GUAYAS,0,7,7,14,1,7,1,7,4609,658806,9890493,-79.57278727,-0.99043382,NO,NO
9,GUAYAS,385,EL EMPALME,1640,EL ROSARIO,0,,5172,ESCUELA DE EDUCACIÓN BÁSICA GENERAL JAIME EDUARDO SEMBLANTES POLANCO,SI,PABLO ALVAREZ Y MELIDA PALAL,0,8,8,16,1,8,1,8,5334,632489,9883517,-79.80924105,-1.05362798,NO,NO
9,GUAYAS,385,EL EMPALME,6225,VELASCO IBARRA,1,VELASCO IBARRA,1310,ESCUELA DE EDUCACIÓN BÁSICA JUAN MONTALVO,SI,JUAN MONTALVO Y TUNGURAHUA,0,10,10,20,1,10,1,10,7000,651133,9884911,-79.64171122,-1.04095065,NO,NO
9,GUAYAS,385,EL EMPALME,6225,VELASCO IBARRA,1,VELASCO IBARRA,1130,ESCUELA DE EDUCACION BASICA PEDRO J MENENDEZ NAVARRO,SI,AV.QUITO ENTRE SEGUNDO AU-HING Y DAULE,2961350,12,12,24,39,50,39,50,8400,651669,9884659,-79.63689392,-1.04322782,NO,NO
9,GUAYAS,385,EL EMPALME,6225,VELASCO IBARRA,1,VELASCO IBARRA,1138,ESCUELA DE EDUCACION BASICA GENERAL ORIENTE ECUATORIANO,SI,ORIENTE ECUATORIANO Y 10 DE AGOSTO,0,8,8,16,31,38,31,38,5600,651595,9884201,-79.63755707,-1.04737059,NO,NO
9,GUAYAS,385,EL EMPALME,6225,VELASCO IBARRA,1,VELASCO IBARRA,1141,UNIDAD EDUCATIVA EL EMPALME,SI,KM 1 1/2 VIA EL EMPALME - QUEVEDO,0,12,12,24,51,62,51,62,8400,652586,9883920,-79.62865117,-1.04990823,NO,NO
9,GUAYAS,385,EL EMPALME,6225,VELASCO IBARRA,1,VELASCO IBARRA,609,ESCUELA DE EDUCACION BASICA CASPICARA,SI,COOP 29 DE OCTUBRE CALLE ORIENTE ECUATORIANO Y TUNGURAHUA,0,8,8,16,23,30,23,30,5600,651033.4738,9884301.422,-79.64260316,-1.04646451,NO,NO
9,GUAYAS,385,EL EMPALME,6225,VELASCO IBARRA,1,VELASCO IBARRA,1321,UNIDAD EDUCATIVA 29 DE SEPTIEMBRE,SI,COOP SAN MIGUEL VIA MANABI ENTRE 5TA Y ELOY ALFARO,0,12,12,24,11,22,11,22,8400,650467.0502,9884902.058,-79.6476952,-1.04103411,NO,NO
9,GUAYAS,385,EL EMPALME,6225,VELASCO IBARRA,1,VELASCO IBARRA,717,ESCUELA DE EDUCACION BASICA SEGUNDO AU-HING MEDINA,SI,VIA QUEVEDO - CDLA LOS LAURELES,0,8,8,16,63,70,63,70,5600,652511,9883643,-79.62932401,-1.05241391,NO,NO
9,GUAYAS,385,EL EMPALME,6225,VELASCO IBARRA,1,VELASCO IBARRA,6378,UNIDAD EDUCATIVA JOSE MARIA VELASCO IBARRA,SI,CDLA. 29 DE OCTUBRE SALINAS Y TUNGURAHUA,0,10,10,20,71,80,71,80,7000,651120,9884506,-79.64182646,-1.04461381,NO,NO
9,GUAYAS,385,EL EMPALME,6225,VELASCO IBARRA,1,VELASCO IBARRA,6388,UNIDAD EDUCATIVA SOLDADO MONGE,NO,AV GUAYAQUIL. SECTOR LA CHIQUITA KM 1.5 VIA GUAYAQUIL,0,2,5,7,81,82,81,85,2133,651198,9882909,-79.64111933,-1.05905793,NO,NO
9,GUAYAS,390,GUAYAQUIL,1870,JUAN GOMEZ RENDON,0,,806,ESCUELA DE EDUCACION BASICA FISCAL DR. ALBERTO GUERRERO MARTINEZ,SI,KM 66 VIA A PLAYAS BARRIO CARIBE,0,8,8,16,7,14,7,14,5556,570539,9733503,-80.36553896,-2.41091903,NO,NO
9,GUAYAS,390,GUAYAQUIL,1870,JUAN GOMEZ RENDON,0,,821,ESCUELA DE EDUCACION BASICA FISCAL JUANA TOLA,SI,CALLE PEDRO PABLO VITERI ENTRE CALLE E Y CALLE D,0,6,6,12,1,6,1,6,4200,570531.4125,9733884.334,-80.3656088,-2.40746928,NO,NO
9,GUAYAS,390,GUAYAQUIL,2470,MORRO,0,,780,ESCUELA DE EDUCACION BASICA FISCAL ROSENDO VEGA DE LA TORRE,NO,"BARRIO CENTRAL PARROQUIA EL MORRO, VIA PUERTO EL MORRO",0,5,5,10,1,5,1,5,3565,574757,9708983,-80.32748809,-2.63272116,NO,NO
9,GUAYAS,390,GUAYAQUIL,2940,POSORJA,1,POSORJA,156,UNIDAD EDUCATIVA SANTO TOMAS DE AQUINO,NO,BARRIO 25 DE JULIO CALLE NATIVIDAD FLORES Y TEODORO WOLF,2066003,5,5,10,1,5,1,5,3500,583949,9700979,-80.24475748,-2.70508036,NO,NO
9,GUAYAS,390,GUAYAQUIL,2940,POSORJA,1,POSORJA,756,UNIDAD EDUCATIVA FISCAL DR. LUIS FERNANDO VIVERO,SI,KM 1/2 DE LA VIA POSORJA - DATA,2067093,14,14,28,18,31,18,31,9639,582730,9699652,-80.25571618,-2.71709166,NO,NO
9,GUAYAS,390,GUAYAQUIL,2940,POSORJA,1,POSORJA,80,ESCUELA DE EDUCACIÓN BÁSICA FISCAL MANUEL MARÍA SANCHEZ,SI,AGUIRRE IRRIZARRI Y JUAN COLAN,0,12,12,24,6,17,6,17,8400,583847,9700429,-80.24567199,-2.71005641,NO,NO
9,GUAYAS,390,GUAYAQUIL,3030,PUNA,6,MATORRILLO,6380,ESCUELA DE EDUCACION BASICA JAIME ROLDOS AGUILERA,NO,ISLA MATORRILLO RECINTO SANTO DOMINGO,239613000,1,1,2,1,1,1,1,236,632993,9725469,-79.8037968,-2.48320821,SI,SI
9,GUAYAS,390,GUAYAQUIL,3030,PUNA,7,MONDRAGÓN,6381,ESCUELA DE EDUCACION BASICA FISCAL PUERTO DE LA CRUZ,NO,RECINTO PUERTO DE LA CRUZ,42391300,1,1,2,1,1,1,1,408,627033,9712571,-79.85729398,-2.59992248,SI,SI
9,GUAYAS,390,GUAYAQUIL,4120,TENGUEL,1,TENGUEL,754,ESCUELA DE EDUCACION BASICA FISCAL 24 DE MAYO,SI,BARRIO 12 DE JULIO,0,10,10,20,1,10,1,10,7000,634382,9668787,-79.79079106,-2.99588991,NO,NO
9,GUAYAS,390,GUAYAQUIL,4120,TENGUEL,1,TENGUEL,6386,COLEGIO FISCAL TECNICO PRIMERO DE JUNIO,NO,AV LEON FEBRES CORDERO CDLA 10 DE AGOSTO,0,4,5,9,11,14,11,15,2866,634396,9669111,-79.79066831,-2.99295918,NO,NO
9,GUAYAS,390,GUAYAQUIL,5055,AYACUCHO,0,,519,ESCUELA DE EDUCACION BASICA FISCAL DR. JUAN FEDERICO HEINERT,NO,GENERAL GOMEZ ENTRE CORONEL Y NOGUCHI,2403610,4,4,8,9,12,9,12,2800,623626,9755816,-79.88825385,-2.20878,NO,NO
9,GUAYAS,390,GUAYAQUIL,5055,AYACUCHO,0,,537,UNIDAD EDUCATIVA FISCAL 9 DE OCTUBRE,SI,ELOY ALFARO #1304 CALICUCHIMA,2410205,6,6,12,13,18,13,18,4200,623936.3031,9756120.058,-79.88546575,-2.20602756,NO,NO
9,GUAYAS,390,GUAYAQUIL,5055,AYACUCHO,0,,548,UNIDAD EDUCATIVA FISCAL CESAR BORJA LAVAYEN,SI,FRANCISCO DE MARCOS Y ELOY ALFARO,2405096,5,4,9,19,23,19,22,2896,624003,9756040,-79.8848655,-2.20675127,NO,NO
9,GUAYAS,390,GUAYAQUIL,5055,AYACUCHO,0,,7888,UNIDAD EDUCATIVA MERCEDES CALDERON ANTES HOGAR CALDERON,SI,"GRAL. JOSÉ A.GÓMEZ 601, GUAYAQUIL 090314",0,8,8,16,1,8,1,8,5600,623616.9589,9755794.782,-79.888335,-2.20897199,NO,NO
9,GUAYAS,390,GUAYAQUIL,5125,BOLIVAR/SAGRARIO,0,,106,ESCUELA DE EDUCACION BASICA FISCAL REPUBLICA DE CUBA,SI,CAPITAN NAJERA 1322 Y JUAN PIO MONTUFAR,2400357,8,8,16,9,16,9,16,5600,623347.595,9756783.213,-79.89076365,-2.20003299,NO,NO
9,GUAYAS,390,GUAYAQUIL,5125,BOLIVAR/SAGRARIO,0,,561,ESCUELA DE EDUCACION BASICA FISCAL REPUBLICA DEL URUGUAY,SI,RUMICHACA Y CALICUCHIMA,2402227,8,8,16,1,8,1,8,5600,623605.7655,9756178.058,-79.88843822,-2.20550516,NO,NO
9,GUAYAS,390,GUAYAQUIL,5125,BOLIVAR/SAGRARIO,0,,4621,ESCUELA DE EDUCACION BASICA FISCAL REPUBLICA DE CHILE,NO,LORENZO DE GARAICOA Y CALICUCHIMA,401939,3,3,6,17,19,17,19,2071,623571.7561,9756184.023,-79.88874406,-2.20545143,NO,NO
9,GUAYAS,390,GUAYAQUIL,5170,CARBO/CONCEPCION,0,,60,UNIDAD EDUCATIVA FISCAL HUANCAVILCA,SI,ROCAFUERTE 128 Y GENERAL VERNAZA,4301932,6,6,12,25,30,25,30,4200,624770.698,9758684.389,-79.87798046,-2.1828264,NO,NO
9,GUAYAS,390,GUAYAQUIL,5170,CARBO/CONCEPCION,0,,101,UNIDAD EDUCATIVA PARTICULAR JOSE DOMINGO SANTISTEVAN,SI,AV PEDRO MENENDEZ GILBERT Y LUIS BUITRON - PUERTO SANTA ANA,4311088,10,10,20,1,10,1,10,7000,624842.5391,9759058.308,-79.87733701,-2.17944366,NO,NO
9,GUAYAS,390,GUAYAQUIL,5170,CARBO/CONCEPCION,0,,824,UNIDAD EDUCATIVA SAN JOSE DE LA BENEFICENCIA DE SEÑORAS,NO,LUIS URDANETA 205 ENTRE BAQUERIZO MORENO Y CORDOVA,2310133,2,3,5,36,37,36,38,1427,624416,9757996,-79.88116512,-2.18905558,NO,NO
9,GUAYAS,390,GUAYAQUIL,5170,CARBO/CONCEPCION,0,,781,ESCUELA FISCAL GONZALO LLONA,SI,JACINTO MORAN DE BUITRON Y ROCAFUERTE,0,8,8,16,11,18,11,18,5600,624852.2352,9758782.728,-79.87724798,-2.18193633,NO,NO
9,GUAYAS,390,GUAYAQUIL,5170,CARBO/CONCEPCION,0,,793,CENTRO DE EDUCACION FISCAL ABDON CALDERON,NO,JACINTO MORAN DE BUITRON Y DIEGO NOBOA,0,6,6,12,19,24,19,24,4200,624959,9758585,-79.87628668,-2.18372414,NO,NO
9,GUAYAS,390,GUAYAQUIL,5170,CARBO/CONCEPCION,0,,5960,UNIDAD EDUCATIVA ENRIQUE GIL GILBERT,SI,CALLE ESCOBEDO 1513 Y VICTOR MANUEL RENDON,0,5,5,10,31,35,31,35,3500,624214,9757886,-79.88298067,-2.19005194,NO,NO
9,GUAYAS,390,GUAYAQUIL,5355,FEBRES CORDERO,1,FEBRES CORDERO,143,ESCUELA DE EDUCACION BASICA FISCAL MANUEL BENJAMIN CARRION,NO,GARCIA GOYENA 809 Y LA 34,2472950,4,4,8,147,150,147,150,2800,618861,9756605,-79.93110461,-2.20167465,NO,NO
9,GUAYAS,390,GUAYAQUIL,5355,FEBRES CORDERO,1,FEBRES CORDERO,144,COLEGIO DE BACHILLERATO FEBRES CORDERO,SI,LA 29 AVA( ASSAD BUCARAM) Y LA J,0,0,16,16,0,0,245,260,5600,617954,9754673,-79.93924775,-2.21915664,NO,NO
9,GUAYAS,390,GUAYAQUIL,5355,FEBRES CORDERO,1,FEBRES CORDERO,186,UNIDAD EDUCATIVA PARTICULAR CORAZON DE MARIA,NO,29 AVA Y LA E,2844232,2,6,8,239,240,239,244,2533,618357,9755050,-79.93562645,-2.21574383,NO,NO
9,GUAYAS,390,GUAYAQUIL,5355,FEBRES CORDERO,1,FEBRES CORDERO,53,UNIDAD EDUCATIVA FISCAL CIUDAD DE ESMERALDAS,SI,O´CONNOR ENTRE LA 29 Y 31,2666272,16,16,32,185,200,185,200,11200,618650,9755512,-79.93299482,-2.21156285,NO,NO
9,GUAYAS,390,GUAYAQUIL,5355,FEBRES CORDERO,1,FEBRES CORDERO,147,UNIDAD EDUCATIVA FISCAL COMANDANTE RAFAEL MORAN VALVERDE,SI,ASSAD BUCARAM 29 A ENTRE LA E Y LA F,2668081,10,10,20,229,238,229,238,7000,618305,9755083,-79.93609424,-2.21544566,NO,NO
9,GUAYAS,390,GUAYAQUIL,5355,FEBRES CORDERO,1,FEBRES CORDERO,205,UNIDAD EDUCATIVA FISCOMISIONAL FE Y ALEGRIA,SI,CALLE 42 Y LA C,2841983,12,12,24,201,212,201,212,8400,617975,9755541,-79.9390645,-2.21130491,NO,NO
9,GUAYAS,390,GUAYAQUIL,5355,FEBRES CORDERO,1,FEBRES CORDERO,207,UNIDAD EDUCATIVA CORONEL LUCIANO CORAL,SI,SAN MARTIN 4880 ENTRE LA 23 Y LA 24,2479831,10,10,20,65,74,65,74,7000,620018,9756923,-79.92070322,-2.19879062,NO,NO
9,GUAYAS,390,GUAYAQUIL,5355,FEBRES CORDERO,1,FEBRES CORDERO,208,UNIDAD EDUCATIVA FISCAL JUAN EMILIO MURILLO LANDIN,SI,CALLE 40 42 AVA ENTRE LA L Y LA M,2842288,0,14,14,0,0,261,274,4699,617499.373,9754606.076,-79.94333528,-2.21976495,NO,NO
9,GUAYAS,390,GUAYAQUIL,5355,FEBRES CORDERO,1,FEBRES CORDERO,278,UNIDAD EDUCATIVA STABILE,NO,MALDONADO 4519 Y LA 26 AVA,2471113,4,4,8,61,64,61,64,2800,619902,9757229,-79.92174825,-2.19602343,NO,NO
9,GUAYAS,390,GUAYAQUIL,5355,FEBRES CORDERO,1,FEBRES CORDERO,209,UNIDAD EDUCATIVA CARLOS ARMANDO ROMERO RODAS,SI,CALLE B Y LA 42,2847100,12,12,24,213,224,213,224,8400,617949,9755621,-79.9392988,-2.21058142,NO,NO
9,GUAYAS,390,GUAYAQUIL,5355,FEBRES CORDERO,1,FEBRES CORDERO,213,ESCUELA DE EDUCACION BASICA FISCAL LEONARDO R AULESTIA,SI,LA 22 Y CALLE CUENCA,2462476,10,10,20,51,60,51,60,7000,620238.9773,9757374.772,-79.91871919,-2.19470265,NO,NO
9,GUAYAS,390,GUAYAQUIL,5355,FEBRES CORDERO,1,FEBRES CORDERO,264,ESCUELA DE EDUCACIÓN BÁSICA COMPLETA FISCAL CARMEN SUCRE,SI,CALLE 34 ENTRE VENEZUELA Y COLOMBIA,0,12,12,24,123,134,123,134,8400,618983,9756852,-79.93000921,-2.19943959,NO,NO
9,GUAYAS,390,GUAYAQUIL,5355,FEBRES CORDERO,1,FEBRES CORDERO,281,ESCUELA DE EDUCACIÓN BÁSICA FISCAL FRANCISCO DE ORELLANA,NO,CALLE 19 ENTRE PORTETE Y ARGENTINA,2476728,4,4,8,47,50,47,50,2800,620322.2053,9756691.055,-79.91796638,-2.2008867,NO,NO
9,GUAYAS,390,GUAYAQUIL,5355,FEBRES CORDERO,1,FEBRES CORDERO,289,UNIDAD EDUCATIVA JULIO MARIA MATOVELLE,SI,FEBRES CORDERO 3613 Y LA 13,4546999,8,8,16,25,32,25,32,5600,621097.5563,9757231.244,-79.91099819,-2.1959953,NO,NO
9,GUAYAS,390,GUAYAQUIL,5355,FEBRES CORDERO,1,FEBRES CORDERO,130,UNIDAD EDUCATIVA FISCAL ROBERTO ILLINGWORTH,SI,EL ORO Y LA 26,2471954,12,12,24,135,146,135,146,8400,619545,9756223,-79.92495177,-2.20512561,NO,NO
9,GUAYAS,390,GUAYAQUIL,5355,FEBRES CORDERO,1,FEBRES CORDERO,313,UNIDAD EDUCATIVA PARTICULAR MIXTA SAN LUIS REY DE FRANCIA,SI,ARGENTINA 4119 ENTRE SALINAS (18 AVA) Y SAMBORONDÓN (19 AVA) NO. 4119,2460055,6,6,12,41,46,41,46,4200,620410.9106,9756719.262,-79.91716895,-2.20063097,NO,NO
9,GUAYAS,390,GUAYAQUIL,5355,FEBRES CORDERO,1,FEBRES CORDERO,567,ESCUELA DE EDUCACION BASICA MERCEDES MORENO IRIGOYEN,SI,CALLE(11AVA) ENTRE ARGENTINA Y PORTETE,2364200,12,12,24,1,12,1,12,8400,621143.0371,9756504.71,-79.91058447,-2.20256688,NO,NO
9,GUAYAS,390,GUAYAQUIL,5355,FEBRES CORDERO,1,FEBRES CORDERO,4629,ESCUELA DE EDUCACION BASICA DOCTORA ISABEL RAMIREZ ESTRADA,SI,33 AVA ENTRE CALICUCHIMA Y FRANCISCO DE MARCO,2462959,12,12,24,85,96,85,96,8400,619167.5218,9757312.334,-79.928353,-2.1952744,NO,NO
9,GUAYAS,390,GUAYAQUIL,5355,FEBRES CORDERO,1,FEBRES CORDERO,5320,ESCUELA DE EDUCACION BASICA PERLA DEL PACIFICO,SI,37 E/FRANCISCO DE MARCOS Y CALICUCHIMA,0,10,10,20,113,122,113,122,7000,618831,9757421,-79.93137961,-2.19429363,NO,NO
9,GUAYAS,390,GUAYAQUIL,5355,FEBRES CORDERO,1,FEBRES CORDERO,5343,ESCUELA DE EDUCACION BASICA ESTERO SALADO,SI,40 AVA Y ARGENTINA,42476862,10,10,20,103,112,103,112,7000,618498.4111,9757240.136,-79.934369,-2.1959318,NO,NO
9,GUAYAS,390,GUAYAQUIL,5355,FEBRES CORDERO,1,FEBRES CORDERO,5344,ESCUELA DE EDUCACION BASICA COMPLETA PARTICULAR CARDENAL RICHARD CUSHING,SI,30 AVA GOMEZ RENDON E/ MALDONADO,2471201,10,10,20,75,84,75,84,7000,619496,9757375,-79.92539982,-2.19470542,NO,NO
9,GUAYAS,390,GUAYAQUIL,5355,FEBRES CORDERO,1,FEBRES CORDERO,5895,UNIDAD EDUCATIVA FISCAL NUMA POMPILIO LLONA,SI,GOMEZ RENDON Y FEDERICO GODIN,42364514,12,12,24,13,24,13,24,8400,621182.6143,9756954.312,-79.91023156,-2.19849973,NO,NO
9,GUAYAS,390,GUAYAQUIL,5355,FEBRES CORDERO,1,FEBRES CORDERO,6008,UNIDAD EDUCATIVA FISCAL OTTO AROSEMENA GOMEZ,SI,"CALLE 29 Y O""CONNOR",0,16,16,32,159,174,159,174,11200,618716,9755292,-79.93239994,-2.21355246,NO,NO
9,GUAYAS,390,GUAYAQUIL,5355,FEBRES CORDERO,1,FEBRES CORDERO,6154,ESCUELA DE EDUCACION BASICA No.337 LUIS VARGAS TORRES,SI,CALLE BALZAR 16 ava 700 y MALDONADO ESQUINA,0,8,8,16,33,40,33,40,5600,620736.6319,9756995.874,-79.91424197,-2.19812672,NO,NO
9,GUAYAS,390,GUAYAQUIL,5355,FEBRES CORDERO,1,FEBRES CORDERO,6156,ESCUELA DE EDUCACION BASICA AURORA PITA DE CASTRO,SI,LA 34ava ENTRE PORTE Y ARGENTINA,0,6,6,12,97,102,97,102,4200,619052,9757033,-79.92938994,-2.19780189,NO,NO
9,GUAYAS,390,GUAYAQUIL,5355,FEBRES CORDERO,1,FEBRES CORDERO,6157,ESCUELA DE EDUCACION BASICA FISCAL DR. FRANCISCO ROVIRA SUAREZ,SI,CALLE PALTAS (LA CH) ENTRE LA 27ava Y LA 28ava,0,10,10,20,175,184,175,184,7000,618732,9755012,-79.93225426,-2.21608512,NO,NO
9,GUAYAS,390,GUAYAQUIL,5355,FEBRES CORDERO,1,FEBRES CORDERO,6160,ESCUELA DE EDUCACION BASICA FISCAL ABEL ROMEO CASTILLO,SI,CALLE 35ava Y CHAMBERS,0,8,8,16,151,158,151,158,5600,618724,9756062,-79.93233298,-2.20658729,NO,NO
9,GUAYAS,390,GUAYAQUIL,5355,FEBRES CORDERO,1,FEBRES CORDERO,5916,ESCUELA DE EDUCACION BASICA PARTICULAR SOL EN LOS ANDES,NO,SEDALANA Y LA 30,0,4,4,8,225,228,225,228,2800,619105.042,9755911.24,-79.92890575,-2.20794853,NO,NO
9,GUAYAS,390,GUAYAQUIL,5380,GARCIA MORENO,1,GARCIA MORENO,225,ESCUELA DE EDUCACION BASICA FISCAL VICTOR EMILIO ESTRADA ICAZA,SI,LOS RIOS Y BOLIVIA,0,10,10,20,11,20,11,20,7000,622254,9755736,-79.90058993,-2.20951287,NO,NO
9,GUAYAS,390,GUAYAQUIL,5380,GARCIA MORENO,1,GARCIA MORENO,588,UNIDAD EDUCATIVA FISCAL REPUBLICA DE VENEZUELA,SI,"Q3WX+3WQ, Y, AV. ARGENTINA, TULCÁN",0,10,10,20,21,30,21,30,7000,622304,9756264,-79.90014385,-2.20473652,NO,NO
9,GUAYAS,390,GUAYAQUIL,5380,GARCIA MORENO,1,GARCIA MORENO,599,ESCUELA DE EDUCACION BASICA PARTICULAR MONSEÑOR JOSE MASNINI,SI,LOS RIOS 4106 ENTRE EL ORO Y AZUAY,42387215,8,8,16,31,38,31,38,5600,622164.9243,9755563.273,-79.90138972,-2.21107588,NO,NO
9,GUAYAS,390,GUAYAQUIL,5380,GARCIA MORENO,1,GARCIA MORENO,216,UNIDAD EDUCATIVA FISCAL JOSE ALFREDO LLERENA,SI,ORIENTE ENTRE 25 DE JULIO Y AV. MACHALA,2584464,12,7,19,63,74,63,69,6435,622392.7672,9754518.721,-79.89933404,-2.22052284,NO,NO
9,GUAYAS,390,GUAYAQUIL,5380,GARCIA MORENO,1,GARCIA MORENO,528,ESCUELA DE EDUCACION BASICA FISCAL GABRIEL PINO ROCA,SI,ESMERALDAS NO 3301 ENTRE ARGENTINA Y GENERAL GOMEZ,2366750,10,10,20,1,10,1,10,7000,622468,9756178,-79.89866864,-2.20551333,NO,NO
9,GUAYAS,390,GUAYAQUIL,5380,GARCIA MORENO,1,GARCIA MORENO,532,UNIDAD EDUCATIVA SALESIANA FISCOMISIONAL DOMINGO SAVIO,SI,TULCAN 4502 Y ROSENDO AVILES,3715500,8,8,16,47,54,47,54,5600,621957,9755250,-79.90325724,-2.21391098,NO,NO
9,GUAYAS,390,GUAYAQUIL,5380,GARCIA MORENO,1,GARCIA MORENO,7932,UNIDAD EDUCATIVA FISCAL ANA PAREDES DE ALFARO,SI,EL ORO ENTRE QUITO Y MACHALA,0,8,8,16,39,46,39,46,5600,622670,9755438,-79.89684738,-2.21220564,NO,NO
9,GUAYAS,390,GUAYAQUIL,5380,GARCIA MORENO,1,GARCIA MORENO,7936,ESCUELA DE EDUCACION BASICA DR JOSE BAQUERIZO MALDONADO,SI,ESMERALDAS Y ROSENDO AVILES,0,8,8,16,55,62,55,62,5600,622170.909,9755137.9,-79.90133308,-2.21492355,NO,NO
9,GUAYAS,390,GUAYAQUIL,5585,LETAMENDI,1,LETAMENDI,466,UNIDAD EDUCATIVA DANTE ALIGHIERI,SI,GUERRERO MARTINEZ 1001 CUENCA Y FEBRES CORDERO,369540,14,14,28,15,28,15,28,9800,621750,9757061,-79.90513051,-2.19753093,NO,NO
9,GUAYAS,390,GUAYAQUIL,5585,LETAMENDI,1,LETAMENDI,470,UNIDAD EDUCATIVA SANTA MARÍA GORETTI,SI,GUERRERO MARTINEZ 1003 Y CAPITÁN NÁJERA,2361458,14,14,28,1,14,1,14,9800,621797.8875,9757131.75,-79.90470039,-2.19689064,NO,NO
9,GUAYAS,390,GUAYAQUIL,5585,LETAMENDI,1,LETAMENDI,476,ESCUELA DE EDUCACIÓN BÁSICA FISCAL CLUB DE LEONES,SI,TULCÁN ENTRE MALDONADO Y CALICUCHIMA,2365946,8,8,16,49,56,49,56,5600,622400,9756555,-79.89928258,-2.20210363,NO,NO
9,GUAYAS,390,GUAYAQUIL,5585,LETAMENDI,1,LETAMENDI,479,ESCUELA MUNICIPAL DE AUDICION Y LENGUAJE,SI,CALICUCHIMA ENTRE CARCHI Y TULCÁN,2363851,6,6,12,43,48,43,48,4200,622352,9756543,-79.8997141,-2.2022125,NO,NO
9,GUAYAS,390,GUAYAQUIL,5585,LETAMENDI,1,LETAMENDI,510,UNIDAD EDUCATIVA FISCAL CAMILO DESTRUGE,SI,ARGENTINA ENTRE LA 9NA Y LA 10MA,2370290,8,8,16,29,36,29,36,5600,621280,9756546,-79.90935321,-2.20219249,NO,NO
9,GUAYAS,390,GUAYAQUIL,5585,LETAMENDI,1,LETAMENDI,591,UNIDAD EDUCATIVA FISCAL PROVINCIA DE LOS RIOS,SI,OCTAVA Y CAMILO DESTRUGE,0,10,10,20,87,96,87,96,7000,621201,9756162,-79.91006103,-2.20566649,NO,NO
9,GUAYAS,390,GUAYAQUIL,5585,LETAMENDI,1,LETAMENDI,524,UNIDAD EDUCATIVA FISCAL CARLOS JULIO AROSEMENA TOLA,SI,GUERRERO VALENZUELA ENTRE SAN MARTIN Y LETAMENDI,2363442,10,10,20,77,86,77,86,7000,621862,9756455,-79.90411945,-2.20301177,NO,NO
9,GUAYAS,390,GUAYAQUIL,5585,LETAMENDI,1,LETAMENDI,536,ESCUELA FISCAL BASICA JORGE GUZMAN ORTEGA,SI,CALICUCHIMA Y GUERRERO MARTINEZ,2373880,6,6,12,37,42,37,42,4200,621589,9756693,-79.90657575,-2.20086075,NO,NO
9,GUAYAS,390,GUAYAQUIL,5585,LETAMENDI,1,LETAMENDI,545,ESCUELA DE EDUCACION BÁSICA FISCAL CLEMENCIA CORONEL DE PINCAY,SI,CAMILO DESTRUGE ENTRE ABEL CASTILLO Y GUERRERO VALENZUELA,2364125,10,10,20,97,106,97,106,7000,621766,9756005,-79.90497967,-2.20708289,NO,NO
9,GUAYAS,390,GUAYAQUIL,5585,LETAMENDI,1,LETAMENDI,5901,ESCUELA DE EDUCACION BASICA FISCAL PEDRO J MENENDEZ NAVARRO.,SI,CALLE BOLIVIA Y CALLE GALLEGOS LARA.,0,7,3,10,107,113,107,109,3140,621624,9755931,-79.90625601,-2.2077532,NO,NO
9,GUAYAS,390,GUAYAQUIL,5585,LETAMENDI,1,LETAMENDI,7931,UNIDAD EDUCATIVA ASSAD BUCARAM ELMAHALIN,SI,CLARO JOSE BLACIO POTES TERCER CALLEJON SEDALANA ) Y LA 8VA,0,14,14,28,57,70,57,70,9800,621029.8,9754948.92,-79.91159242,-2.21664059,NO,NO
9,GUAYAS,390,GUAYAQUIL,5585,LETAMENDI,1,LETAMENDI,7968,ESCUELA DE EDUCACION BASICA ESPERANZA CAPUTI OLVERA,SI,LIZARDO GARCIA Y CAMILO DESTRUJE,0,6,6,12,71,76,71,76,4200,621931.7,9755998.7,-79.9034897,-2.20713877,NO,NO
9,GUAYAS,390,GUAYAQUIL,5695,9 DE OCTUBRE,0,,197,UNIDAD EDUCATIVA FISCAL RITA LECUMBERRY,SI,GARCIA MORENO ENTRE HURTADO Y VELEZ,2530186,10,10,20,1,10,1,10,7000,623288,9757910,-79.89130702,-2.18984106,NO,NO
9,GUAYAS,390,GUAYAQUIL,5695,9 DE OCTUBRE,0,,203,UNIDAD EDUCATIVA FISCAL ATI II PILLAHUASO,SI,ANTEPARA 1400 ENTRE 10 DE AGOSTO Y CLEMENTE BALLÉN,0,6,5,11,11,16,11,15,3781,623177,9757566,-79.8923028,-2.19295345,NO,NO
9,GUAYAS,390,GUAYAQUIL,5720,OLMEDO/SAN ALEJO,0,,779,UNIDAD EDUCATIVA PARTICULAR LA PROVIDENCIA,SI,ELOY ALFARO 1003 y GOMEZ RENDON,0,11,10,21,9,19,9,18,7305,624085,9756289,-79.88412986,-2.20449839,NO,NO
9,GUAYAS,390,GUAYAQUIL,5720,OLMEDO/SAN ALEJO,0,,4604,UNIDAD EDUCATIVA SANTA MARIANA DE JESUS,SI,CHIMBORAZO 1819 Y MALDONADO,42402525,8,8,16,1,8,1,8,5600,623906.265,9756249.788,-79.88573672,-2.20485429,NO,NO
9,GUAYAS,390,GUAYAQUIL,5880,ROCA,0,,189,UNIDAD EDUCATIVA SAN AGUSTIN,SI,"PEDRO MONCAYO,525 Y LUIS URDANETA",42566011,8,8,16,1,8,1,8,5600,623699,9758204,-79.88761345,-2.18717894,NO,NO
9,GUAYAS,390,GUAYAQUIL,5880,ROCA,0,,752,UNIDAD EDUCATIVA SANTO HERMANO MIGUEL LA SALLE,SI,TOMAS MARTINEZ ENTRE BAQUERIZO MORENO Y ESCOBEDO,42563085,11,10,21,9,19,9,18,6908,624367,9758316,-79.88160785,-2.18616136,NO,NO
9,GUAYAS,390,GUAYAQUIL,5890,ROCAFUERTE,0,,89,ESCUELA DE EDUCACIÓN BÁSICA PARTICULAR LA MEDALLA MILAGROSA,NO,CALLE CACIQUE ALVAREZ N 206ENTRE CALIXTO ROMERO Y AYACUCHO,4617115,4,4,8,24,27,24,27,2735,623889,9756957,-79.88589671,-2.19845736,NO,NO
9,GUAYAS,390,GUAYAQUIL,5890,ROCAFUERTE,0,,726,ESCUELA DE EDUCACION BASICA FISCAL REPUBLICA DE MEXICO,SI,PEDRO PABLO GOMEZ ENTRE PIO MONTUFAR Y PEDRO MONCAYO,2412216,8,8,16,16,23,16,23,5600,623389,9757156,-79.89039385,-2.19666067,NO,NO
9,GUAYAS,390,GUAYAQUIL,5890,ROCAFUERTE,0,,124,FACULTAD DE CIENCIAS MATEMÁTICAS Y FÍSICA,SI,P.ICAZA ENTRE CORDOVA Y BAQUERIZO MORENO,0,15,15,30,1,15,1,15,10500,624322,9757854,-79.88200937,-2.19034066,NO,NO
9,GUAYAS,390,GUAYAQUIL,6095,SUCRE,0,,94,UNIDAD EDUCATIVA FISCOMISIONAL STA. MARIA MAZZARELLO,SI,"DR.PEDRO VICENTE MALDONADO 1403, ENTRE TUNGURAHUA Y CARCHI",2365322,5,5,10,17,21,17,21,3347,622859.7762,9756464.672,-79.89514783,-2.20291762,NO,NO
9,GUAYAS,390,GUAYAQUIL,6095,SUCRE,0,,108,UNIDAD EDUCATIVA FISCAL GUAYAQUIL,SI,GOMEZ RENDÓN ENTRE QUITO Y JOSE DE ANTEPARA,2363170,16,16,32,1,16,1,16,11200,622984,9756529,-79.89403128,-2.20233491,NO,NO
9,GUAYAS,390,GUAYAQUIL,6150,TARQUI,1,TARQUI,722,UNIVERSIDAD DE GUAYAQUIL FACULTAD DE CIENCIAS MATEMÁTICAS,SI,AV. KENNEDY Y AV. DELTA,2283348,6,6,12,211,216,211,216,4200,622603,9758633,-79.89747103,-2.18330574,NO,NO
9,GUAYAS,390,GUAYAQUIL,6150,TARQUI,1,TARQUI,732,UNIVERSIDAD DE GUAYAQUIL FACULTAD DE JURISPRUDENCIA,SI,AV. DELTA Y AV. KENNEDY,0,6,6,12,199,204,199,204,4200,622523,9758639,-79.89819039,-2.183252,NO,NO
9,GUAYAS,390,GUAYAQUIL,6150,TARQUI,1,TARQUI,741,UNIVERSIDAD DE GUAYAQUIL FACULTAD DE INGENIERÍA QUÍMICA,SI,DENTRO DE LA UNIVERSIDAD ESTATAL EN LA PARTE DE ATRAS,2292949,6,6,12,193,198,193,198,4200,622415,9758760,-79.89916228,-2.18215821,NO,NO
9,GUAYAS,390,GUAYAQUIL,6150,TARQUI,1,TARQUI,81,UNIDAD EDUCATIVA DELFOS,SI,AV. RAUL GOMEZ LINCES (LAS AGUAS) MZ P S 1,2935186,6,6,12,341,346,341,346,4200,620910,9761195,-79.91271034,-2.16014221,NO,NO
9,GUAYAS,390,GUAYAQUIL,6150,TARQUI,1,TARQUI,513,CEBI UNIDAD EDUCATIVA PARTICULAR INTERAMERICANO,SI,CDLA. KENNEDY NORTE MIGUEL H ALCIVAR Y LUIS ORRANTIA N.106,3713530,6,6,12,61,66,61,66,4200,622630,9761695,-79.89724832,-2.15560825,NO,NO
9,GUAYAS,390,GUAYAQUIL,6150,TARQUI,1,TARQUI,590,ESCUELA DE EDUCACION BASICA FISCAL No. 167 REPÚBLICA DE ARGENTINA,SI,GARCIA MORENO Y MANUEL GALECIO ESQUINA,0,6,6,12,259,264,259,264,4200,623437,9758415,-79.88997063,-2.1852721,NO,NO
9,GUAYAS,390,GUAYAQUIL,6150,TARQUI,1,TARQUI,601,UNIDAD EDUCATIVA SANTA LUISA DE MARILLAC,SI,PIEDRAHITA Y AV. DEL EJERCITO,2282247,8,8,16,265,272,265,272,5600,623370.9635,9758569.286,-79.89056543,-2.18387695,NO,NO
9,GUAYAS,390,GUAYAQUIL,6150,TARQUI,1,TARQUI,506,COLEGIO FISCAL DE BACHILLERATO SIMÓN BOLIVAR,SI,AV DE LAS AMÉRICAS Y AV ERNESTO NOBOA CAAMAÑO,2283055,10,10,20,135,144,135,144,7000,623022,9759551,-79.89370963,-2.1749992,NO,NO
9,GUAYAS,390,GUAYAQUIL,6150,TARQUI,1,TARQUI,607,UNIVERSIDAD LAICA VICENTE ROCAFUERTE DE GUAYAQUIL,SI,AV. DE LAS AMERICAS,2596500,10,10,20,113,122,113,122,7000,623348,9759441,-79.89077768,-2.17599204,NO,NO
9,GUAYAS,390,GUAYAQUIL,6150,TARQUI,1,TARQUI,611,UNIVERSIDAD DE GUAYAQUIL FACULTAD DE ARQUITECTURA,SI,AV. DELTA Y ESTEROS,2293096,10,10,20,217,226,217,226,7000,622790,9758542,-79.89578901,-2.18412764,NO,NO
9,GUAYAS,390,GUAYAQUIL,6150,TARQUI,1,TARQUI,616,UNIDAD EDUCATIVA LICEO CRISTIANO DE GUAYAQUIL,NO,AV BENJAMIN CARRION Y JUAN TANCA MARENGO KM 3 1/2,2591720,0,12,12,0,0,458,469,4200,621120,9762757,-79.91083217,-2.14601171,NO,NO
9,GUAYAS,390,GUAYAQUIL,6150,TARQUI,1,TARQUI,645,UNIDAD EDUCATIVA 28 DE MAYO,SI,AV. CARLOS JULIO AROSEMENA Y PARAISO KM. 3 1/2,0,18,18,36,301,318,301,318,12600,620129.3579,9760216.315,-79.9197232,-2.169,NO,NO
9,GUAYAS,390,GUAYAQUIL,6150,TARQUI,1,TARQUI,661,UNIVERSIDAD DE GUAYAQUIL FACULTAD DE INGENIERÍA INDUSTRIAL,SI,AV RAUL GOMEZ LINCE Y AV. JUAN TANCA MARENGO,2658189,0,20,20,0,0,470,489,7000,620913,9762563,-79.91269214,-2.14776788,NO,NO
9,GUAYAS,390,GUAYAQUIL,6150,TARQUI,1,TARQUI,522,UNIVERSIDAD TECNOLOGICA ECOTEC CAMPUS GUAYAQUIL,SI,AV. JUAN TANCA MARENGO KM 2 1/2,3703700,12,12,24,49,60,49,60,8400,622073,9762303,-79.90226047,-2.15011222,NO,NO
9,GUAYAS,390,GUAYAQUIL,6150,TARQUI,1,TARQUI,526,UNIDAD EDUCATIVA FISCAL FAE N°2,SI,CDLA. LA FAE CORONEL LUIS LOPEZ MORALES Y CAPITAN RODRIGO ROJAS SECTOR 1,0,10,10,20,81,90,81,90,7000,623947,9760332,-79.88539769,-2.16792854,NO,NO
9,GUAYAS,390,GUAYAQUIL,6150,TARQUI,1,TARQUI,538,UNIDAD EDUCATIVA PARTICULAR LA DOLOROSA,SI,CDLA . VIEJA KENEDDY Y AV. ABEL GILBERT PONTON CESAR ANDRADE LOPEZ,2390319,6,6,12,165,170,165,170,4200,622414,9759207,-79.89917421,-2.17811487,NO,NO
9,GUAYAS,390,GUAYAQUIL,6150,TARQUI,1,TARQUI,764,UNIVERSIDAD DE GUAYAQUIL FACULTAD DE CIENCIAS QUÍMICAS,SI,AV. DELTA Y AV. KENNEDY,2293680,6,6,12,187,192,187,192,4200,622268,9758821,-79.90048444,-2.1816074,NO,NO
9,GUAYAS,390,GUAYAQUIL,6150,TARQUI,1,TARQUI,769,UNIVERSIDAD DE GUAYAQUIL FACULTAD DE ECONOMÍA,SI,AV. KENNEDY Y AV.DELTA,2292628,6,6,12,205,210,205,210,4200,622603,9758572,-79.89747063,-2.18385751,NO,NO
9,GUAYAS,390,GUAYAQUIL,6150,TARQUI,1,TARQUI,663,UNIDAD EDUCATIVA MATILDE AMADOR SANTISTEVAN,SI,CDLA. KENEDDY VIEJA CALLE FRANCISCO URBINAJADO Y FRANCISCO ARIZAGA LUQUE,2390955,10,10,20,155,164,155,164,7000,622285.854,9759421.542,-79.90032784,-2.17617508,NO,NO
9,GUAYAS,390,GUAYAQUIL,6150,TARQUI,1,TARQUI,540,UNIVERSIDAD DE GUAYAQUIL FACULTAD DE CIENCIAS ADMINISTRATIVAS,SI,AV.DELTA Y AV .KENEDDY,2281898,10,10,20,227,236,227,236,7000,622746,9758685,-79.89618558,-2.18283442,NO,NO
9,GUAYAS,390,GUAYAQUIL,6150,TARQUI,1,TARQUI,550,UNIDAD EDUCATIVA BIBLICA CRISTIANA SENDERO DE FE,SI,CDLA. KENNEDY VIEJA - AV. SAN JORGE,4611740,10,10,20,171,180,171,180,7000,622478,9759078,-79.8985979,-2.17928132,NO,NO
9,GUAYAS,390,GUAYAQUIL,6150,TARQUI,1,TARQUI,566,UNIDAD EDUCATIVA PARTICULAR GIUSEPPE GARIBALDI,SI,AV. DE LAS AMÉRICAS Y ALEJANDRO ANDRADE COELLO,2395376,8,8,16,73,80,73,80,5600,623202,9760184,-79.89209534,-2.16927222,NO,NO
9,GUAYAS,390,GUAYAQUIL,6150,TARQUI,1,TARQUI,575,UNIDAD EDUCATIVA FISCAL PRESIDENTE VELASCO IBARRA,SI,"CDLA. ATARAZANA CUARTO PASAJE 2 , CALLEJON 1 NORESTE Y SEGUNDO CALLEJON CALLE NICASIO ZAFARI",0,10,10,20,91,100,91,100,7000,623987,9759854,-79.88503486,-2.172252,NO,NO
9,GUAYAS,390,GUAYAQUIL,6150,TARQUI,1,TARQUI,627,COLEGIO FISCAL DR FRANCISCO CAMPOS COELLO,SI,CDLA. ATARAZANA MZ F-1Y F-2,0,12,12,24,101,112,101,112,8400,623946,9759600,-79.88540183,-2.17454982,NO,NO
9,GUAYAS,390,GUAYAQUIL,6150,TARQUI,1,TARQUI,631,UNIDAD EDUCATIVA FISCAL AGUIRRE ABAD,SI,AV. DR LUIS CORDERO ENTRE SUFRAGIO LIBRE Y LUIS ORTEGA,2282207,12,12,24,123,134,123,134,8400,623358.99,9759285.56,-79.89067783,-2.17739799,NO,NO
9,GUAYAS,390,GUAYAQUIL,6150,TARQUI,1,TARQUI,635,UNIVERSIDAD DE GUAYAQUIL FACULTAD PILOTO DE ODONTOLOGÍA,SI,AV. DELTA Y AV. KENNEDY,2391048,6,6,12,237,242,237,242,4200,622657,9758931,-79.89698745,-2.18060982,NO,NO
9,GUAYAS,390,GUAYAQUIL,6150,TARQUI,1,TARQUI,671,UNIDAD EDUCATIVA PASIONISTA,SI,AV. EL LIBERTADOR Y SIMON BOLIVAR,42292151,10,10,20,243,252,243,252,7000,622911,9758756,-79.89470245,-2.1821911,NO,NO
9,GUAYAS,390,GUAYAQUIL,6150,TARQUI,1,TARQUI,714,UNIVERSIDAD DE GUAYAQUIL FACULTAD DE EDUCACIÓN FÍSICA,SI,AV KENNEDY Y AV DELTA,0,6,6,12,181,186,181,186,4200,622357,9759060,-79.89968576,-2.17944494,NO,NO
9,GUAYAS,390,GUAYAQUIL,6150,TARQUI,1,TARQUI,794,ESCUELA FISCAL N° 312 EMILIO CLEMENTE HUERTA,SI,PIEDRAHITA Y TULCAN,2292540,6,6,12,253,258,253,258,4200,623053,9758555,-79.89342432,-2.1840083,NO,NO
9,GUAYAS,390,GUAYAQUIL,6150,TARQUI,1,TARQUI,4339,UNIDAD EDUCATIVA FISCAL JUAN MONTALVO,SI,KM 1.5 AV. CARLOS JULIO AROSEMENA,0,10,10,20,287,296,287,296,7000,621712,9759069,-79.90548537,-2.17936778,NO,NO
9,GUAYAS,390,GUAYAQUIL,6150,TARQUI,1,TARQUI,4622,UNIDAD EDUCATIVA ILEANA ESPINEL CEDEÑO,SI,AV. MIGUEL H ALCIVAR Y CALLE BENITO JUAREZ,0,10,10,20,145,154,145,154,7000,622919.286,9759720.176,-79.8946343,-2.1734696,NO,NO
9,GUAYAS,390,GUAYAQUIL,6150,TARQUI,1,TARQUI,4635,UNIDAD EDUCATIVA MARISCAL SUCRE,SI,AV. JUAN TANCA MARENGO KM 4 1/2,3728250,0,12,12,0,0,446,457,4200,620368.2812,9763082.427,-79.91759323,-2.14307287,NO,NO
9,GUAYAS,390,GUAYAQUIL,6150,TARQUI,1,TARQUI,4640,UNIVERSIDAD DEL RIO,SI,AV. CARLOS JULIO AROSEMENA KM 4 1/2,2202020,8,8,16,359,366,359,366,5600,624015,9764607,-79.88481432,-2.12925874,NO,NO
9,GUAYAS,390,GUAYAQUIL,6150,TARQUI,1,TARQUI,4598,UNIVERSIDAD CATÓLICA SANTIAGO DE GUAYAQUIL,SI,AV. CARLOS JULIO AROSEMENA 1 1/2,3804600,14,14,28,273,286,273,286,9800,621908.6444,9758894.698,-79.90371609,-2.18094314,NO,NO
9,GUAYAS,390,GUAYAQUIL,6150,TARQUI,1,TARQUI,5210,UNIDAD EDUCATIVA FISCAL DR. TEODORO ALVARADO OLEA,SI,CDLA MIRAFLORES - AV. LAS BRISAS Y CALLE CUARTA,42203776,12,12,24,347,358,347,358,8400,620082,9760979,-79.9201539,-2.16210139,NO,NO
9,GUAYAS,390,GUAYAQUIL,6150,TARQUI,1,TARQUI,5336,UNIDAD EDUCATIVA ANDRES BELLO LOPEZ UEB,SI,AV. VELASCO IBARRA Y CALLE TERCERA,220167,4,4,8,297,300,297,300,2800,621054,9758815,-79.91140017,-2.18166966,NO,NO
9,GUAYAS,390,GUAYAQUIL,6150,TARQUI,1,TARQUI,5337,UNIDAD EDUCATIVA REPLICA AGUIRRE ABAD,SI,KM 5 1/2 VIA A DAULE,0,10,10,20,367,376,367,376,7000,618946,9761836,-79.93037368,-2.15435659,NO,NO
9,GUAYAS,390,GUAYAQUIL,6150,TARQUI,1,TARQUI,6005,UNIDAD EDUCATIVA FISCAL JOSE MIGUEL GARCIA MORENO,SI,SAUCES 5 AREA COMUNAL,0,10,10,20,7,16,7,16,7000,623176,9765360,-79.89236281,-2.12245296,NO,NO
9,GUAYAS,390,GUAYAQUIL,6150,TARQUI,1,TARQUI,5993,UNIDAD EDUCATIVA FISCAL TECNICO PROVINCIA DE BOLIVAR,SI,SAUCES 5 AREA COMUNAL,2827954,14,14,28,17,30,17,30,9800,623225,9765319,-79.89192197,-2.12282351,NO,NO
9,GUAYAS,390,GUAYAQUIL,6150,TARQUI,1,TARQUI,5912,UNIDAD EDUCATIVA LEON DE FEBRES CORDERO,SI,CDLA. SIMON BOLIVAR,0,6,6,12,67,72,67,72,4200,623690,9761907,-79.88771885,-2.15368364,NO,NO
9,GUAYAS,390,GUAYAQUIL,6150,TARQUI,1,TARQUI,6909,UNIDAD EDUCATIVA PARTICULAR SAN BENILDO LA SALLE,SI,LA PROSPERINA CALLE 4TA Y AV. 12,2261326,10,10,20,429,438,429,438,7000,618207.7446,9764380.101,-79.93702757,-2.13134829,NO,NO
9,GUAYAS,390,GUAYAQUIL,6150,TARQUI,1,TARQUI,6081,ESCUELA DE EDUCACION BASICA FISCAL CARMEN WITHER NAVARRO,SI,SAUCES 3 MZ. 161F - AREA COMUNAL,0,10,10,20,31,40,31,40,7000,623474,9764773,-79.88967964,-2.12776073,NO,NO
9,GUAYAS,390,GUAYAQUIL,6150,TARQUI,1,TARQUI,6082,ESCUELA FISCAL No.402 DON RUPERTO ARTETA MONTES,SI,SAUCES 8 MZ. 485F - AREA COMUNAL,2178020,8,8,16,41,48,41,48,5600,621995,9764648,-79.90297687,-2.12890098,NO,NO
9,GUAYAS,390,GUAYAQUIL,6150,TARQUI,1,TARQUI,6952,ESCUELA DE EDUCACION BASICA FISCAL REPUBLICA DE EL SALVADOR,SI,CDLA EL LIMONAL MZ-2394 SL 01,0,6,6,12,1,6,1,6,4200,624494.6643,9764446.158,-79.88050052,-2.13071049,NO,NO
9,GUAYAS,390,GUAYAQUIL,6150,TARQUI,1,TARQUI,7286,UNIDAD EDUCATIVA FISCAL PEDRO FRANCO DAVILA,NO,URDESA CENTRAL - AV. ENRIQUE ORTEGA E ILANES,0,6,6,12,329,334,329,334,4200,620946.321,9761012.513,-79.91238259,-2.16179267,NO,NO
9,GUAYAS,390,GUAYAQUIL,6150,TARQUI,1,TARQUI,7248,ESCUELA DE EDUCACION BASICA DR. TEODORO ALVARADO OLEA,NO,MAPASINGUE OESTE AV. 3ERA ENTRE CALLE 3ERA Y 4TA SL.-428,0,4,4,8,397,400,397,400,2800,618394.599,9761206.799,-79.93532764,-2.16005159,NO,NO
9,GUAYAS,390,GUAYAQUIL,6150,TARQUI,1,TARQUI,7249,ESCUELA DE EDUCACION BASICA FISCAL VICENTE RAMON ROCA,SI,KM 6 1/2 VIA A DAULE - AV. 42 PROSPERINA COOP. 29 DE ABRIL,0,10,10,20,387,396,387,396,7000,618003.914,9762723.358,-79.93884999,-2.14633584,NO,NO
9,GUAYAS,390,GUAYAQUIL,6150,TARQUI,1,TARQUI,7960,UNIDAD EDUCATIVA FISCAL VICTOR HUGO MORA BARREZUETA,SI,COOP. PANCHO JACOME MZ 239 SL.01,0,14,7,21,439,452,439,445,7080,617218.13,9764769.84,-79.94592797,-2.127829,NO,NO
9,GUAYAS,390,GUAYAQUIL,6150,TARQUI,1,TARQUI,8191,ESCUELA DE EDUCACION BASICA FISCCAL ENRIQUE GRAU RUIZ,NO,URDESA NORTE CALLE 2DA Y TERCERA,0,6,6,12,335,340,335,340,4200,621884,9760882,-79.90395064,-2.16296713,NO,NO
9,GUAYAS,390,GUAYAQUIL,6150,TARQUI,1,TARQUI,8197,UNIDAD EDUCATIVA PARTICULAR FRANCISCO HUERTA RENDON,SI,AV LAS AGUAS,95984549,0,22,22,0,0,490,511,7512,620845,9762217,-79.91330134,-2.15089808,NO,NO
9,GUAYAS,390,GUAYAQUIL,6150,TARQUI,1,TARQUI,8201,FACULTAD DE CIENCIAS DE LA COMUNICACION SOCIAL (FACSO),NO,EUGENIO ESPEJO Y HECTOR TOSCANO,0,10,10,20,319,328,319,328,7000,620089,9761274,-79.92009285,-2.1594329,NO,NO
9,GUAYAS,390,GUAYAQUIL,6150,TARQUI,1,TARQUI,7941,ESCUELA DE EDUCACION BASICA FISCAL SOCIEDAD ITALIANA GARIBALDI,SI,LA PROSPERINA COOP. 29 DE ABRIL MZ 1325 SL.-34,0,10,10,20,401,410,401,410,7000,617800.37,9762907.4,-79.9406813,-2.14467234,NO,NO
9,GUAYAS,390,GUAYAQUIL,6150,TARQUI,1,TARQUI,7944,UNIDAD EDUCATIVA FISCAL DR LUIS FELIPE BORJA PEREZ,SI,LA PROSPERINA COOP. 29 DE ABRIL MZ 1325 SL.-35,0,8,8,16,411,418,411,418,5600,617786.6,9762990.2,-79.94080562,-2.14392344,NO,NO
9,GUAYAS,390,GUAYAQUIL,6150,TARQUI,1,TARQUI,7966,UNIDAD EDUCATIVA FISCAL CAMILO PONCE ENRIQUEZ,SI,LA PROSPERINA AV. 7MA Y CALLE 9NA,0,10,10,20,419,428,419,428,7000,617741.5,9763668.2,-79.94121535,-2.13779079,NO,NO
9,GUAYAS,390,GUAYAQUIL,6150,TARQUI,1,TARQUI,7939,UNIDAD EDUCATIVA FISCAL CLARA BRUNO DE PIANA,SI,MAPASINGUE OESTE KM 5.5 VIA A DAULE,0,10,10,20,377,386,377,386,7000,618294.7,9762016.9,-79.93623098,-2.15272436,NO,NO
9,GUAYAS,390,GUAYAQUIL,6185,URDANETA,0,,727,UNIDAD EDUCATIVA FISCAL VICENTE ROCAFUERTE,SI,VELEZ 2203 Y LIZARDO GARCIA,0,20,20,40,1,20,1,20,14000,622524.62,9757965.14,-79.89817138,-2.18934738,NO,NO
9,GUAYAS,390,GUAYAQUIL,6185,URDANETA,0,,5899,UNIDAD EDUCATIVA FISCAL DR. RAUL CLEMENTE HUERTA RENDON,SI,CALLE 10 DE AGOSTO Y TENIENTE LEDESMA,2363764,8,8,16,27,34,27,34,5600,621884,9757758,-79.90393022,-2.19122532,NO,NO
9,GUAYAS,390,GUAYAQUIL,6185,URDANETA,0,,7938,ESCUELA DE EDUCACION BASICA BARBARA ALFARO,SI,GALLEGO LARA 406 ENTRE COLON Y ALCEDO,0,6,6,12,21,26,21,26,4200,621991.8,9757550.4,-79.90295956,-2.19310245,NO,NO
9,GUAYAS,390,GUAYAQUIL,6185,URDANETA,0,,8192,ESCUELA FISCAL ROSA BORJA DE IZQUIERDO,NO,AV. AYACUCHO ENTRE LEONIDAS PLAZA Y GUERRERO MARTINEZ,42370231,4,2,6,35,38,35,36,1737,621875,9757351.14,-79.90400847,-2.19490564,NO,NO
9,GUAYAS,390,GUAYAQUIL,3030,PUNA,5,PUERTO ROMA,5230,UNIDAD EDUCATIVA FISCAL VICTOR NARANJO FIALLOS,NO,S/N,0,2,1,3,1,2,1,1,780,624239.9583,9722011.942,-79.88248901,-2.51454799,SI,SI
9,GUAYAS,430,SALITRE,1595,JUNQUILLAL,2,EL LAUREL DE SALITRE,1387,ESCUELA DE EDUCACION BASICA MATILDE HIDALGO DE PROCEL (EX MARIO EULALIO AVILES ),NO,Av. ZOILA ALVARADO Y LA 3ERA SECTOR 6,0,2,2,4,1,2,1,2,1022,621605,9802824,-79.90670707,-1.78358061,NO,NO
9,GUAYAS,390,GUAYAQUIL,3030,PUNA,1,PUNA,805,ESCUELA DE EDUCACION BASICA FISCAL NICOLAS AUGUSTO GONZALEZ,SI,AV. TARQUI Y CALLE AYACUCHO,2742318,6,6,12,1,6,1,6,4200,621368.964,9697110.798,-79.90811413,-2.73981249,SI,SI
9,GUAYAS,385,EL EMPALME,6225,VELASCO IBARRA,2,ATILIO VÉLEZ,1137,ESCUELA DE EDUCACIÓN BÁSICA 2 DE MAYO,NO,AV. QUEVEDO CDLA 2 DE MAYO,0,2,2,4,1,2,1,2,838,652004,9884400,-79.63388271,-1.04556909,NO,NO
9,GUAYAS,385,EL EMPALME,6225,VELASCO IBARRA,3,29 DE OCTUBRE,1946,ESCUELA DE EDUCACIÓN BÁSICA CESAR BORJA LAVAYEN,NO,CESAR BORJA Y AV QUITO,0,2,2,4,1,2,1,2,866,651274,9884666,-79.64044329,-1.04316606,NO,NO
9,GUAYAS,395,YAGUACHI,6285,YAGUACHI NUEVO,2,CENTENARIO,6344,UNIDAD EDUCATIVA LIC. MARY FRECIA RODRIGUEZ ALVARADO,NO,AV. CENTENARIO Y MANUEL PAZ RUIZ,,2,2,4,1,2,1,2,848,645441,9768083,-79.6922019,-2.09766669,NO,NO
9,GUAYAS,940,NOBOL / PIEDRAHITA,6460,NARCISA DE JESUS,2,PETRILLO,749,UNIDAD EDUCATIVA PETRILLO,NO,KM 30 VIA GUAYAQUIL- DAULE - COMUNA PETRILLO,0,4,3,7,1,4,1,3,2376,609961,9782261,-80.01127726,-1.9696502,NO,NO
9,GUAYAS,510,NARANJITO,5705,NARANJITO,2,SAN FRANCISCO,626,UNIDAD EDUCATIVA RIO AMAZONAS,NO,VIA BUCAY - RECINTO LOS AMARILLOS,0,2,2,4,1,2,1,2,982,682838,9763398,-79.3559688,-2.13971626,NO,NO
9,GUAYAS,390,GUAYAQUIL,6405,PASCUALES,9,PUENTE LUCIA,570,UNIDAD EDUCATIVA FISCAL PATRIA ECUATORIANA,NO,AV. VIRGEN DEL MONSERRATE SL.6 Y CALLE 4 DE ABRIL,42119337,5,4,9,1,5,1,4,2669,612785,9780635,-79.98587876,-1.98434329,NO,NO
9,GUAYAS,390,GUAYAQUIL,6150,TARQUI,25,ALBORADA ESTE,638,UNIDAD EDUCATIVA PARTICULAR EMANUEL,SI,ALBORADA 9NA ETAPA MZ.955 SL.9 AV. ISIDRO AYORA,2237733,4,4,8,1,4,1,4,2800,622804,9764129,-79.89569961,-2.13359037,NO,NO
9,GUAYAS,390,GUAYAQUIL,6150,TARQUI,25,ALBORADA ESTE,5913,ESCUELA DE EDUCACION BASICA PARTICULAR NUEVA ALBORADA,NO,CDLA. ALBORADA 11ava ETAPA AV. BENJAMIN CARRION E ISIDRO AYORA,2174087,5,2,7,5,9,5,6,2116,622594,9764369,-79.89758932,-2.13142082,NO,NO
9,GUAYAS,390,GUAYAQUIL,3030,PUNA,1,PUNA,813,ESCUELA DE EDUCACION BASICA VICTOR EMILIO ESTRADA,NO,AV TARQUI Y MALECON,0,3,4,7,7,9,7,10,1916,621389,9697288,-79.90793535,-2.73820945,SI,SI
9,GUAYAS,415,BALZAR,5100,BALZAR,2,LA GUAYAQUIL,746,ESCUELA DE EDUCACIÓN BÁSICA ELOY ALFARO,NO,RECINTO LA GUAYAQUIL,0,4,4,8,1,4,1,4,2687,638309,9868617,-79.75688444,-1.18837994,NO,NO
9,GUAYAS,390,GUAYAQUIL,6150,TARQUI,8,MARTHA ROLDOS,619,UNIDAD EDUCATIVA FISCAL MARTHA BUCARAM DE ROLDOS,SI,CDLA MARTHA DE ROLDOS S1 MZ 140,23080084,12,12,24,1,12,1,12,8400,619561,9763249,-79.92485286,-2.14157126,NO,NO
9,GUAYAS,390,GUAYAQUIL,6150,TARQUI,8,MARTHA ROLDOS,637,ESCUELA DE EDUCACION BASICA FISCAL BENJAMIN ROSALES ASPIAZU,SI,AV JUAN TANCA MARENGO. CDLA.MARTHA DE ROLDOS,3081354,15,7,22,27,41,27,33,7564,620006,9763052,-79.92085045,-2.14335041,NO,NO
9,GUAYAS,390,GUAYAQUIL,6150,TARQUI,8,MARTHA ROLDOS,7891,INSTITUCION EDUCATIVA DR ALFREDO PAREJA DIEZCANCESO,SI,CDLA MARTHA BUCARAMN DE ROLDO MZ 5/4 SL 06,0,10,10,20,17,26,17,26,7000,623926.2154,9747884.768,-79.88550007,-2.28051955,NO,NO
9,GUAYAS,390,GUAYAQUIL,6150,TARQUI,8,MARTHA ROLDOS,7906,ESCUELA DE EDUCACION BASICA ROSA ELENA VICUÑA,NO,CDLA SANTA ADRIANA MZ B-O4 SL 04,0,4,4,8,13,16,13,16,2800,619265,9763148,-79.92751368,-2.14248674,NO,NO
9,GUAYAS,390,GUAYAQUIL,6150,TARQUI,9,EL CONDOR,729,ESCUELA DE EDUCACION BÁSICA FISCAL N- 40 SIMÓN BOLÍVAR,SI,CDLA. LOS ALAMOS NORTE MZ 16 SL 1,0,10,5,15,17,26,17,21,5003,620910,9763999,-79.91272827,-2.1347785,NO,NO
9,GUAYAS,390,GUAYAQUIL,6150,TARQUI,9,EL CONDOR,560,UNIDAD EDUCATIVA PROCER LEÓN DE FEBRES CORDERO,SI,COLINAS DE LA ALBORADA S.1 MZ.727 AV. GUILLERMO CUBILLO Y CALLE TRANSVERSAL PRIMER CALLEJON G,0,6,6,12,6,11,6,11,4200,620424,9764927,-79.91710392,-2.12638732,NO,NO
9,GUAYAS,390,GUAYAQUIL,6150,TARQUI,9,EL CONDOR,559,ESCUELA FISCAL MIXTA MATUTINA No.454 SUB. OFC. EDISON MENDOZA ENRIQUEZ,NO,COOP. BRISAS DEL NORTE S 5-6 MZ 2063,0,5,5,10,12,16,12,16,3500,620622,9764639,-79.91532183,-2.12899118,NO,NO
9,GUAYAS,390,GUAYAQUIL,6150,TARQUI,9,EL CONDOR,5898,UNIDAD EDUCATIVA PARTICULAR NUEVA CALIFORNIA,SI,COLINAS DE ALBORADA MZ. 988 SL.17,2185423,5,5,10,1,5,1,5,3500,621137,9765123,-79.91069439,-2.12460985,NO,NO
9,GUAYAS,390,GUAYAQUIL,6405,PASCUALES,3,EL PARAISO DE LA FLOR,516,ESCUELA DE EDUCACION BASICA FISCAL NESTOR CAMPUZANO MENDOZA,SI,PARAISO DE LA FLOR BLOQUE 6 MZ.328 SL.9,0,8,8,16,15,22,15,22,5600,616253.257,9767901.825,-79.95462247,-2.09950402,NO,NO
9,GUAYAS,390,GUAYAQUIL,6405,PASCUALES,3,EL PARAISO DE LA FLOR,6901,INSTITUCION EDUCATIVA 26 DE NOVIEMBRE,SI,PARAISO DE LA FLOR BLOQUE 6 MZ 314 SL.-11,0,6,6,12,9,14,9,14,4200,616790.22,9767881.389,-79.94979439,-2.09968563,NO,NO
9,GUAYAS,390,GUAYAQUIL,6405,PASCUALES,3,EL PARAISO DE LA FLOR,7910,ESCUELA FISCAL BASICA DRA MARITZA THALIA ALBAN QUINONEZ DE ARROBO,NO,COOP PARAISO DE LA FLOR BLOQUE 10 MZ 424 SL 8,0,8,3,11,27,34,27,29,3568,615900.4631,9767597.101,-79.9577927,-2.10226259,NO,NO
9,GUAYAS,390,GUAYAQUIL,6405,PASCUALES,3,EL PARAISO DE LA FLOR,7914,ESCUELA DE EDUCACION BASICA HUMBERTO MORE,SI,PARAISO DE LA FLOR BLOQUE 3 MZ 233 SL.-7-8,0,8,8,16,1,8,1,8,5600,614749.1156,9767078.201,-79.9681417,-2.10696333,NO,NO
9,GUAYAS,390,GUAYAQUIL,6405,PASCUALES,3,EL PARAISO DE LA FLOR,7894,UNIDAD EDUCATIVA PAQUISHA,NO,PARAISO DE LA FLOR AV MODESTO PONCE LUQUE BLOQUE 9 MZ 398 SL.-08,0,4,4,8,23,26,23,26,2800,615988.5912,9767636.255,-79.95700055,-2.10190788,NO,NO
9,GUAYAS,390,GUAYAQUIL,6405,PASCUALES,7,FLOR DE BASTIÓN,610,ESCUELA DE EDUCACIÓN BÁSICA PARTICULAR LEV VIGOTSKY,SI,FLOR DE BASTIÓN BLOQUE 1 SL.4 MZ.514 AV. MODESTO LUQUE,0,7,7,14,1,7,1,7,4900,615643,9767158,-79.96010499,-2.10623611,NO,NO
9,GUAYAS,390,GUAYAQUIL,6405,PASCUALES,7,FLOR DE BASTIÓN,633,UNIDAD EDUCATIVA FERMIN VERA ROJAS,SI,FLOR DE BASTIÓN BLOQUE 6 ETAPA 1 MZ.869,0,14,14,28,16,29,16,29,9800,615525,9768293,-79.96117274,-2.09596996,NO,NO
9,GUAYAS,390,GUAYAQUIL,6405,PASCUALES,7,FLOR DE BASTIÓN,665,UNIDAD EDUCATIVA FISCAL AGUSTIN CASTRO ESPINOZA,SI,FLOR DE BASTIÓN BLOQUE 17 MZ. 1252 SL. 8,0,14,4,18,38,51,38,41,5891,614985,9766588,-79.96601786,-2.11139613,NO,NO
9,GUAYAS,390,GUAYAQUIL,6405,PASCUALES,7,FLOR DE BASTIÓN,5178,UNIDAD EDUCATIVA FISCAL ARNULFO JARAMILLO SIERRA,SI,FLOR DE BASTIÓN SL.B BLOQUE 5 MZ 766B,0,8,8,16,30,37,30,37,5600,614853.4,9768246.6,-79.96721099,-2.0963937,NO,NO
9,GUAYAS,390,GUAYAQUIL,6405,PASCUALES,7,FLOR DE BASTIÓN,7246,ESCUELA DE EDUCACION BASICA FISCAL LUIS FELIX LOPEZ,SI,FLOR DE BASTION - SECTOR TIWINSA ENTRE BLOQUE 3B Y BLOQUE 12,0,8,8,16,8,15,8,15,5600,614738,9767821,-79.96824606,-2.10024424,NO,NO
9,GUAYAS,390,GUAYAQUIL,6150,TARQUI,10,JUAN MONTALVO,700,UNIDAD EDUCATIVA PARTICULAR FUTUROS NAVEGANTES,SI,COOP JUAN MONTALVO CDLA LOTES DE ALEGRIA MZ 5 SL 8,0,9,9,18,1,9,1,9,6300,619242,9765539,-79.92773545,-2.12085888,NO,NO
9,GUAYAS,390,GUAYAQUIL,6150,TARQUI,10,JUAN MONTALVO,730,UNIDAD EDUCATIVA FISCAL FICOA DE MONTALVO,SI,COOP. FICOA DE MONTALVO MZ.2162 SECTOR NORTE KM 8 1/2 VÍA A DAULE,0,8,8,16,16,23,16,23,5600,619653,9765115,-79.92403738,-2.12469162,NO,NO
9,GUAYAS,390,GUAYAQUIL,6150,TARQUI,10,JUAN MONTALVO,750,UNIDAD EDUCATIVA FISCAL JOSE MARTINEZ QUEIROLO,SI,COOP JUAN MONTALVO MZ 1764 SL1- KM 8 1/2 VIA A DAULE,0,17,9,26,24,40,24,32,8692,620172,9765502,-79.91937334,-2.12118771,NO,NO
9,GUAYAS,390,GUAYAQUIL,6150,TARQUI,10,JUAN MONTALVO,7267,ESCUELA DE EDUCACION BASICA FISCAL HUMBERTO GARCIA ORTIZ,NO,KM. 8.5 VIA A DAULE LOTES ALEGRIA MZ 1530 SL.-01,0,6,6,12,10,15,10,15,4200,619667.865,9765880.1,-79.92390851,-2.11777075,NO,NO
9,GUAYAS,390,GUAYAQUIL,6150,TARQUI,11,LA PROSPERINA,738,ACADEMIA NAVAL ALMIRANTE ILLINGWORT,SI,AV. JOSE GOMEZ GAULT - KM 8 1/2 VIA A DAULE,3703300,15,15,30,1,15,1,15,10500,618863,9764618,-79.93113742,-2.12919225,NO,NO
9,GUAYAS,390,GUAYAQUIL,6150,TARQUI,11,LA PROSPERINA,763,UNIDAD EDUCATIVA AMERICANO DE GUAYAQUIL,SI,AV. JUAN TANGA MARENGO KM 6 1/2 VIA A DAULE,3711070,10,10,20,16,25,16,25,7000,618933,9763442,-79.93050067,-2.13982943,NO,NO
9,GUAYAS,390,GUAYAQUIL,6150,TARQUI,11,LA PROSPERINA,6968,ESCUELA DE EDUCACION BASICA FISCAL ELIAS RIVERO GONGORA,SI,COOP. JULIO CARTAGENA MZ 2032 SL.-01,0,6,6,12,26,31,26,31,4200,619675.3861,9764652.648,-79.92383321,-2.12887373,NO,NO
9,GUAYAS,390,GUAYAQUIL,6150,TARQUI,11,LA PROSPERINA,7928,UNIDAD EDUCATIVA PROF. WHASHINGTON YANEZ ALOMOTO,SI,SECTOR LA PROSPERINA COOP. SANTA CECILIA AV 9NA ENTRE CALLE 3ERA Y 4TA,0,9,1,10,32,40,32,32,3392,618154,9763790,-79.93750715,-2.13668645,NO,NO
9,GUAYAS,390,GUAYAQUIL,6405,PASCUALES,4,LAS ORQUIDEAS - MUCHO LOTE,650,UNIDAD EDUCATIVA FISCAL SARAH FLOR JIMENEZ,SI,URBANIZACION COLINAS DEL MAESTRO MZ.646 S.4,2167159,10,10,20,1,10,1,10,7000,620996.225,9770248.35,-79.91199222,-2.07824914,NO,NO
9,GUAYAS,390,GUAYAQUIL,6405,PASCUALES,4,LAS ORQUIDEAS - MUCHO LOTE,659,UNIDAD EDUCATIVA FISCAL DOLORES CACUANGO,SI,CDLA ORQUIDEAS MZ 1024 S 47,0,9,9,18,18,26,18,26,6300,620672.905,9769290.723,-79.91489326,-2.08691343,NO,NO
9,GUAYAS,390,GUAYAQUIL,6405,PASCUALES,4,LAS ORQUIDEAS - MUCHO LOTE,51,UNIDAD EDUCATIVA LEMAS,SI,CIUDADELA MUCHO LOTE ETAPA 1 MZ.2301 S.01 AV. MANUEL GOMEZ LINCE,2073746,7,7,14,11,17,11,17,4900,619971,9769484,-79.92120532,-2.08516949,NO,NO
9,GUAYAS,390,GUAYAQUIL,6405,PASCUALES,4,LAS ORQUIDEAS - MUCHO LOTE,1781,UNIDAD EDUCATIVA PARTICULAR MIXTA NUEVO CONTINENTE,NO,CDLA LAS ORQUIDEAS S 29-30-31 MZ 1051,2891224,4,4,8,33,36,33,36,2800,620426,9768879,-79.91711065,-2.09063924,NO,NO
9,GUAYAS,390,GUAYAQUIL,6405,PASCUALES,4,LAS ORQUIDEAS - MUCHO LOTE,642,UNIDAD EDUCATIVA FISCAL GENERAL PEDRO J MONTERO,NO,CDLA ORQUIDEAS MZ.1021 SL. 44,2897638,6,6,12,27,32,27,32,4200,620715.14,9769323.5,-79.91451373,-2.08661668,NO,NO
9,GUAYAS,390,GUAYAQUIL,6405,PASCUALES,4,LAS ORQUIDEAS - MUCHO LOTE,5919,UNIDAD EDUCATIVA REPUBLICA DE FILIPINAS,SI,AV. FRANCISCO DE ORELLANA LOTIZACION MUCHO LOTE 1 MZ 2576 SL.-1B,0,17,3,20,45,61,45,47,6624,620845,9768653,-79.91334198,-2.09268091,NO,NO
9,GUAYAS,390,GUAYAQUIL,6405,PASCUALES,4,LAS ORQUIDEAS - MUCHO LOTE,8187,UNIDAD EDUCATIVA PARTICULAR PAULO FREIRE,NO,LAS ORQUIDEAS MZ 1071 SL 9....16,0,4,4,8,37,40,37,40,2800,620252,9769096,-79.91867644,-2.08867743,NO,NO
9,GUAYAS,390,GUAYAQUIL,6405,PASCUALES,4,LAS ORQUIDEAS - MUCHO LOTE,8246,UNIDAD EDUCATIVA MUNDIAL,NO,MUCHO LOTE 1 ETAPA 3 MZ 2412 V 2,0,4,4,8,41,44,41,44,2800,620178,9769169,-79.91934223,-2.08801756,NO,NO
9,GUAYAS,420,MILAGRO,5660,MILAGRO,3,ESTATAL,980,UNIVERSIDAD ESTATAL DE MILAGRO,SI,CDLA UNIVERSITARIA KM 1.5 VIA KM 26,2715079,7,5,12,1,7,1,5,3949,655284,9762292,-79.60366421,-2.14996639,NO,NO
9,GUAYAS,420,MILAGRO,5660,MILAGRO,4,ERNESTO SEMINARIO,554,UNIDAD EDUCATIVA FRANCISCANA SAN ANTONIO,SI,ESMERALDAS Y PRESIDENTE ESTRADA,2970010,12,9,21,1,12,1,9,7085,656626,9764378,-79.59161642,-2.13108855,NO,NO
9,GUAYAS,420,MILAGRO,5660,MILAGRO,5,OTTO AROSEMENA,6975,UNIDAD EDUCATIVA OTTO AROSEMENA GOMEZ,NO,KM 1 1/2 VIA A NARANJITO AV. ANGEL SEGARRA SEGOVIA,,4,3,7,1,4,1,3,2357,657837.5352,9763531.412,-79.58071749,-2.13873537,NO,NO
9,GUAYAS,420,MILAGRO,5660,MILAGRO,6,CHIRIJOS,952,ESCUELA FISCAL ADOLFO ALVAREZ ESCOBAR,SI,AV AMAZONAS ENTRE L. VARGAS TORRES Y ATAHUALPA,2710257,9,7,16,1,9,1,7,5232,657377,9765246,-79.58487195,-2.12323177,NO,NO
9,GUAYAS,95,BALAO,5470,BALAO,3,SAN CARLOS,7922,ESCUELA DE EDUCACION BASICA DOCE DE OCTUBRE,NO,"SAN CARLOS, BALAO",42751544,2,2,4,1,2,1,2,903,643453.3195,9678988.535,-79.70928455,-2.90352589,NO,NO
9,GUAYAS,435,NARANJAL,3370,SAN CARLOS,2,PUERTO INCA,7949,ESCUELA DE EDUCACIÓN BASICA MARCEL LANIADO DE WIND,NO,PANAMERICANA SUR,,2,2,4,1,2,1,2,934,661351.1603,9719030.461,-79.54871571,-2.54118299,NO,NO
9,GUAYAS,675,PALESTINA,5725,PALESTINA,2,MACUL DE PALESTINA,7952,UNIDAD EDUCATIVA PEDRO VICENTE MALDONADO,NO,ENTRADA A MACUL,,1,1,2,1,1,1,1,327,626007.1194,9821746.249,-79.86723446,-1.6123962,SI,SI
9,GUAYAS,870,SANTA LUCIA,6580,SANTA LUCIA,4,EL MATE,7942,ESCUELA DE EDUCACION BASICA MARIETA DE VEINTIMILLA,NO,NUEVE DE OCTUBRE SAN FRANCISCO DE ASIS,,2,1,3,1,2,1,1,803,610438.3335,9804414.421,-80.00709832,-1.76925112,NO,NO
9,GUAYAS,870,SANTA LUCIA,6580,SANTA LUCIA,5,CABUYAL,7940,UNIDAD EDUCATIVA CABUYAL,NO,KM 5.5 SANTA LUCÍA CABUYAL HACIENDA LA DIANA,,1,1,2,1,1,1,1,575,622164,9808634,-79.90171269,-1.73102292,NO,NO
9,GUAYAS,986,ISIDRO AYORA,6710,ISIDRO AYORA,2,LAS MERCEDES,7904,ESCUELA FISCA MIXTA JACINTO GONZALEZ HUACON,NO,AV LAS MERCEDES,,1,1,2,1,1,1,1,353,594358.6,9784965,-80.15156854,-1.94526703,NO,NO
9,GUAYAS,986,ISIDRO AYORA,6710,ISIDRO AYORA,3,PUEBLO NUEVO,7935,ESCUELA DE EDUCACIÓN BASICA PUEBLO NUEVO,NO,AV PASTOR VILLON,,1,1,2,1,1,1,1,379,597421.5563,9798148.272,-80.12408953,-1.82599501,NO,NO
9,GUAYAS,920,LOMAS DE SARGENTILLO,6440,LOMAS DE SARGENTILLO,2,LAS CAÑAS,7948,UNIDAD EDUCATIVA TENIENTE GUSTAVO LEDESMA,NO,CALLE 12 DE MAYO,0,1,1,2,1,1,1,1,701,602469,9797881,-80.07871092,-1.82838994,NO,NO
9,GUAYAS,390,GUAYAQUIL,2940,POSORJA,2,DATA DE POSORJA,8007,ESCUELA DE EDUCACION BASICA PLUTARCO NARANJO,NO,RCTO DATA DE POSORJA BARRIO LAS ACACIAS KM 16 VIA POSORJA.,0,1,1,2,1,1,1,1,527,577691.8656,9699536.005,-80.30103902,-2.71816822,NO,SI
9,GUAYAS,395,YAGUACHI,4275,YAGUACHI VIEJO/CONE,2,EL DESEO,7943,ESCUELA DE EDUCACIÓN BASICA ANTONIO ANTE,NO,VIA MILAGRO KM 26,,2,1,3,1,2,1,1,793,652620.9287,9756717.831,-79.6275607,-2.20040419,NO,NO
9,GUAYAS,390,GUAYAQUIL,5585,LETAMENDI,4,LA CHALA,7946,ESCUELA DE EDUCACION BASICA FISCAL SARA PALMA DE BARANDEARAN,NO,CALLE 2DA PEATONAL 23 SOLAR 29,0,2,2,4,1,2,1,2,893,620677.6769,9755938.993,-79.91476515,-2.20768717,NO,NO
9,GUAYAS,390,GUAYAQUIL,6265,XIMENA,8,LOS ALMENDROS - SAIBA,100,UNIDAD EDUCATIVA FISCAL ELOY ALFARO,NO,CDLA 9 DE OCTUBRE AV RIGOBERTO ORTIZ ENTRE AVELLAN Y P. SAAD,0,5,3,8,5,9,5,7,2305,623045,9753027,-79.89345924,-2.23401177,NO,NO
9,GUAYAS,390,GUAYAQUIL,6265,XIMENA,8,LOS ALMENDROS - SAIBA,6888,UNIDAD EDUCATIVA PARTICULAR BALTASARA CALDERON DE ROCAFUERTE,NO,CDLA 9 DE OCTUBRE CALLE PEDRO SAAD NAYAIM Y ALBERTO AVELLAN VITE,98172084,4,4,8,1,4,1,4,2800,622928.2294,9753042.394,-79.89450933,-2.23387332,NO,NO
9,GUAYAS,390,GUAYAQUIL,5355,FEBRES CORDERO,2,PATRIA ECUATORIANA,206,UNIDAD EDUCATIVA PATRIA ECUATORIANA,SI,CALLE 40 Y PORTETE,2472287,14,14,28,1,14,1,14,9800,618449,9757016,-79.93481186,-2.19795957,NO,NO
9,GUAYAS,390,GUAYAQUIL,5355,FEBRES CORDERO,2,PATRIA ECUATORIANA,223,ESCUELA DE EDUCACION BASICA JORGE VILLACRÉS MOSCOSO,SI,GARCIA GOYENA Y LA 39,0,7,3,10,15,21,15,17,3414,618478,9756729,-79.93454925,-2.20055547,NO,NO
9,GUAYAS,390,GUAYAQUIL,5355,FEBRES CORDERO,3,BARRIO PUERTO LISA,5973,ESCUELA DE EDUCACION BASICA JAIME ALFONSO NEBOT VELASCO,SI,CALLE BOLIVIA ENTRE LA 13ava y 14ava,4601362,5,4,9,1,5,1,4,3175,620857,9756143,-79.91315406,-2.20584064,NO,NO
9,GUAYAS,390,GUAYAQUIL,5355,FEBRES CORDERO,4,BATALLÓN DEL SUBURBIO,787,UNIDAD EDUCATIVA FISCAL PROVINCIA DE AZUAY,SI,26-24AVA Y LA K,42057007,16,14,30,1,16,1,14,10366,618182,9754269,-79.93719498,-2.22280958,NO,NO
9,GUAYAS,390,GUAYAQUIL,5355,FEBRES CORDERO,5,HOSPITAL GUAYAQUIL,195,UNIDAD EDUCATIVA TEPEYAC - FE Y ALEGRIA,SI,CALLE 29 Y ORIENTE,2847984,20,16,36,1,20,1,16,12225,619161.2941,9755496.475,-79.92839726,-2.21169995,NO,NO
9,GUAYAS,390,GUAYAQUIL,5355,FEBRES CORDERO,6,LA Q,55,UNIDAD EDUCATIVA ALBERTO PERDOMO FRANCO,SI,24 AVA Y LA P,0,12,12,24,1,12,1,12,8400,617877,9753692,-79.93993379,-2.22803089,NO,NO
9,GUAYAS,390,GUAYAQUIL,5355,FEBRES CORDERO,6,LA Q,153,UNIDAD EDUCATIVA JORGE ICAZA CORONEL,SI,CALLE 24 AVA Y LA Q,2057521,12,7,19,13,24,13,19,6289,617783.5658,9753613.782,-79.94077344,-2.22873902,NO,NO
9,GUAYAS,95,BALAO,5470,BALAO,2,CIEN FAMILIAS,1127,ESCUELA DE EDUCACION BÁSICA REPUBLICA DEL ECUADOR,NO,AV PANAMERICANA KM 112 VIA A MACHALA,0,1,1,2,1,1,1,1,487,643813,9687562,-79.70613596,-2.82597719,NO,NO
9,GUAYAS,390,GUAYAQUIL,5380,GARCIA MORENO,2,GUAYAQUIL,594,UNIDAD EDUCATIVA SAN FRANCISCO DE ASIS,NO,CARCHI 2800 ENTRE SAN MARTIN Y ARGENTINA,2362803,3,2,5,1,3,1,2,1371,622209,9756301,-79.90099831,-2.20440247,NO,NO
9,GUAYAS,390,GUAYAQUIL,5585,LETAMENDI,2,4 DE NOVIEMBRE,530,ESCUELA DE EDUCACION BASICA FISCAL BOLIVARIANA,SI,CALLEJÓN OCTAVA CARLOS GUEVARA MORENO Y AV. 16 A,0,8,6,14,1,8,1,6,4478,621194.537,9755645.034,-79.91011574,-2.21034277,NO,NO
9,GUAYAS,390,GUAYAQUIL,5585,LETAMENDI,3,VIRGEN DEL SOTO,521,UNIDAD EDUCATIVA PARTICULAR GIOVANNI ANTONIO FARINA,SI,LA D Y NICOLAS SEGOVIA,3071539,7,5,12,1,7,1,5,4229,621103,9754469,-79.91093105,-2.22098123,NO,NO
9,GUAYAS,390,GUAYAQUIL,6150,TARQUI,18,SABANA GRANDE,535,ESCUELA DE EDUCACION BASICA FISCAL JOAQUIN GALLEGOS LARA,NO,SABANA GRANDE VIA AL PÙERTO,0,1,1,2,1,1,1,1,356,586713,9725796,-80.22003032,-2.48056293,SI,SI
9,GUAYAS,390,GUAYAQUIL,6150,TARQUI,19,CONSUELO,482,ESCUELA EDUCACION BASICA FISCAL ANTONIO NEUMANE,NO,RECINTO CONSUELO KM 40 VIA LA COSTA,0,1,1,2,1,1,1,1,510,590182,9747519,-80.18894425,-2.28403251,NO,NO
9,GUAYAS,390,GUAYAQUIL,6150,TARQUI,20,MAPASINGUE ESTE,684,UNIDAD EDUCATIVA FISCAL AUGUSTO MENDOZA MOREIRA,SI,MAPASINGUE ESTE CALLE 9na ENTRE LA TERCERA Y LA CUARTA,42000334,16,12,28,1,16,1,12,9655,619605,9761761,-79.92444783,-2.15503081,NO,NO
9,GUAYAS,390,GUAYAQUIL,6150,TARQUI,21,LOMAS DE LA FLORIDA,600,ESCUELA DE EDUCACIÓN BÁSICA FISCAL ENRIQUE GIL CALDERON,NO,COOP. LOMAS DE LA FLORIDA 2 MZ.891 SL.33 VIA PERIMETRAL / NORTE,0,5,1,6,7,11,7,7,1896,615803.594,9764254.095,-79.95864349,-2.13250295,NO,NO
9,GUAYAS,390,GUAYAQUIL,6150,TARQUI,21,LOMAS DE LA FLORIDA,8188,ESCUELA DE EDUCACION BASICA JOSE MARTINEZ QUEIROLO,SI,COOP. COLINAS DE LA FLORIDA 2 MZ 875 SL.-28,98293174,6,6,12,1,6,1,6,4200,616433,9764514,-79.95298582,-2.13014808,NO,NO
9,GUAYAS,390,GUAYAQUIL,6150,TARQUI,22,SAUCES OESTE,399,UNIDAD EDUCATIVA FISCAL PROVINCIA DEL CARCHI,SI,SAUCES VI MZ.259 ÁREA COMUNAL,0,7,7,14,1,7,1,7,4900,622694,9764917,-79.89669372,-2.12646323,NO,NO
9,GUAYAS,390,GUAYAQUIL,6150,TARQUI,22,SAUCES OESTE,6029,UNIDAD EDUCATIVA FISCAL EMMA ESPERANZA ORTIZ BERMEO,SI,SAUCES 6 MZ 259 SL.8 - AREA COMUNAL,0,6,3,9,8,13,8,10,2854,622628,9764837,-79.89728662,-2.1271873,NO,NO
9,GUAYAS,390,GUAYAQUIL,6150,TARQUI,23,SAMANES,7918,UNIDAD EDUCATIVA SADOWINSKI SCHOOL,NO,SAMANES 6 MZ 971 SL 1,0,5,5,10,1,5,1,5,3500,622102.7866,9766840.728,-79.9020217,-2.10906593,NO,NO
9,GUAYAS,390,GUAYAQUIL,6150,TARQUI,23,SAMANES,7899,UNIDAD EDUCATIVA CLAIRE BUCARAM DE AIVAS,SI,SAMANES 2-MZ 215 SL 913,0,9,6,15,6,14,6,11,5171,621988.196,9766675.854,-79.90305096,-2.11055803,NO,NO
9,GUAYAS,390,GUAYAQUIL,6150,TARQUI,24,ALBORADA OESTE,8207,CORPORACIÓN EDUCATIVA LICEO SAN FRANCISCO DE ASIS S.A.,NO,ALBORADA 10ma ETAPA AV. ELEODORO AVILES,0,5,4,9,1,5,1,4,2834,621521,9763651,-79.90723236,-2.13792242,NO,NO
9,GUAYAS,390,GUAYAQUIL,6150,TARQUI,26,GUAYACANES,618,UNIDAD EDUCATIVA ALBOHISPANO JEAN PIAGET,SI,"CDLA GUAYACANES MZ 97 A , B Y 98B / AV PRESIDENTE TAMAYO SL.1 AL 6",2820902,5,5,10,1,5,1,5,3500,624075,9765722,-79.88428209,-2.11917266,NO,NO
9,GUAYAS,390,GUAYAQUIL,6150,TARQUI,26,GUAYACANES,6061,ESCUELA DE EDUCACION BASICA FISCAL JOAQUIN GALLEGOS LARA,SI,SAUCES 4 MZ. 378 CALLE RIO DE JUBONES ENTRE PIO JARAMILLO Y CESAR CORDOVA,0,7,4,11,6,12,6,9,3501,623869,9765125,-79.8861304,-2.12457415,NO,NO
9,GUAYAS,390,GUAYAQUIL,6150,TARQUI,27,KENNEDY,652,UNIDAD EDUCATIVA NUESTRA MADRE DE MERCED,NO,AV. KENNEDY ENTRE CESAR ANDRADE Y FRANCISCO ARIZAGA,42390395,5,4,9,1,5,1,4,2928,622310,9759153,-79.90010897,-2.17860402,NO,NO
9,GUAYAS,390,GUAYAQUIL,6150,TARQUI,28,MIRAFLORES,6961,UNIDAD EDUCATIVA BILINGUE BOSTON,NO,"CDLA. MIRAFLORES BRISAS 104 Y LA, CALLE SEPTIMA",4618853,4,3,7,1,4,1,3,1970,620116.4565,9760924.109,-79.91984374,-2.16259768,NO,NO
9,GUAYAS,390,GUAYAQUIL,6150,TARQUI,29,BELAVISTA-FERROVIARIA,654,UNIDAD EDUCATIVA CARLOS MONTEVERDE ROMERO,NO,BELISARIO TORRES Y ULPIANO PAEZ,2204861,6,4,10,1,6,1,4,3244,622121,9759137,-79.90180827,-2.17874999,NO,NO
9,GUAYAS,390,GUAYAQUIL,6265,XIMENA,9,GUASMO SUR-LA PLAYITA,6893,UNIDAD EDUCATIVA CANAL DE JAMBELI,SI,COOP GUAYAS Y QUIL 2 MZ 2384,0,13,10,23,1,13,1,10,8120,624147.3105,9748104.12,-79.88351349,-2.27853386,NO,NO
9,GUAYAS,390,GUAYAQUIL,6265,XIMENA,10,GUASMO NORTE,99,ESCUELA DE EDUCACION BASICA FISCAL CIUDAD DE IBARRA,SI,AV. GALO PLAZA LASSO COOP 25 DE ENERO GUASMO NORTE CALLEJON 51 E Y AV RITA LECUMBERRY,42052813,10,7,17,1,10,1,7,5758,625173,9750878,-79.87430979,-2.25343575,NO,NO
9,GUAYAS,390,GUAYAQUIL,6265,XIMENA,11,FLORESTA,184,ESCUELA FISCAL DE EDUCACION BASICA JOSE ELIAS ALTAMIRANO,SI,AV 10 B FLORESTA 2 MZ 28/8 S2 Y 2DO PASEO 51 B,0,11,7,18,1,11,1,7,6024,623896.322,9751492.605,-79.8857938,-2.24788524,NO,NO
9,GUAYAS,390,GUAYAQUIL,6405,PASCUALES,8,METROPOLIS,712,UNIDAD EDUCATIVA DEL MILENIO DR. ALFREDO RAUL VERA VERA,SI,KM 2 1/2 AUTOPISTA NARCISA DE JESUS MARTILLO MORAN O AUTOPISTA TERMINAL TERRESTRE-PASCUALES,2157928,15,9,24,10,24,10,18,7847,621235,9771521,-79.90985327,-2.06673584,NO,NO
9,GUAYAS,390,GUAYAQUIL,6405,PASCUALES,8,METROPOLIS,5915,UNIDAD EDUCATIVA LEMAS - SEDE MUCHO LOTE 2,SI,MUCHO LOTE 2 MZ.-4016 SL.2,3811200,9,9,18,1,9,1,9,6300,623722,9772029,-79.88749614,-2.06212514,NO,NO
9,GUAYAS,735,PLAYAS,6255,GRAL.VILLAMIL / PLAYAS,2,SAN ANTONIO,7907,ESCUELA DE EDUCACION BASICA DRA OLGA L. AGUILAR RAMOS,NO,COMUNA SAN ANTONIO -BARRIO LA ESPERANZA,0,1,1,2,1,1,1,1,414,567918.49,9720171.2,-80.38905301,-2.53153769,NO,NO
9,GUAYAS,735,PLAYAS,6255,GRAL.VILLAMIL / PLAYAS,3,DATA DE VILLAMIL,50,ESCUELA DE EDUCACION BASICA FISCAL N.2 PEDRO MENENDEZ GILBERT,NO,KM 11 1/2 VIA PLAYAS - POSORJA,0,1,1,2,1,1,1,1,703,575638,9701369,-80.31952515,-2.7015967,NO,NO
9,GUAYAS,735,PLAYAS,6255,GRAL.VILLAMIL / PLAYAS,4,ENGABAO,1337,UNIDAD EDUCATIVA CARLOS MATAMOROS JARA,NO,AV. LAURICE ANTON DE SALEN RECREO 5TA ETAPA,0,2,2,4,1,2,1,2,1407,556915,9715434,-80.4880128,-2.57443714,NO,NO
9,GUAYAS,820,DURAN,7515,DIVINO NIÑO,3,HÉCTOR COBOS,770,UNIDAD EDUCATIVA FISCAL FABRIZIO BUCCO BOZZOLO,NO,CDLA HECTOR COBOS SECTOR 4 MZ B PRIMA SOLAR 1,0,4,3,7,1,4,1,3,2463,630135,9762845,-79.82977664,-2.14515552,NO,NO
9,GUAYAS,820,DURAN,6525,ELOY ALFARO /DURAN,7,YAMILE,4623,ESCUELA DE EDUCACION BASICA FISCAL JACINTA SANDIFORD AMADOR,NO,CARRETERA DURAN TAMBO KM 12 1/2,0,1,1,2,1,1,1,1,291,638487.576,9754296.949,-79.754615,-2.22241328,NO,NO
9,GUAYAS,820,DURAN,6525,ELOY ALFARO /DURAN,8,ROSA ELVIRA,721,ESCUELA DE EDUCACION BASICA LOPEZ MORAN,NO,RECINTO ROSA ELVIRA,0,1,1,2,1,1,1,1,699,642887,9747110,-79.71500161,-2.28738431,NO,NO
9,GUAYAS,435,NARANJAL,3370,SAN CARLOS,1,SAN CARLOS,8010,UNIDAD EDUCATIVA SIMON BOLIVAR,SI,SAN LUCAS Y CALLE SEGUNDA,0,5,5,10,1,5,1,5,3275,669512,9721070,-79.47535109,-2.52265257,NO,SI
9,GUAYAS,820,DURAN,6525,ELOY ALFARO /DURAN,10,UNA SOLA FUERZA,8206,ESCUELA FISCOMISIONAL PADRE JOSE ANTONIO GONZALES DE DURANA DE FE Y ALEGRIA,NO,COOP MARIANA DE JESUS /RECREO 4TA ETAPA,0,7,6,13,1,7,1,6,4391,634692,9760786,-79.7887897,-2.16374741,NO,NO
9,GUAYAS,820,DURAN,7455,EL RECREO,2,LA LOMA,800,COLEGIO DE BACHILLERATO PROVINCIA DE IMBABURA,SI,CDLA EL RECREO 2 FRENTE A LA MZ 233 AREA COMUNAL,0,9,7,16,1,9,1,7,5131,632745,9759740,-79.806288,-2.17322265,NO,NO
9,GUAYAS,735,PLAYAS,6255,GRAL.VILLAMIL / PLAYAS,5,PLAYAS NORTE,656,ESCUELA DR JAIME PEÑA AVILES,NO,AV 7MA ENTRE LA AV 3ERA Y LA AV 4TA BARRIO ECUADOR,0,2,2,4,1,2,1,2,944,566743,9709595,-80.39958164,-2.62722162,NO,NO
9,GUAYAS,425,SAMBORONDON,5925,SAMBORONDON,2,EL ROSARIO,552,ESCUELA FISCAL N17 EMILIO GOMEZ VARGAS,NO,KM 19 VIA SAMBORONDON RECINTO BELLAVISTA,0,1,1,2,1,1,1,1,584,632432,9776397,-79.80921621,-2.02255858,NO,NO
9,GUAYAS,125,COLIMES,1435,SAN JACINTO,1,SAN JACINTO,1354,UNIDAD EDUCATIVA SAN JACINTO (ANTES 26 DE SEPTIEMBRE),NO,MALECON Y 16 DE AGOSTO,0,3,3,6,1,3,1,3,2103,611445,9820815,-79.99812502,-1.62088919,NO,SI
9,GUAYAS,435,NARANJAL,3740,SANTA ROSA DE FLANDES,1,SANTA ROSA DE FLANDES,1182,ESCUELA DE EDUCACIÓN BÁSICA EUGENIO ESPEJO,NO,CDLA ANTONIO AGUIRRE,0,3,3,6,1,3,1,3,1612,650516.6954,9708524.32,-79.64604725,-2.63631305,NO,SI
9,GUAYAS,390,GUAYAQUIL,6150,TARQUI,13,QUINTO GUAYAS,613,UNIDAD EDUCATIVA FISCAL ALFONSO AGUILAR RUILOVA,SI,COOP. CARLOMAGNO ANDRADE MZ.2330 SL.1,2120774,5,3,8,9,13,9,11,2638,620572,9766091,-79.91578054,-2.11585735,NO,NO
9,GUAYAS,390,GUAYAQUIL,6150,TARQUI,13,QUINTO GUAYAS,615,ESCUELA FISCAL MIXTA RAFAELA VALLEJO BARAHONA,SI,AV MANA Y AV GUILLERMO CUBILLO COOP. UNION CIVICA N.2 MZ.1907 SL.1,2187032,4,4,8,1,4,1,4,2800,620888,9765711,-79.91293692,-2.11929266,NO,NO
9,GUAYAS,390,GUAYAQUIL,6150,TARQUI,13,QUINTO GUAYAS,8248,ESCUELA DE EDUCACION BASICA FISCAL FRANCISCO ROBLES GARCIA,NO,COOP. VOLUNTAD DE DIOS MZ 680 SL 1,0,4,4,8,5,8,5,8,2800,621027,9765975,-79.91168881,-2.11690375,NO,NO
9,GUAYAS,820,DURAN,7515,DIVINO NIÑO,1,DIVINO NIÑO,742,ESCUELA DE EDUCACION BASICA FISCAL CIUDAD DE ZAMORA,SI,AV. PRINCIPAL 4TA ETAPA TRANSVERSAL CDLA PEDRO MENENDEZ GILBERT,0,11,8,19,1,11,1,8,6397,629495,9760235,-79.835513,-2.16876817,NO,NO
9,GUAYAS,390,GUAYAQUIL,6150,TARQUI,35,NUEVA ESPERANZA-CASAS VIEJAS,8291,ESCUELA DE EDUCACION BASICA NUEVA ESPERANZA,NO,RECINTO NUEVA ESPERANZA KM. 20 VIA A LA COSTA,0,1,1,2,1,1,1,1,339,605255,9757828,-80.05345591,-2.19069464,NO,NO
9,GUAYAS,715,PEDRO CARBO,5735,PEDRO CARBO,2,VILLAO,1594,UNIDAD EDUCATIVA SAN FRANCISCO DE ASIS,NO,RECINTO PARAISO,0,1,1,2,1,1,1,1,245,570893,9796072,-80.36258752,-1.84487932,SI,SI
9,GUAYAS,395,YAGUACHI,4275,YAGUACHI VIEJO/CONE,1,YAGUACHI VIEJO/CONE,1300,UNIDAD EDUCATIVA 19 DE AGOSTO,SI,MAYOR SOLER Y HORACIO MARIDUEÑA,,10,10,20,1,10,1,10,6748,650331,9760284,-79.64817777,-2.16816836,NO,SI
9,GUAYAS,400,DAULE,5275,DAULE,0,,1096,UNIDAD EDUCATIVA PRESIDENTE JOSE LUIS TAMAYO,SI,CALLE GALLEGOS LARA Y AV. SAN FRANCISCO,0,14,14,28,83,96,83,96,9800,613122.9189,9792915.287,-79.98290661,-1.87325669,NO,NO
9,GUAYAS,400,DAULE,5275,DAULE,0,,1097,UNIDAD EDUCATIVA ECUADOR AMAZONICO,SI,CALLE 9 DE OCTUBRE Y CALLE TERCERA Y LA CUARTA,0,14,14,28,69,82,69,82,9800,613387,9793302,-79.98053452,-1.86975718,NO,NO
9,GUAYAS,400,DAULE,5275,DAULE,0,,1103,UNIDAD EDUCATIVA JUAN BAUTISTA AGUIRRE,SI,LOS DAULIS Y JUAN BAUTISTA AGUIRRE,0,16,16,32,53,68,53,68,11200,613687,9793623,-79.97783917,-1.86685191,NO,NO
9,GUAYAS,400,DAULE,5275,DAULE,0,,1111,ESCUELA DE EDUCACION BASICA VICENTE PIEDRAHITA CARBO,SI,AV. LOS DAULIS ENTRE JOSE VELEZ Y MARIA CAICHE,42797258,14,14,28,39,52,39,52,9800,613621,9793813,-79.97843351,-1.86513357,NO,NO
9,GUAYAS,400,DAULE,5275,DAULE,0,,719,UNIDAD EDUCATIVA DAULE,SI,CARLOS MORAN DE LA TORRE Y JAIME ROLDOS,0,14,14,28,25,38,25,38,9800,614309,9794472,-79.97225182,-1.85916879,NO,NO
9,GUAYAS,400,DAULE,5275,DAULE,0,,6406,ESCUELA DE EDUCACION BASICA ETELVINA CARBO PLAZA,NO,25 DE JULIO Y PEDRO MENENDEZ GILBERT,42796668,10,10,20,1,10,1,10,7000,613663,9794829,-79.97806122,-1.85594284,NO,NO
9,GUAYAS,400,DAULE,5275,DAULE,0,,6407,ESCUELA DE EDUCACION BASICA HIPOLITO CAMBA RAMOS,SI,AV PEDRO MENENDEZ ENTRE MARTHA BUCARAM Y 25 DE DICIEMBRE,0,14,14,28,11,24,11,24,9800,613710,9794664,-79.97763783,-1.85743515,NO,NO
9,GUAYAS,400,DAULE,5275,DAULE,0,,7947,ESCUELA DE EDUCACION BASICA ELOY ALFARO,SI,VICENTE PIEDRAHITA Y SOLEDAD,0,3,8,11,97,99,97,104,3750,612902.6,9793556.41,-79.98489063,-1.86745838,NO,NO
10,IMBABURA,30,IBARRA,5165,CARANQUI,0,,1440,UE Atahualpa\Ex Colegio Nacional Atahualpa,SI,Río Tiputini 6-63 y Av Atahualpa,62650379,7,6,13,11,17,11,16,4550,820411.3614,10035983.42,-78.1217174,0.32513984,NO,NO
10,IMBABURA,30,IBARRA,5165,CARANQUI,0,,1487,UE Atahualpa Ambiente N°3 \Ex Escuela Juan Miguel Súarez,SI,Emperador Cacha 5-199 y General Pintag,0,5,5,10,6,10,6,10,3500,820122,10035494,-78.1243158,0.32071822,NO,NO
10,IMBABURA,30,IBARRA,5165,CARANQUI,0,,1290,UE Atahualpa Ambiente 2 - Ex Escuela José Nicolás Vacas,SI,Av. Atahualpa y Princesa Cory Cory,0,5,5,10,1,5,1,5,3500,820268,10035833,-78.12300452,0.32378099,NO,NO
10,IMBABURA,30,IBARRA,5165,CARANQUI,0,,6152,UNIDAD EDUCATIVA CARANQUI,NO,AVENIDA ATAHUALPA 34-10 Y HUAYNA CAPAC,62651120,6,5,11,18,23,17,21,3747,820313.2559,10035371.07,-78.1225995,0.31960697,NO,NO
10,IMBABURA,30,IBARRA,5440,GUAYAQUIL DE ALPACHACA,0,,1177,UE 17 de Julio Bloque 1\ Ex Escuela Guayaquil,SI,Tena 6-67 y Tungurahua,62957541,7,6,13,1,7,1,6,4550,819236.9124,10040036.77,-78.13224777,0.36176854,NO,NO
10,IMBABURA,30,IBARRA,5440,GUAYAQUIL DE ALPACHACA,0,,6121,UNIDAD EDUCATIVA YAHUARCOCHA,NO,CALLE GUAYAS 3-10 E ISLA FERNANDINA,62546308,8,8,16,8,15,7,14,5299,820105.2316,10041083.3,-78.12445109,0.37122229,NO,NO
10,IMBABURA,30,IBARRA,5915,SAGRARIO,0,,1318,Unidad Educativa Fiscomisional La Inmaculada Concepción,SI,Pedro Moncayo 5-45 y Bolivar,62955139,9,8,17,23,31,21,28,5950,820793.1656,10038560.37,-78.11828369,0.34842361,NO,NO
10,IMBABURA,30,IBARRA,5915,SAGRARIO,0,,1272,UE Diocesana Bilingüe,SI,Flores 5-51 y Rocafuerte,,6,6,12,17,22,15,20,4200,820933.825,10038766.72,-78.11702063,0.35028775,NO,NO
10,IMBABURA,30,IBARRA,5915,SAGRARIO,0,,1284,Unidad Educativa 28 de Septiembre,NO,Rocafuerte 681 y Oviedo,0,4,4,8,13,16,11,14,2800,820949.5885,10038718.21,-78.11687928,0.3498494,NO,NO
10,IMBABURA,30,IBARRA,5915,SAGRARIO,0,,1286,UE 17de Julio,SI,José Nicolás Hidalgo y Alfredo Gómez Jaime,62640688,12,12,24,37,48,34,45,8400,819999.8626,10039807.36,-78.1254005,0.35969337,NO,NO
10,IMBABURA,30,IBARRA,5915,SAGRARIO,0,,1289,UE Fiscomisional Nuestra Señora de Fátima,SI,García Moreno 1-39 y Salinas y Juan Montalvo,62955014,12,10,22,1,12,1,10,7700,821283,10038836,-78.11388644,0.35091277,NO,NO
10,IMBABURA,30,IBARRA,5915,SAGRARIO,0,,1298,Unidad Educativa Presidente Velasco Ibarra,SI,Chica Narváez 2-20 y Mejía,,5,5,10,32,36,29,33,3500,820575.0829,10039244.64,-78.12023919,0.35460713,NO,NO
10,IMBABURA,30,IBARRA,5915,SAGRARIO,0,,6317,UNIDAD EDUCATIVA FISCOMISIONAL SAN PEDRO PASCUAL,NO,GARCIA MORENO 8-27 Y SANCHEZ Y CIFUENTES,2608883,6,6,12,64,69,61,66,4200,820513.472,10038946.46,-78.12079301,0.35191301,NO,NO
10,IMBABURA,30,IBARRA,5915,SAGRARIO,0,,6079,UNIDAD EDUCATIVA CIUDAD DE IBARRA,NO,CALLE HONDURAS Y AVENIDA LUIS FELIPE BORJA,0,7,7,14,49,55,46,52,4900,819470.093,10039188.11,-78.13015722,0.35409945,NO,NO
10,IMBABURA,30,IBARRA,5915,SAGRARIO,0,,6080,UNIDAD EDUCATIVA MARIA ANGELICA IDROBO,SI,RAFAEL TROYA 1-67 Y SIMON BOLIVAR,0,8,5,13,70,77,67,71,4550,820898.6142,10039275.05,-78.11733525,0.35488101,NO,NO
10,IMBABURA,30,IBARRA,5915,SAGRARIO,0,,6211,COLEGIO UNIVERSITARIO UTN,NO,LUIS ULPIANO DE LA TORRE 20-21 Y JESUS YEROVI,62997800,7,6,13,78,84,72,77,4326,820653.5012,10040077.72,-78.11953299,0.36213445,NO,NO
10,IMBABURA,30,IBARRA,5915,SAGRARIO,0,,5941,UNIDAD EDUCATIVA ANA LUISA LEORO,NO,AVENIDA JAIME RIVADENEIRA ENTRE LUIS VARGAS TORRES Y AVENIDA CAPITAN CRISTOBAL DE TROYA,,8,8,16,56,63,53,60,5600,820102.6763,10039084.76,-78.12447972,0.35316381,NO,NO
10,IMBABURA,40,COTACACHI,1710,IMANTAG,2,PIÑAN,1963,Escuela Aberlardo Morán Muñoz,NO,Comunidad Piñan,63056004,1,1,2,1,1,1,1,162,787831.6438,10056674.06,-78.41411111,0.51222222,SI,NO
10,IMBABURA,35,OTAVALO,3490,SAN JOSE DE QUICHINCHE,2,INGUINCHO,1191,CECIB Marco Aurelio Subía,NO,km 25 vía a Selva Alegre,0,1,1,2,1,1,1,1,221,788683,10027979,-78.40654566,0.25287375,NO,NO
10,IMBABURA,30,IBARRA,3315,SAN ANTONIO,2,TANGUARIN,1485,UNIDAD EDUCATIVA ESPECIALIZADA 3 DE DICIEMBRE,NO,Luis Enriquez Cevallos y 13 de Junio Sta Clara,0,2,1,3,1,2,1,1,839,815333,10036056,-78.16729885,0.32580863,NO,NO
10,IMBABURA,30,IBARRA,3315,SAN ANTONIO,3,SANTO DOMINGO,1340,Unidad Educativa Daniel Reyes Bloque 2/Ex Escuela Cristobal de Troya,NO,Calle Imbabura S/N y Velasco Ibarra,62550450,1,1,2,1,1,1,1,501,816233,10034791,-78.15922377,0.31437565,NO,NO
10,IMBABURA,30,IBARRA,3315,SAN ANTONIO,4,LA COMPANIA,1390,La Compania de Jesús Casa Comunal,NO,Calle Imbabura,0,1,1,2,1,1,1,1,167,815560.4026,10035703.88,-78.16525861,0.32262626,NO,NO
10,IMBABURA,30,IBARRA,3315,SAN ANTONIO,5,LOS SOLES,1311,UE Víctor Mideros Almeida Ambiente 3 \ Ex Escuela Tupack Yupanqui,NO,Via a Imbaya,62933021,1,1,2,1,1,1,1,365,815623.0695,10037908.13,-78.16469043,0.34254404,NO,NO
10,IMBABURA,40,COTACACHI,2820,PEÑAHERRERA,3,NANGULVI BAJO,182,CASA COMUNAL NANGULVI BAJO,NO,VÍA A GARCÍA MORENO,0,1,1,2,1,1,1,1,279,772288.6446,10036271.61,-78.55371943,0.3278595,NO,SI
10,IMBABURA,55,URCUQUI,2675,PABLO ARENAS,2,LA VICTORIA,941,UE Franklin Roosevelt,NO,CALLE PRINCIPAL LA VICTORIA,0,1,1,2,1,1,1,1,416,815699.8936,10057046.91,-78.16393715,0.51548477,NO,NO
10,IMBABURA,30,IBARRA,100,AMBUQUI/CHOTA,1,AMBUQUI / CHOTA,1126,Unidad Educativa Cesar Borja,SI,"Simón Bolívar y Isidro Ayora, Calle Principal San Clemente",0,6,6,12,1,6,1,6,3841,832908,10047809,-78.0095231,0.43194996,NO,NO
10,IMBABURA,30,IBARRA,130,ANGOCHAGUA,1,ANGOCHAGUA,323,Plaza Central de Angochagua,SI,Calle principal de angochagua,62575029,5,4,9,1,5,1,4,2834,825194,10026414,-78.07881332,0.23866311,NO,SI
10,IMBABURA,30,IBARRA,100,AMBUQUI/CHOTA,5,CHAUPI GUARANGUI,8022,CASA COMUNAL CHAUPI GUARANGUI,NO,VIA PRINCIPAL CHAUPI GUARANGUI JUNTO A LA ESCUELA JOSE CUERO Y CAICEDO,0,1,1,2,1,1,1,1,125,832014.2332,10039314.28,-78.01757169,0.3552036,NO,SI
10,IMBABURA,40,COTACACHI,1310,GARCIA MORENO / LLURIMAGUA,7,LAS GOLONDRINAS,4241,Unidad Educativa Santa Ana de Cotacachi,SI,Arias Guerrero Via a la T y Calle sin nombre,62670193,5,5,10,1,5,1,5,3287,699016.7552,10036203.85,-79.21175,0.327387,NO,NO
10,IMBABURA,40,COTACACHI,1310,GARCIA MORENO / LLURIMAGUA,8,LA INDEPENDIENTE,5489,EGB LUIS ULPIANO DE LA TORRE,NO,VIA 10 DE AGOSTO DE PERLA,0,1,1,2,1,1,1,1,293,711824.769,10036426.68,-79.09670551,0.3293805,NO,SI
10,IMBABURA,40,COTACACHI,1310,GARCIA MORENO / LLURIMAGUA,9,RUMIÑAHUI,5487,CASA COMUNAL RUMIÑAHUI,NO,VIA A LAS GOLONDRINAS,0,1,1,2,1,1,1,1,79,722758.5817,10030709.4,-78.99851143,0.27766694,NO,SI
10,IMBABURA,55,URCUQUI,2060,LA MERCED DE BUENOS AIRES,1,LA MERCED DE BUENOS AIRES,935,Unidad Educativa Buenos Aires,NO,Calle Bolívar Y Carchi,62943052,2,3,5,1,2,1,3,1597,798643.3845,10068402.58,-78.3169996,0.61817642,NO,SI
10,IMBABURA,30,IBARRA,100,AMBUQUI/CHOTA,6,SAN CLEMENTE,7992,CASA COMUNAL SAN CLEMENTE,NO,VIA SAN CLEMENTE JUNTO A LA UNIDAD EDUCATIVA CESAR BORJA,0,1,1,2,1,1,1,1,74,832361.6467,10044756.25,-78.01443689,0.40437047,NO,NO
10,IMBABURA,50,PIMAMPIRO,3415,SAN FRANCISCO DE SIGSIPAMBA,2,SHANSHIPAMBA,1277,Unidad Educativa Provincia de los Lagos Ambiente 2\Ex Escuela Eduardo Grijalva,NO,Calle Principal de ingreso a Shanshipamba,23017625,1,1,2,1,1,1,1,141,840642,10031055,-77.94016512,0.28056105,NO,SI
10,IMBABURA,50,PIMAMPIRO,955,CHUGA,2,SAN FRANCISCO DE LOS PALMARES,1253,UE MANUELITA SAENZ AMBIENTE SAN FRANCISCO DE LOS PALMARES,NO,CARRETERA VÍA PALMAR CHICO REGRESO A CHUGA,63016030,1,1,2,1,1,1,1,70,847114.7614,10041677.76,-77.88205067,0.37650979,NO,SI
10,IMBABURA,55,URCUQUI,3365,SAN BLAS,2,IRUGUINCHO,1002,Ex Escuela Hernán Cortez,NO,Via Timbuyacu,0,1,1,2,1,1,1,1,156,807713.4614,10045373.55,-78.23566667,0.41002778,NO,NO
10,IMBABURA,40,COTACACHI,2820,PEÑAHERRERA,2,EL CRISTAL,1978,EDUCACIÓN GENERAL BÁSICA LEÓN TOLSTOY,NO,VIA EL CRISTAL,63052117,1,1,2,1,1,1,1,157,774146,10041253.8,-78.53703123,0.37288889,NO,SI
10,IMBABURA,40,COTACACHI,1310,GARCIA MORENO / LLURIMAGUA,5,EL CHONTAL,1935,UNIDAD EDUCATIVA ISLA SANTA ISABEL BLOQUE B,NO,Ave. Panamericana via a las Golondrinas,3051181,1,1,2,1,1,1,1,385,750601,10026226.25,-78.74847651,0.23709264,NO,SI
10,IMBABURA,40,COTACACHI,1310,GARCIA MORENO / LLURIMAGUA,6,CIELO VERDE,2021,EDUCACIÓN GENERAL BÁSICA RAFAEL LEÓN CARVAJAL,NO,JULIAN ANDRADE Y JORGE GOMEZ,63050976,1,1,2,1,1,1,1,445,733675,10024669,-78.90047913,0.22303734,NO,SI
10,IMBABURA,30,IBARRA,5960,SAN FRANCISCO,1,SAN FRANCISCO,1359,Unidad Educativa Víctor Manuel Guzmán,SI,Avenida el Retorno 5-130,62950702,10,10,20,42,51,37,46,7000,821118.6876,10037240.12,-78.11536555,0.33649327,NO,NO
10,IMBABURA,30,IBARRA,5960,SAN FRANCISCO,1,SAN FRANCISCO,1376,UE Teodoro Gómez de la Torre,SI,Av Teodoro Gómez de la Torre 3-101 y Maldonado,62950916,14,13,27,28,41,24,36,9450,820903.8541,10037701.84,-78.11729254,0.34066583,NO,NO
10,IMBABURA,30,IBARRA,5960,SAN FRANCISCO,1,SAN FRANCISCO,96,UE Fiscomisional Salesiana Sánchez y Cifuentes,SI,Sucre 12-52 y Obispo Mosquera,62950251,9,7,16,19,27,17,23,5600,820814.0418,10038072.84,-78.11809764,0.3440183,NO,NO
10,IMBABURA,30,IBARRA,5960,SAN FRANCISCO,1,SAN FRANCISCO,28,Unidad Educativa Ibarra,SI,Av. Mariano Acosta 14-27 y Gabriela Mistral,62640811,10,10,20,1,10,1,10,7000,819949.9062,10038471.96,-78.1258526,0.3476271,NO,NO
10,IMBABURA,30,IBARRA,5960,SAN FRANCISCO,1,SAN FRANCISCO,6129,UNIDAD EDUCATIVA LUIS LEORO FRANCO - MATRIZ,NO,JUAN FRANCISCO BONILLA Y ANTONIO CORDERO,62950515,3,3,6,65,67,60,62,2100,820228.5906,10037583.68,-78.12335367,0.33959998,NO,NO
10,IMBABURA,30,IBARRA,5960,SAN FRANCISCO,1,SAN FRANCISCO,6150,UNIDAD EDUCATIVA VICTOR MANUEL PEÑAHERRERA,NO,JOSE MARIA LARREA Y JIJON - HUGO GUZMAN,0,4,4,8,59,62,53,56,2800,821819.3995,10037975.64,-78.10907439,0.34313725,NO,NO
10,IMBABURA,30,IBARRA,5960,SAN FRANCISCO,1,SAN FRANCISCO,6168,UNIDAD EDUCATIVA RAFAEL SUAREZ MENESES,NO,RIO PASTAZA Y RIO SANTIAGO,62642263,2,3,5,63,64,57,59,1750,820907.6357,10037025.14,-78.1172604,0.33455124,NO,NO
10,IMBABURA,30,IBARRA,5960,SAN FRANCISCO,1,SAN FRANCISCO,6151,UNIDAD EDUCATIVA LA SALLE,NO,JUAN DE VELASCO 6-41 ENTRE BOLIVAR Y SUCRE,62958964,7,6,13,52,58,47,52,4550,820782.2121,10038426.78,-78.11838237,0.34721654,NO,NO
10,IMBABURA,30,IBARRA,5960,SAN FRANCISCO,1,SAN FRANCISCO,6164,UNIDAD EDUCATIVA LUIS LEORO FRANCO BLOQUE 2,NO,JUAN FRANCISCO BONILLA Y GENERAL JULIO ANDRADE,0,4,3,7,68,71,63,65,2450,820089.2952,10037610.61,-78.12460384,0.33984368,NO,NO
10,IMBABURA,30,IBARRA,5960,SAN FRANCISCO,1,SAN FRANCISCO,6210,UNIDAD EDUCATIVA MARIANO SUAREZ VENTIMILLA,NO,GUALLUPE 3-25 Y MIGUEL CASTELLO CHIRIBOGA,2630847,9,7,16,72,80,66,72,5141,818608.357,10038058.69,-78.1378949,0.34389646,NO,NO
10,IMBABURA,30,IBARRA,5960,SAN FRANCISCO,1,SAN FRANCISCO,7089,UNIDAD EDUCATIVA SAGRADO CORAZÓN DE JESÚS HERMANAS BETHLEMITAS-IBARRA,SI,SANCHEZ Y CIFUENTES 879 Y MIGUEL OVIEDO,62950615,8,6,14,11,18,11,16,4900,820588.5719,10038743.65,-78.12011951,0.35008023,NO,NO
10,IMBABURA,30,IBARRA,6780,LA DOLOROSA DEL PRIORATO,0,,1299,UE Priorato Bloque 2 \ Ex Escuela Martìn Zumeta,SI,Calle Pimán 9-28 y Mojanda,62580919,6,5,11,1,6,1,5,3482,822005,10042342,-78.10739601,0.38258993,NO,NO
10,IMBABURA,35,OTAVALO,1040,DR MIGUEL EGAS/PEGUCHE,0,,1225,UECIB Miguel Egas Cabezas Bloque 2/ Ex UECIB PEGUCHE,SI,Imbabura y Faccha Ñan,62690184,5,4,9,1,5,1,4,3150,806790.2479,10027824.38,-78.24399765,0.25144274,NO,NO
10,IMBABURA,35,OTAVALO,1040,DR MIGUEL EGAS/PEGUCHE,0,,5945,UECIB MIGUEL EGAS CABEZAS - PLANTA MATRIZ,NO,AVENIDA QUINCHUQUI Y VIA ANTIGUA A IBARRA - RUKU ÑAN,62690109,5,5,10,6,10,5,9,3122,807104.503,10028231.48,-78.241176,0.25512101,NO,NO
10,IMBABURA,35,OTAVALO,1215,EUGENIO ESPEJO,0,,1133,UE MANUEL J. CALLE,SI,José Puente y Panamericana,62635070,7,6,13,1,7,1,6,4550,806002.7001,10023064.72,-78.25107522,0.20843205,NO,NO
10,IMBABURA,35,OTAVALO,1215,EUGENIO ESPEJO,0,,5968,UECIB MANUEL J CALLE BLOQUE 3,NO,CALLE ATAHUALPA COMUNIDAD DE CALPAQUI - CERCA AL ESTADIO DE LA COMUNIDAD,2635144,4,4,8,8,11,7,10,2287,805554.3611,10022214.68,-78.255101,0.20075102,NO,NO
10,IMBABURA,35,OTAVALO,1360,GONZALEZ SUAREZ,1,GONZALEZ SUAREZ,1198,UE Juan Montalvo,SI,Gran Colombia y Mariscal Sucre,62918819,4,4,8,1,4,1,4,2800,811182.5829,10019688.44,-78.20458445,0.1779141,NO,NO
10,IMBABURA,35,OTAVALO,1360,GONZALEZ SUAREZ,1,GONZALEZ SUAREZ,5865,UNIDAD EDUCATIVA JUAN MONTALVO BLOQUE 2,NO,SIMÓN BOLÍVAR Y JORGE JARRÍN,62918242,4,4,8,5,8,5,8,2764,811402.2077,10019754.97,-78.202613,0.17851499,NO,NO
10,IMBABURA,35,OTAVALO,2785,PATAQUI,0,,1175,CASA COMUNAL / COLISEO COMUNAL SAN PEDRO DE PATAQUI,NO,IMBABURA Y ATAHUALPA,0,1,1,2,1,1,1,1,379,792978.2959,10019324.83,-78.36799827,0.17465212,NO,NO
10,IMBABURA,50,PIMAMPIRO,5750,PIMAMPIRO,4,EL INCA,2018,EX ESCUELA DE EDUCACIÓN BÁSICA OSWALDO GUYASAMIN,NO,Vía el Inca Pimampiro,0,1,1,2,1,1,1,1,60,837837.995,10041289.34,-77.96530066,0.37303014,NO,SI
10,IMBABURA,40,COTACACHI,1310,GARCIA MORENO / LLURIMAGUA,1,GARCIA MORENO /LLURIMAGUA,1961,UNIDAD EDUCATIVA GARCÍA MORENO,SI,CALLE PRINCIPAL,62564008,4,4,8,1,4,1,4,2564,763557.1315,10025164.15,-78.63213889,0.22747222,NO,NO
10,IMBABURA,40,COTACACHI,1710,IMANTAG,1,IMANTAG,947,Unidad Educativa Imantag\ Ex Escuela Pedro Fermín Cevallos,SI,José Joaquín Olmedo y Eloy Alfaro,62570091,4,4,8,1,4,1,4,2800,806168.7916,10039685.2,-78.24954885,0.35862804,NO,NO
10,IMBABURA,40,COTACACHI,1710,IMANTAG,1,IMANTAG,5889,UNIDAD EDUCATIVA DEL MILENIO SUMAK YACHANA WASI,NO,KM 7 VÍA COTACACHI - IMANTAG,3049006,4,3,7,5,8,5,7,2216,806210.0359,10038412.09,-78.249182,0.34712304,NO,NO
10,IMBABURA,40,COTACACHI,2820,PEÑAHERRERA,1,PEÑAHERRERA,2057,UNIDAD EDUCATIVA JOSE PERALTA,NO,VIA A CUELLAJE,62569031,2,2,4,1,2,1,2,1185,774128.5764,10038463.38,-78.53719444,0.34766667,NO,SI
10,IMBABURA,40,COTACACHI,2915,PLAZA GUTIERREZ/CALVARIO,0,,1224,EDUCACIÓN GENERAL BÁSICA APUELA BLOQUE D,NO,ViA EL CENTENARIO,62566034,1,1,2,1,1,1,1,578,779171.485,10038682.91,-78.49191667,0.34963889,NO,SI
10,IMBABURA,40,COTACACHI,3115,QUIROGA,0,,1219,Escuela de Educación Básica Andrés Avelino de la Torre,SI,Fidel Egas y Vacas Galindo,62537244,5,5,10,1,5,1,5,3500,802440.5521,10031197.63,-78.28303608,0.2819353,NO,NO
10,IMBABURA,40,COTACACHI,3115,QUIROGA,0,,5886,UNIDAD EDUCATIVA LUIS PLUTARCO CEVALLOS,NO,JUAN MONTALVO VÍA AL PUNGE Y CALLE ARENA,2537122,6,5,11,6,11,6,10,3653,802031.529,10030900.39,-78.28670837,0.27925,NO,NO
10,IMBABURA,40,COTACACHI,3800,6 DE JULIO DE CUELLAJE,0,,1979,UNIDAD EDUCATIVA CUELLAJE,NO,PRIMERA DE MAYO Y SAMUEL AYALA,62679053,3,3,6,1,3,1,3,1826,775259,10044136.74,-78.52703058,0.39894444,NO,NO
10,IMBABURA,40,COTACACHI,4185,VACAS GALINDO,0,,1917,EDUCACIÓN GENERAL BÁSICA GARCÍA MORENO,NO,CALLE LA ESPERANZA,0,1,1,2,1,1,1,1,658,770794,10033812.97,-78.56714457,0.30563889,NO,NO
10,IMBABURA,40,COTACACHI,5910,SAGRARIO,0,,989,Unidad Educativa Luis Ulpiano de la Torre,SI,Bolivar 1945 y Quiroga,62915119,10,9,19,1,10,1,9,6650,804761.9222,10033492.26,-78.26219302,0.30266677,NO,NO
10,IMBABURA,40,COTACACHI,5910,SAGRARIO,0,,5888,Unidad Educativa Seis de Julio,NO,GONZALES SUAREZ ENTRE MODESTO PEÑAHERRERA Y 24 DE MAYO,62915133,7,7,14,11,17,10,16,4595,804655.2671,10033232.77,-78.263151,0.30032201,NO,NO
10,IMBABURA,40,COTACACHI,5955,SAN FRANCISCO,0,,1007,Escuela de Educación General Básica Manuela Cañizares,SI,Pedro Moncayo y Eloy Alfaro,62916005,5,5,10,1,5,1,5,3500,804199,10032764,-78.26724776,0.29608679,NO,NO
10,IMBABURA,40,COTACACHI,5955,SAN FRANCISCO,0,,5908,Unidad Educativa Modesto Aurelio Peñaherrera,NO,JUAN MONTALVO Y GONZALEZ SUAREZ,62915136,5,4,9,6,10,6,9,2815,804238.8232,10032890.73,-78.26689,0.29723196,NO,NO
10,IMBABURA,45,ANTONIO ANTE,1715,IMBAYA,0,,815,Unidad Educativa Imbaya \ Ex Escuela Jacinto Collahuazo,NO,Alejandro Jaramillo y Calle Teófilo Montalvo,62540103,2,2,4,1,2,1,2,1417,817256,10040586,-78.15002621,0.36673701,NO,NO
10,IMBABURA,45,ANTONIO ANTE,3400,SAN FCO.DE NATABUELA,0,,849,Unidad Educativa Daniel Pasquel Bloque Central,SI,Barrio Central junto a la Plaza Argentina,62535046,8,8,16,1,8,1,8,5356,812336,10037634,-78.19419571,0.34007564,NO,NO
10,IMBABURA,45,ANTONIO ANTE,3465,SAN JOSE DE CHALTURA,0,,971,UE Chaltura \ Ex Escuela Francisco Javier Salazar,SI,Río Amazonas y Obispo Mosquera,62533032,5,5,10,1,5,1,5,3121,812516,10039034,-78.1925763,0.3527261,NO,NO
10,IMBABURA,45,ANTONIO ANTE,3640,SAN ROQUE,0,,2074,UE. San Roque Bloque 3 \Ex Escuela de Niñas Dolores Sucre,NO,Bolívar Y Rocafuerte,62900325,7,7,14,8,14,8,14,4662,808029.313,10033450.45,-78.2328636,0.30228144,NO,NO
10,IMBABURA,45,ANTONIO ANTE,3640,SAN ROQUE,0,,4128,Unidad Educativa San Roque Bloque 1 / Ex Colegio Imbabura,SI,Bolívar y 16 de Agosto,62900336,7,7,14,1,7,1,7,4900,808071,10033634,-78.23248898,0.30394002,NO,NO
10,IMBABURA,45,ANTONIO ANTE,5025,ANDRADE MARIN/LOURDES,0,,946,UE Antonio Ante Planta Central,SI,Junin 4-76 y Jorge Montalvo,62530481,4,4,8,1,4,1,4,2800,810233.3743,10035849.29,-78.21307367,0.32395352,NO,NO
10,IMBABURA,45,ANTONIO ANTE,5025,ANDRADE MARIN/LOURDES,0,,936,UE Antonio Ante Ambiente 1 Inicial \ Ex Jardín de Infantes Bruno Vinueza,NO,Junin y Jorge Montalvo Páez,62530481,3,3,6,5,7,5,7,1968,810228.654,10035873.02,-78.21311599,0.32416801,NO,NO
10,IMBABURA,45,ANTONIO ANTE,5050,ATUNTAQUI,0,,957,UE Alberto Enríquez,SI,Galo Plaza Lasso 10-09 y General Enríquez,62906007,15,13,28,1,15,1,13,9800,809121,10037040,-78.22305562,0.3347163,NO,NO
10,IMBABURA,45,ANTONIO ANTE,5050,ATUNTAQUI,0,,6122,UNIDAD EDUCATIVA ABELARDO MONCAYO,NO,AVENIDA LUIS LEORO FRANCO 24-99 Y VELASCO IBARRA,62906135,13,13,26,16,28,14,26,8875,811012.9708,10037587.64,-78.20607148,0.33966016,NO,NO
10,IMBABURA,50,PIMAMPIRO,955,CHUGA,1,CHUGA,1355,Escuela General Básica Manuelita Sáenz,NO,Vía a San Francisco de los Palmares,63016030,2,2,4,1,2,1,2,987,844661.3682,10041483.24,-77.90406716,0.37476039,NO,SI
10,IMBABURA,50,PIMAMPIRO,2380,MARIANO ACOSTA,0,,1259,UE Silvio Luis Haro Alvear \Ex Colegio Silvio Luis Haro Alvear,NO,Camilo Gallegos sn y Jaime Roldós Aguilera,62680060,3,3,6,1,3,1,3,1610,835890,10032517,-77.98280675,0.29378092,NO,SI
10,IMBABURA,50,PIMAMPIRO,3415,SAN FRANCISCO DE SIGSIPAMBA,1,SAN FCO. SIGSIPAMBA,508,Unidad Educativa Provincia de los Lagos Ambiente 1\Ex Escuela Imbabura,NO,Vía a San Miguel,23017625,1,2,3,1,1,1,2,794,843796,10032891,-77.91185716,0.29714013,NO,NO
10,IMBABURA,50,PIMAMPIRO,5750,PIMAMPIRO,1,PIMAMPIRO,1307,UE Pimampiro,SI,Paquisha 2-139 y García Moreno,62937613,7,7,14,1,7,1,7,4900,840305.717,10043333.09,-77.94314841,0.39148642,NO,NO
10,IMBABURA,50,PIMAMPIRO,5750,PIMAMPIRO,1,PIMAMPIRO,6098,UNIDAD EDUCATIVA PARTICULAR LA DOLOROSA,NO,GARCIA MORENO 11- 21 Y BOLIVAR,62937050,7,7,14,8,14,8,14,4567,840780.4871,10043628.41,-77.93888682,0.39415285,NO,NO
10,IMBABURA,55,URCUQUI,425,CAHUASQUI,0,,988,Unidad Educativa Cahuasqui,NO,Simon Bolivar y Jose Cordoba,62688010,3,3,6,1,3,1,3,1863,810455.9087,10056691.77,-78.21100965,0.51229651,NO,NO
10,IMBABURA,55,URCUQUI,2060,LA MERCED DE BUENOS AIRES,2,PALMIRA DE TOCTEMI - AWA,1495,Escuela y Casa Comunal San Francisco Palmira de Toctemi - Awa,NO,Vía Comunidad La Colonia calle Alejandro Cantincuz y Vía Ibarra San Lorenzo,0,1,1,2,1,1,1,1,196,782354.7052,10082442.88,-78.46317095,0.74515031,NO,SI
10,IMBABURA,55,URCUQUI,2675,PABLO ARENAS,1,PABLO ARENAS,895,Unidad Educativa 5 de Junio,NO,Modesto Larrea,62683171,2,3,5,1,2,1,3,1515,812783.7967,10055481.42,-78.19011853,0.50135016,NO,NO
10,IMBABURA,55,URCUQUI,3365,SAN BLAS,1,SAN BLAS,1123,Unidad Educativa Eloy Alfaro,SI,Carlos Heriberto de la Torre,63048348,4,4,8,1,4,1,4,2491,810598.61,10045538.9,-78.20976805,0.41151291,NO,NO
10,IMBABURA,55,URCUQUI,4080,TUMBABIRO,0,,974,Unidad Educativa Vicente Rocafuerte,NO,Av. Sucre,62934026,3,3,6,1,3,1,3,1522,812503.6518,10050977.89,-78.19264982,0.46065564,NO,NO
10,IMBABURA,55,URCUQUI,6190,URCUQUI,0,,1090,Unidad Educativa del Milenio Yachay Ambiente 1 / Ex Escuela Abdon Calderon,NO,Gonzales Suarez y Flavio Noboa,62939476,4,4,8,1,4,1,4,2800,811965,10046270,-78.19750073,0.41811511,NO,NO
10,IMBABURA,55,URCUQUI,6190,URCUQUI,0,,6116,UNIDAD EDUCATIVA URCUQUI,SI,Guzman 9-02 y Gonzales Suares,6929305,6,6,12,5,10,5,10,3967,812428.4259,10046287.49,-78.19334089,0.4182717,NO,NO
10,IMBABURA,30,IBARRA,530,CAROLINA /GUALLUPI,1,CAROLINA /GUALLUPI,1207,Escuela de Educación Básica FAE Ambiente Guallupe\ Ex Escuela Alejandro Humbolt,SI,Via Urbina,63016655,4,4,8,1,4,1,4,2596,806556.7741,10082339.35,-78.24588889,0.74408333,NO,SI
10,IMBABURA,30,IBARRA,2020,LA ESPERANZA,0,,966,Escuela de Educación General Básica Mariano Acosta,NO,Barrio San Pedro-Calle Manuel Freile Larrea y S/N-La Esperanza,0,5,4,9,1,5,1,4,3150,820764.3282,10032693.09,-78.11855741,0.29540816,NO,NO
10,IMBABURA,30,IBARRA,2020,LA ESPERANZA,0,,6146,UE RUMIPAMBA,SI,GALO PLAZA LASO,66010057,7,7,14,6,12,5,11,4477,821774.0375,10030874,-78.109499,0.27896897,NO,NO
10,IMBABURA,30,IBARRA,2185,LITA,0,,982,UNIDAD EDUCATIVA GONZALO ZALDUMBIDE,SI,Vía San Lorenzo Panamericana- Lita,62677002,5,6,11,1,5,1,6,3809,783810,10096426,-78.45002557,0.87152605,NO,NO
10,IMBABURA,30,IBARRA,3290,SALINAS,0,,673,UE Salinas / Ex Escuela Antonio Ante,NO,Angel Aguirre entre Velaso Ibarra y Eloy Alfaro,62665151,3,3,6,1,3,1,3,1855,819423.0121,10054790.76,-78.13052778,0.49508333,NO,NO
10,IMBABURA,30,IBARRA,3315,SAN ANTONIO,1,SAN ANTONIO,1320,UE Daniel Reyes,SI,Sucre 272 y Camilo Pompeyo Guzman,62932423,7,7,14,1,7,1,7,4900,814993.5713,10037231.6,-78.1703425,0.33643245,NO,NO
10,IMBABURA,30,IBARRA,3315,SAN ANTONIO,1,SAN ANTONIO,1476,UE Víctor Mideros Almeida,SI,27 de Noviembre 4442 y García Moreno,0,5,5,10,8,12,8,12,3500,815000.3781,10036979.26,-78.17028205,0.33415221,NO,NO
10,IMBABURA,30,IBARRA,3315,SAN ANTONIO,1,SAN ANTONIO,1496,UE José Miguel Leoro Vásquez AMBIENTE 1 \ Ex Escuela Juan Montalvo,SI,Guillon y Ponton y Ramon Teanga,2932480,4,4,8,13,16,13,16,2800,814772,10036828,-78.17233234,0.33278602,NO,NO
10,IMBABURA,30,IBARRA,3315,SAN ANTONIO,1,SAN ANTONIO,6126,UE JOSE MIGUEL LEORO VASQUEZ MATRIZ BLOQUE 1,NO,Hermano Mideros Sn y Ramon Teanga,62932490,5,4,9,17,21,17,20,3082,814587.0777,10036505.91,-78.173993,0.32987602,NO,NO
10,IMBABURA,35,OTAVALO,3810,SELVA ALEGRE,0,,2041,Unidad Educativa Selva Alegre / Ex-Centro Educativa Matriz Selva Alegre,NO,24 de Mayo que llega al parque central,0,3,3,6,1,3,1,3,1739,769830.6902,10027463.83,-78.57580556,0.24825,NO,NO
10,IMBABURA,35,OTAVALO,5490,JORDAN,1,JORDAN,1211,UE Diez de Agosto Bloque 3 \ Ex Escuela Niñas Sarance,NO,Abdón Calderón y Modesto Jaramillo,62920402,5,4,9,10,14,10,13,3150,804518,10025205,-78.26439906,0.22777591,NO,NO
10,IMBABURA,35,OTAVALO,5490,JORDAN,1,JORDAN,1212,UE Diez de Agosto Bloque 2/ Ex Jardín 31 de Octubre,NO,Modesto Jaramillo y Av. Abdón Calderón,62920579,5,4,9,15,19,14,17,3150,804568,10025255,-78.26395015,0.22822767,NO,NO
10,IMBABURA,35,OTAVALO,5490,JORDAN,1,JORDAN,1226,Unidad Educativa Jacinto Collahuazo,SI,Jacinto Collahuazo s/n Avenida Atahualpa y Jacinto Collahuazo,62921623,9,9,18,1,9,1,9,6300,805307.7749,10025526.17,-78.25730911,0.23067692,NO,NO
10,IMBABURA,35,OTAVALO,5490,JORDAN,1,JORDAN,1221,Unidad Educativa Otavalo,SI,Juan de Albarracín y Panamericana norte,62921623,11,10,21,20,30,18,27,7350,805570.0441,10026283.95,-78.25495353,0.23752443,NO,NO
10,IMBABURA,35,OTAVALO,5490,JORDAN,1,JORDAN,5939,UNIDAD EDUCATIVA REPUBLICA DEL ECUADOR,SI,CALLE SUCRE Y NEPTALI ORDOÑEZ,62920495,11,11,22,39,49,36,46,7594,805005.6236,10025661.31,-78.26002112,0.2318987,NO,NO
10,IMBABURA,35,OTAVALO,5490,JORDAN,1,JORDAN,5891,UE MUNICIPAL VALLE DEL AMANECER OTAVALO,SI,LUIS ALBERTO DE LA TORRE Y JUAN DE ALBARRACIN,62924738,8,8,16,31,38,28,35,5600,805831.5906,10025934.85,-78.25260639,0.23436921,NO,NO
10,IMBABURA,35,OTAVALO,5980,SAN LUIS,0,,1160,Unidad Educativa La Inmaculada,NO,Sucre 5-09 y Piedrahita,62922577,4,4,8,16,19,16,19,2800,804466,10024887,-78.26486637,0.22490225,NO,NO
10,IMBABURA,35,OTAVALO,5980,SAN LUIS,0,,1184,UE Isaac Jesús Barrera Bloque 2,SI,Roca y Rocafuerte,62920406,5,5,10,11,15,11,15,3500,804458,10024568,-78.26493872,0.22201949,NO,NO
10,IMBABURA,35,OTAVALO,5980,SAN LUIS,0,,1193,UE Isaac Jesús Barrera Bloque 1 \ Ex Escuela José Martí,SI,Sucre y Estévez Mora,62920518,5,5,10,6,10,6,10,3500,804151,10024538,-78.26769456,0.22174889,NO,NO
10,IMBABURA,35,OTAVALO,5980,SAN LUIS,0,,1168,UE Otavalo Bloque 2 \ Ex Escuela Libertador Simón Bolívar,SI,Vicente Ramón Roca 6-33 y Piedrahita,62920441,5,5,10,1,5,1,5,3500,804610,10024814,-78.26357388,0.22424232,NO,NO
10,IMBABURA,35,OTAVALO,5980,SAN LUIS,0,,5877,UNIDAD EDUCATIVA GABRIELA MISTRAL,SI,AV. LUIS CISNEROS Y PANAMERICANA NORTE,62903672,10,8,18,20,29,20,27,5855,804213.3403,10025691.84,-78.267133,0.23217598,NO,NO
10,IMBABURA,40,COTACACHI,145,APUELA,0,,1969,UNIDAD EDUCATIVA APUELA BLOQUE B,SI,JAIME ROLDOS AGUILERA Y GARCIA MORENO,62566034,3,3,6,1,3,1,3,1959,777056.3085,10039553.26,-78.51090529,0.35751078,NO,NO
10,IMBABURA,40,COTACACHI,1310,GARCIA MORENO / LLURIMAGUA,2,NARANJITO,2047,EDUCACIÓN GENERAL BÁSICA SANTA MARIANITA DE JESUS,NO,VIA SALTO DEL TIGRE,0,1,1,2,1,1,1,1,131,723796,10028927.68,-78.9891967,0.26155556,NO,SI
10,IMBABURA,40,COTACACHI,1310,GARCIA MORENO / LLURIMAGUA,3,LA MADGALENA BAJA,2003,UNIDAD EDUCATIVA ISLA SANTA ISABEL,NO,CALLE ALFONSO FLORES MAYANQUER,63051152,1,1,2,1,1,1,1,522,746787,10026716.22,-78.78272531,0.24152778,NO,SI
10,IMBABURA,50,PIMAMPIRO,5750,PIMAMPIRO,3,PUEBLO NUEVO DE YUQUIN,7107,CASA COMUNAL PUEBLO NUEVO DE YUQUIN,NO,VÍA PRINCIPAL PUEBLO NUEVO DE YUQUIN,0,1,1,2,1,1,1,1,96,842648.2891,10035466.11,-77.92214976,0.320407,NO,SI
10,IMBABURA,30,IBARRA,5960,SAN FRANCISCO,2,MANZANO GUARANGUI,1091,Unidad Educativa República de México Ambiente 4/ Ex Escuela Cristóbal Tobar Subía,NO,Calle Principal Vía Manzano Guaranqui,0,1,1,2,1,1,1,1,75,830451,10038139,-78.03160461,0.34458937,NO,SI
10,IMBABURA,30,IBARRA,130,ANGOCHAGUA,2,ZULETA,606,UNIDAD EDUCATIVA ZULETA,NO,Comuna Zuleta calle Galo Plaza Lazo,62662130,1,1,2,1,1,1,1,540,823778.7924,10023121.25,-78.09152084,0.20891391,NO,SI
10,IMBABURA,30,IBARRA,130,ANGOCHAGUA,3,LA MERCED,983,CECIB Constancio C. Vigil,NO,Via Zuleta - Cochas,63047241,1,1,2,1,1,1,1,288,822009,10020736,-78.10740885,0.18736445,NO,SI
10,IMBABURA,30,IBARRA,100,AMBUQUI/CHOTA,2,JUNCAL,1237,UE Jorge Peñaherrera Bloque 1 - Ex Escuela de Educación General Básica Luis Napoleón Dillon,NO,Luis Napoleon Dillon,0,1,1,2,1,1,1,1,434,837928,10047869,-77.96447093,0.43247403,NO,NO
10,IMBABURA,30,IBARRA,100,AMBUQUI/CHOTA,3,CHOTA,2222,Unidad Educativa Valle del Chota ambiente 3 / Ex Escuela José María Urbina,NO,Chota Panamericana norte KM 29,62637070,1,1,2,1,1,1,1,270,827077.5966,10052339.27,-78.06183388,0.472903,NO,NO
10,IMBABURA,30,IBARRA,100,AMBUQUI/CHOTA,4,CARPUELA,1187,Unidad Educativa Valle del Chota,NO,Panamericana Norte Km 9 y Milton Tadeo,62637070,1,1,2,1,1,1,1,462,834509.3806,10048562.81,-77.99514862,0.43875474,NO,NO
10,IMBABURA,30,IBARRA,530,CAROLINA /GUALLUPI,2,CUAJARA,937,Escuela de Educación General Básica Fuerza Aérea Ecuatoriana Ambiente Cuajara / Ex Escuela Carlos Elías Almeida,NO,Vía San Lorenzo - Ibarra,0,1,1,2,1,1,1,1,155,815817,10070102,-78.16282777,0.63345192,NO,SI
10,IMBABURA,35,OTAVALO,3590,SAN PABLO,2,EL TOPO,1092,UECIB Galo Plaza Lasso,NO,Comuna el Topo - Vía Zuleta y Vía Comunidad Angla,62621123,1,1,2,1,1,1,1,510,816728,10023495,-78.15480394,0.21230283,NO,NO
10,IMBABURA,35,OTAVALO,1360,GONZALEZ SUAREZ,2,PIJAL ALTO,1112,CECIEB Provincia de Loja,NO,INGRESO AL MIRADOR - COMUNIDAD PIJAL ALTO,63017372,1,1,2,1,1,1,1,277,812316,10018559,-78.19441241,0.16770647,NO,NO
10,IMBABURA,35,OTAVALO,5490,JORDAN,2,LA COMPANIA,542,UECIB Presbítero Amable Herrera,NO,Rumiñahui y Sanka Punta,62919045,1,1,2,1,1,1,1,413,809271,10024474,-78.22173573,0.22116193,NO,NO
10,IMBABURA,50,PIMAMPIRO,5750,PIMAMPIRO,2,CHALGUAYACO,1262,UE Jorge Peñaherrera,NO,San Martín de Porres y Luz de Oriente esquina,2546825,1,1,2,1,1,1,1,353,838193,10047084,-77.96209554,0.42538099,NO,NO
10,IMBABURA,35,OTAVALO,3490,SAN JOSE DE QUICHINCHE,1,SAN JOSE DE QUICHINCHE,1231,Unidad Educativa Ulpiano Navarro,SI,Av. Quito y Issac Jesus Barrera,62668146,9,7,16,1,9,1,7,5600,801558.9761,10026207.72,-78.29095933,0.23684268,NO,NO
10,IMBABURA,35,OTAVALO,3490,SAN JOSE DE QUICHINCHE,1,SAN JOSE DE QUICHINCHE,5942,COLISEO PARROQUIAL SAN JOSE DE QUICHINCHE,NO,AVENIDA QUITO Y MIGUEL EGAS,2668103,3,4,7,10,12,8,11,2221,801896.9767,10026317.26,-78.287925,0.23783201,NO,NO
10,IMBABURA,35,OTAVALO,3525,SAN JUAN DE ILUMAN,0,,1008,UECIB San Juan de Ilumán Bloque 2 \ Ex Escuela Domingo Sarmiento,SI,Modesto Larrea e Imbabura,0,3,3,6,5,7,5,7,2100,807972,10030069,-78.23338541,0.27172444,NO,NO
10,IMBABURA,35,OTAVALO,3525,SAN JUAN DE ILUMAN,0,,1009,UECIB San Juan de Iluman Bloque 1 \ Ex Escuela Domingo Sarmiento Arriba,SI,Luis Mejía y Edmundo Grijalva,62946553,4,4,8,1,4,1,4,2800,807938,10030052,-78.23369064,0.27157088,NO,NO
10,IMBABURA,35,OTAVALO,3525,SAN JUAN DE ILUMAN,0,,8320,UECIB San Juan de Iluman Bloque 4,NO,SIMON BOLIVAR Y 12 DE NOVIEMBRE,2946202,5,4,9,8,12,8,11,2738,807957.22,10030283.85,-78.23351763,0.273666,NO,NO
10,IMBABURA,35,OTAVALO,3590,SAN PABLO,1,SAN PABLO,228,UE Alfredo Pérez Guerrero,SI,Abdón Calderón y Av. Unesco,62918015,14,13,27,1,14,1,13,9453,812590.5391,10021253.6,-78.19194444,0.19205556,NO,NO
10,IMBABURA,35,OTAVALO,3630,SAN RAFAEL,0,,2066,Unidad Educativa Florencio Oleary,SI,La Estación y pasaje Neptaly Montalvo,0,4,4,8,1,4,1,4,2800,808873.9183,10020914.86,-78.22530556,0.189,NO,NO
10,IMBABURA,35,OTAVALO,3630,SAN RAFAEL,0,,5887,UNIDAD EDUCATIVA COMUNITARIA INTERCULTURAL BILINGUE JOSE PEDRO MALDONADO DUQUE,NO,COMUNIDAD DE TOCAGON - CALLE INTI RAIMI,63016995,4,3,7,5,8,5,7,2273,809412.7966,10020556.08,-78.220469,0.185757,NO,NO
11,LOJA,815,CHAGUARPAMBA,3755,SANTA RUFINA,2,LOZUMBE,2198,EGB JULIO MOISÉS CÓRDOVA ROJAS,NO,LOZUMBE,0,1,1,2,1,1,1,1,77,640387,9574971,-79.73565364,-3.84437311,NO,SI
11,LOJA,300,LOJA,1840,JIMBILLA,2,JESÚS MARÍA BAJO,3092,EGB IBARRA,NO,VIA A LAS JUNTAS,0,1,1,2,1,1,1,1,126,698924.89,9574926.715,-79.20859994,-3.84382693,NO,SI
11,LOJA,305,SARAGURO,3340,SAN ANTONIO DE CUMBE,2,CHAMICAL,2903,EGB MANUEL CRUZ MUÑOZ,NO,VIA ZAPOTEPAMBA - LA PAPAYA - SARAGURO,0,1,1,2,1,1,1,1,155,692242.5367,9614375.758,-79.26944444,-3.48722222,NO,SI
11,LOJA,290,CATAMAYO,5270,CATAMAYO,2,CHICHACA,2869,EGB ULPIANO MOSCOSO,NO,CHARLES VIVES,72677046,1,1,2,1,1,1,1,50,685589,9566893,-79.32851658,-3.91672037,NO,NO
11,LOJA,340,ESPINDOLA,3765,SANTA TERESITA,2,TUNDURAMA,2513,CB HUGO GUILLERMO GONZÁLEZ,NO,VIA STA. TERESITA-TUNDURAMA,3033841,1,1,2,1,1,1,1,255,676928,9502226,-79.40531009,-4.50167587,NO,SI
11,LOJA,310,PALTAS,5595,LOURDES,3,SAN VICENTE DEL RIO,2534,UE SEGUNDO CUEVA CELI,NO,VIA PRINCIPAL A CATACOCHA,3031317,1,1,2,1,1,1,1,120,657213,9548767,-79.58374256,-4.08112598,NO,NO
11,LOJA,325,MACARA,5680,MACARA,1,MACARA,1074,UEF SANTA MARIANA DE JESÚS,SI,JUVENAL JARAMILLO Y ALMOR,72694039,6,6,12,8,13,8,13,4200,617385.3532,9515940.949,-79.94207998,-4.37859997,NO,NO
11,LOJA,325,MACARA,5680,MACARA,1,MACARA,1075,UEF MARISTA MACARÁ,SI,AV PANAMERICANA Y AV MARISTAS,72694060,7,7,14,1,7,1,7,4900,617156.0945,9516298.507,-79.94415044,-4.37536869,NO,NO
11,LOJA,325,MACARA,5680,MACARA,1,MACARA,6089,UE DEL MILENIO 5 DE JUNIO,NO,"AURIA MARIA ARIAS, MAXIMO ARTURO ROMAN Y ZOILA HERRERA",72696022,4,4,8,14,17,14,17,2503,616210,9515166,-79.95266174,-4.3856245,NO,NO
11,LOJA,330,PUYANGO,270,EL ARENAL,0,,2928,UE RAMÓN SAMANIEGO PALACIOS,NO,S/N,3095971,1,2,3,1,1,1,2,811,612496.5834,9562042.638,-79.98666897,-3.96165244,NO,NO
11,LOJA,330,PUYANGO,565,CIANO,1,CIANO,2926,EGB HEROES DE 1941,NO,CALLE PRINCIPAL CIANO,3095974,1,2,3,1,1,1,2,811,614125,9565289,-79.97203844,-3.9322696,NO,NO
11,LOJA,330,PUYANGO,1155,EL LIMO /MARIANA DE JESUS,1,EL LIMO /MARIANA DE JESUS,7988,UE EL LIMO,SI,VIA A MANGAHURQUILLO,0,3,3,6,1,3,1,3,1750,595877,9559447,-80.13633565,-3.98530231,NO,NO
11,LOJA,330,PUYANGO,2405,MERCADILLO,0,,2929,EGB ALONSO DE MERCADILLO,NO,BENJAMIN CARRION Y 10 DE NOVIEMBRE,3031429,2,2,4,1,2,1,2,1325,613351,9555176,-79.97889675,-4.02375463,NO,NO
11,LOJA,330,PUYANGO,4210,VICENTINO,1,VICENTINO,2893,COLEGIO DE BACHILLERATO MANUEL CARRIÓN PINZANO,NO,ANGEL LIMA,3031808,2,2,4,1,2,1,2,998,617425,9561931,-79.94227918,-3.96260656,NO,NO
11,LOJA,330,PUYANGO,5005,ALAMOR,0,,833,UE JULIO ISAAC ESPINOZA OCHOA,SI,SIMN BOLIVAR Y SUCRE,72680165,6,6,12,8,13,8,13,3781,608907.1829,9555721.457,-80.01892998,-4.01886997,NO,NO
11,LOJA,330,PUYANGO,5005,ALAMOR,0,,788,UE PUYANGO,NO,GABRIEL CAIZA Y LAUTARO LOAIZA,72680099,7,7,14,1,7,1,7,4900,608381,9556019,-80.02367273,-4.01618422,NO,NO
11,LOJA,335,GONZANAMA,825,CHANGAIMINA /LA LIBERTAD,0,,1547,UEF SAN VICENTE DE PAUL,SI,BERNARDO OCHOA Y MOISES RUIZ,73024194,4,4,8,1,4,1,4,2301,663839.2615,9533126.295,-79.52379998,-4.22246997,NO,NO
11,LOJA,335,GONZANAMA,2520,NAMBACOLA,1,NAMBACOLA,2114,UE NAMBACOLA - ESCUELA,NO,24 DE JUNIO Y DRAUSIN SIMANCAS,3105964,5,5,10,1,5,1,5,3297,673955.9431,9542107.525,-79.43283191,-4.14106994,NO,NO
11,LOJA,335,GONZANAMA,3045,PURUNUMA /EGUIGUREN,0,,2432,UE PURUNUMA,NO,13 DE SEPTIEMBRE Y DOMINGO JIMENEZ,3025231,2,2,4,1,2,1,2,937,680595,9534430,-79.37289362,-4.21037815,NO,NO
11,LOJA,310,PALTAS,5595,LOURDES,2,LAS COCHAS,2564,EGB MONSEÑOR FRANCISCO VALDIVIESO,NO,JORGE GUILLERMO ARMIJOS Y AVENIDA CATACOCHA,3030580,1,1,2,1,1,1,1,236,660041,9551709,-79.55831915,-4.0544732,NO,NO
11,LOJA,315,CELICA,3255,SABANILLA,1,SABANILLA,2542,EGB MANUEL MARÍA SÁNCHEZ,NO,AV. LOJA Y MANUEL BUSTAMANTE,999999999,3,3,6,1,3,1,3,1691,596695.55,9535547.49,-80.128729,-4.20148466,NO,NO
11,LOJA,315,CELICA,3535,SAN JUAN DE POZUL,1,SAN JUAN DE POZUL,5568,COLEGIO AGROPECUARIO TNTE. MAXIMILIANO RODRÍGUEZ,SI,Parroquia San Juan de Pozul,72649073,4,4,8,1,4,1,4,2324,604421,9544662,-80.05922309,-4.11895741,NO,NO
11,LOJA,315,CELICA,5195,CELICA,0,,7028,UE DEL MILENIO CELICA,SI,JOSÉ TENISTOCLES QUEZADA Y SEBASTIAN BENALCAZAR,0,9,9,18,1,9,1,9,6167,615979.2955,9545106.212,-79.95510542,-4.11480923,NO,NO
11,LOJA,320,CALVAS,590,COLAIZACA,1,COLAIZACA,2994,UE EDMUNDO CEVALLOS,NO,AVENIDA DE LA CULTURA,3033004,2,2,4,1,2,1,2,1264,644925.44,9522522.13,-79.69402047,-4.3186846,NO,NO
11,LOJA,320,CALVAS,1230,EL LUCERO,0,,1564,EGB CARLOS MONTUFAR,NO,SANTA ROSA Y 3 DE DICIEMBRE,0,3,3,6,1,3,1,3,1942,669894.2613,9513401.094,-79.46889998,-4.40074997,NO,NO
11,LOJA,320,CALVAS,4150,UTUANA,0,,2957,UE UTUANA,NO,VIA A MACARÁ Y VIA A PUEBLO NUEVO,3032275,2,2,4,1,2,1,2,824,643311.578,9517731.253,-79.70848745,-4.36204051,NO,NO
11,LOJA,320,CALVAS,5175,CARIAMANGA,0,,1515,UE ELOY ALFARO,SI,GONZALES SUARES Y DANIEL OJEDA,2687127,10,10,20,1,10,1,10,7000,660562.6969,9521593.187,-79.55311998,-4.32682997,NO,NO
11,LOJA,320,CALVAS,5175,CARIAMANGA,0,,3011,UE MARÍA AUXILIADORA,NO,ELOY ALFARO Y 18 DE NOVIEMBRE,2687106,6,6,12,11,16,11,16,4200,660129,9521556,-79.55702668,-4.32717375,NO,NO
11,LOJA,320,CALVAS,5175,CARIAMANGA,0,,6083,UE CARIAMANGA,SI,JOSE ANGEL PALACIOS GONZALEZ SUARES Y MIGUEL PERALTA,72687237,5,4,9,17,21,17,20,2707,660346,9520824,-79.55505908,-4.33379015,NO,NO
11,LOJA,320,CALVAS,5240,CHILE,0,,1544,EGB CHILE,NO,VELASCO IBARRA 03-33 Y BOLIVIA,72688090,5,5,10,1,5,1,5,2978,659912.4067,9521668.507,-79.55897998,-4.32615997,NO,NO
11,LOJA,320,CALVAS,6025,SAN VICENTE,0,,3013,UE ELOY ALFARO - ESCUELA,NO,SUCRE Y GENERAL OLIVA,2687188,2,1,3,1,2,1,1,807,660651.8533,9521763.831,-79.55231967,-4.32528514,NO,NO
11,LOJA,325,MACARA,2085,LA RAMA,0,,2361,CANCHA DE USO MÚLTIPLE,NO,SN,73028325,1,2,3,1,1,1,2,799,621781,9528065,-79.90262738,-4.26887928,NO,NO
11,LOJA,325,MACARA,2145,LA VICTORIA,0,,2586,EGB TORIBIO MORA,NO,QUITO Y GUAYAQUIL,73028887,2,2,4,1,2,1,2,1016,634177,9509910,-79.79068068,-4.43291895,NO,NO
11,LOJA,325,MACARA,3265,SABIANGO,0,,2566,UE REVERENDO JORGE SÁNCHEZ MORENO,NO,MACARA Y JULIAN CUEVA,3032973,1,1,2,1,1,1,1,665,631788.8877,9517192.125,-79.81230564,-4.36708835,NO,NO
11,LOJA,325,MACARA,5385,GRAL.ELOY ALFARO,0,,2360,EGB JHON F KENNEDY,NO,AV. JAIME ROLDOS AGUILERA Y ALAMOR,2694145,2,2,4,1,2,1,2,1279,617592,9515909,-79.94021741,-4.37888631,NO,NO
11,LOJA,335,GONZANAMA,2520,NAMBACOLA,2,POTRERILLOS,6706,EGB VICENTE ROCAFUERTE,NO,S/N,97970967,1,1,2,1,1,1,1,209,669595,9539837,-79.47207058,-4.1616806,NO,SI
11,LOJA,305,SARAGURO,310,SUMAYPAMBA,2,MOSTAZAPAMBA,2748,EGB ROSALINO MONTAÑO ARMIJOS,NO,VIA SUMAYPAMBA,0,1,1,2,1,1,1,1,194,684459,9620503,-79.33958759,-3.43193934,NO,SI
11,LOJA,335,GONZANAMA,3270,SACAPALCA,2,CRUZ DE YAZAPA,2098,EGB CIUDAD DE GONZANAMÁ,NO,VIA SACAPALCA-CHANGAYMINA,2657540,1,1,2,1,1,1,1,164,663824,9537693,-79.52401512,-4.18116984,NO,NO
11,LOJA,300,LOJA,2325,MALACATOS/VALLADOLID,2,RUMISHITANA,6686,UE ELVIA BELGICA JIMENEZ DE GONZALEZ,NO,VIA PRINCIPAL,3025060,1,1,2,1,1,1,1,337,698902,9540977,-79.20813949,-4.15081496,NO,NO
11,LOJA,340,ESPINDOLA,3765,SANTA TERESITA,3,COLLINGORA,6707,EGB 10 DE AGOSTO,NO,VIA PRINCIPAL FRENTE AL PARQUE,0,1,1,2,1,1,1,1,199,677734,9500248,-79.39800815,-4.51954734,NO,SI
11,LOJA,295,ZAPOTILLO,290,GARZAREAL,2,COCHAS DEL ALMENDRO,6687,EGB BATALLON GENERAL CORDOVA,NO,VIA A PALETILLAS,0,1,1,2,1,1,1,1,226,580924,9535854,-80.27083191,-4.19885794,NO,SI
11,LOJA,730,PINDAL,4545,MILAGROS,2,EL GUANDO,3065,EGB JOSÉ RODRÍGUEZ DE LA BANDERA,NO,VIA MILAGROS EL GUANDO,0,1,1,2,1,1,1,1,182,590354,9546577,-80.18596745,-4.10177443,NO,NO
11,LOJA,730,PINDAL,1035,12 DE DICIEMBRE,2,CURIACHI,3047,EGB DOLORES SUCRE,NO,CENTRO DE CURIACHI,0,1,1,2,1,1,1,1,221,598054,9551867,-80.1166529,-4.0538485,NO,SI
11,LOJA,730,PINDAL,835,CHAQUINAL,2,EL PAPAYO,3060,EGB LUZ ANGÉLICA MARTÍNEZ,NO,VIA CHAQUINAL EL PAPAYO,0,1,1,2,1,1,1,1,92,609593,9552087,-80.01271284,-4.05173802,NO,SI
11,LOJA,295,ZAPOTILLO,280,LIMONES,2,TRONCO QUEMADO,3061,EGB JULIO GONZALO HIDALGO GONZÁLEZ,NO,VIA HUALTACOS,73110267,1,1,2,1,1,1,1,177,567623,9508273,-80.39047662,-4.44846636,NO,SI
11,LOJA,310,PALTAS,1380,GUACHANAMA,1,GUACHANAMA,2565,UE 29 DE MAYO,NO,CALLE 29 DE MAYO,2602001,1,1,2,1,1,1,1,684,624108.9799,9552534.337,-79.88196453,-4.04752134,NO,SI
11,LOJA,310,PALTAS,1380,GUACHANAMA,2,BRAMADEROS,2590,UE LAURO GUERRERO BECERRA,NO,AVENIDA PRINCIPAL,3031108,1,1,2,1,1,1,1,299,630706,9549075,-79.82249816,-4.07872643,NO,NO
11,LOJA,295,ZAPOTILLO,2710,PALETILLAS,2,AÑANCAL,2375,EGB PINTAC,NO,VIA CAUCHO GRANDE,999999999,1,1,2,1,1,1,1,164,588654,9544074,-80.20125982,-4.12443196,NO,NO
11,LOJA,310,PALTAS,1380,GUACHANAMA,3,EL DULCE,2554,EGB BRAULIO BARILLAS,NO,CALLE PRINCIPAL A ALAMOR,0,1,1,2,1,1,1,1,138,614563,9553287,-79.96795828,-4.04082758,NO,NO
11,LOJA,295,ZAPOTILLO,550,MANGAHURCO,4,LA LEONERA,2558,CASA COMUNAL LA LEONERA,NO,SN,73096036,1,1,2,1,1,1,1,146,576102,9551172,-80.31439745,-4.06032783,NO,SI
11,LOJA,340,ESPINDOLA,320,BELLAVISTA,2,JIBIRUCHE,2509,UE CABO CASTILLO,NO,VIA PIEDRA BLANCA Y VIA BELLAVISTA,0,1,1,2,1,1,1,1,475,670174,9502148,-79.46616884,-4.50251218,NO,SI
11,LOJA,310,PALTAS,2630,ORIANGA,2,NARANJILLO,2858,EGB SANTOS EFRAÍN ELIZALDE,NO,VIA ORIANGA-MARCABELI,0,1,1,2,1,1,1,1,85,617726,9573803,-79.9397031,-3.85521691,NO,SI
11,LOJA,305,SARAGURO,2360,MANU,2,TAGUARCOCHA,2742,EGB AGUSTÍN CELI,NO,TAGUARCOCHA VIA ZARUMA,0,1,1,2,1,1,1,1,85,670087.9449,9602849.129,-79.4686564,-3.59181276,NO,SI
11,LOJA,305,SARAGURO,3665,SAN SEBASTIAN DE YULUC,2,UCHUCAY,2750,EGB CIUDAD DE SARAGURO,NO,UCHUCAY,0,1,1,2,1,1,1,1,299,681939,9628667,-79.36238954,-3.35814932,NO,NO
11,LOJA,295,ZAPOTILLO,2000,BOLASPAMBA,1,BOLASPAMBA,2552,EGB GREGORIO MARAÑON,NO,SN,73097960,1,1,2,1,1,1,1,534,569989,9537335,-80.36936845,-4.18554636,NO,NO
11,LOJA,340,ESPINDOLA,790,EL INGENIO,3,CONSAGUANA,5804,EGB NICOLAS MAQUIAVELO,NO,VIA PRINCIPAL DEL BARRIO CONSAGUANA,0,1,1,2,1,1,1,1,178,676303,9511555,-79.41112319,-4.4173236,NO,SI
11,LOJA,330,PUYANGO,4210,VICENTINO,2,GUATUNUMÁ,5851,EGB 8 DE SEPTIEMBRE,NO,VIA PRINCIPAL DEL BARRIO GUATUNUMÁ,0,1,1,2,1,1,1,1,77,620407,9557448,-79.91536854,-4.00312154,NO,SI
11,LOJA,315,CELICA,3255,SABANILLA,3,POTRERILLOS - VICIN,4673,UE LAZARO CARDENAS,NO,VIA MACARA ZAPOTILLO,0,1,1,2,1,1,1,1,146,597324.0955,9528013.347,-80.12298922,-4.26963029,NO,NO
11,LOJA,300,LOJA,7525,CARIGAN,1,CARIGAN,5274,UE FERNANDO SUÁREZ PALACIO,NO,AV. PABLO PALACIO,72105252,3,2,5,1,3,1,2,1623,695247.66,9563012.86,-79.24148045,-3.95162829,NO,NO
11,LOJA,300,LOJA,7525,CARIGAN,2,LAS PITAS,5272,EGB JOSÉ INGENIEROS,NO,AV. 8 DE DICIEMBRE Y JAIME ROLDOS AGUILERA,72613554,3,3,6,1,3,1,3,1853,699056.7354,9561040.455,-79.20714642,-3.96939003,NO,NO
11,LOJA,300,LOJA,7525,CARIGAN,3,LA BANDA,7088,UE MARIETA DE VEINTIMILLA,NO,AV. CHUQUIRIBAMBA Y LAGUNAS DEL COMPADRE,72540626,5,4,9,1,5,1,4,2877,697032.36,9563803.48,-79.22542672,-3.9444448,NO,NO
11,LOJA,300,LOJA,7530,PUNZARA,1,LA ARGELIA,5430,ÁREA ENERGÍA UNL,NO,AV. REINALDO ESPINOZA,72545689,6,4,10,1,6,1,4,3097,699862.6771,9554218.984,-79.19975525,-4.03105651,NO,NO
11,LOJA,300,LOJA,7530,PUNZARA,3,LA TEBAIDA,191,UE LAURO DAMERVAL AYORA,NO,AV. BENJAMIN CARRION Y TOMAS RODRIGO TORRES,72546303,6,5,11,1,6,1,5,3457,699124.6688,9556184.669,-79.20643947,-4.01329672,NO,NO
11,LOJA,300,LOJA,7530,PUNZARA,4,SAN PEDRO,336,EGB MATILDE HIDALGO DE PROCEL,NO,ARGENTINA 14-127 Y SEVILLA DE ORO,72570129,3,2,5,1,3,1,2,1426,699003.7938,9557081.381,-79.20754552,-4.00519066,NO,NO
11,LOJA,300,LOJA,7530,PUNZARA,5,COLINAS LOJANAS,5279,UE MATER DEI,SI,AV. DE LOS PALTAS Y AV. MANUEN BENJAMIN CARRION,72110220,5,4,9,1,5,1,4,2835,697932.0583,9555470.074,-79.21716403,-4.01978197,NO,NO
11,LOJA,300,LOJA,6100,SUCRE,1,MIRAFLORES,187,COLEGIO DE BACHILLERATO 27 DE FEBRERO,SI,TOMÁS RODRIGO TORRES Y JOHN F. KENNEDY,72546370,10,10,20,35,44,35,44,7000,699241.3188,9556062.144,-79.2053867,-4.01440232,NO,NO
11,LOJA,300,LOJA,6100,SUCRE,1,MIRAFLORES,407,EGB ALONSO DE MERCADILLO,NO,PIO JARAMILLO Y CUBA,72571795,6,6,12,45,50,45,50,4200,699256.16,9556779.4,-79.20526722,-4.00791631,NO,NO
11,LOJA,300,LOJA,6100,SUCRE,1,MIRAFLORES,297,UE JOSÉ ÁNGEL PALACIO,SI,AV. UNIVERSITARIA Y PASAJE RODRIGUEZ,72579502,6,6,12,59,64,59,64,4200,699309.16,9558611.03,-79.20482606,-3.99135293,NO,NO
11,LOJA,300,LOJA,6100,SUCRE,1,MIRAFLORES,316,UE ADOLFO VALAREZO,SI,CARLOS ROMAN Y ADOLFO VALAREZO,72571003,10,10,20,25,34,25,34,7000,698861,9558381,-79.20885679,-3.99344179,NO,NO
11,LOJA,300,LOJA,6100,SUCRE,1,MIRAFLORES,346,EGB CIUDAD DE LOJA,NO,MANUEL IGNACIO TOLEDO Y AV. EMILIANO ORTEGA,72571290,5,5,10,65,69,65,69,3500,699506.6144,9558702.716,-79.20304998,-3.99051997,NO,NO
11,LOJA,300,LOJA,6100,SUCRE,1,MIRAFLORES,1626,UNIVERSIDAD NACIONAL DE LOJA,SI,REINALDO ESPINOSA Y PIO JARAMILLO ALVARADO,72548433,24,24,48,1,24,1,24,16800,699384.6615,9553857.008,-79.20405232,-4.03433918,NO,NO
11,LOJA,300,LOJA,6100,SUCRE,1,MIRAFLORES,5526,FACULTAD DE SALUD HUMANA - UNL,NO,Calle Manuel Ignacion Monteros y Alfredo Mora Reyes,72571379,8,8,16,51,58,51,58,5600,699023.432,9558465.398,-79.2073959,-3.99267542,NO,NO
11,LOJA,300,LOJA,6100,SUCRE,1,MIRAFLORES,5280,UE PADRE JULIÁN LORENTE,NO,NICOLASA JURADO,2586515,4,4,8,70,73,70,73,2666,698608.63,9557689.94,-79.21111559,-3.99969562,NO,NO
11,LOJA,300,LOJA,6100,SUCRE,3,CELI ROMÁN,5260,EGB JUAN MARÍA RIOFRÍO,NO,AV LOS PALTAS,2586676,3,2,5,4,6,3,4,1435,698717.525,9558058.681,-79.21014232,-3.99635915,NO,NO
11,LOJA,300,LOJA,6100,SUCRE,3,CELI ROMÁN,6052,EGB FILOMENA MORA DE CARRIÓN,NO,CALLE BOLIVAR BAILÓN Y AV CUXIBAMBA,72570098,3,2,5,1,3,1,2,1750,699146,9559076,-79.20630427,-3.98715169,NO,NO
11,LOJA,300,LOJA,6100,SUCRE,4,CLODOVEO,5269,EGB VICENTE BASTIDAS REINOSO,NO,RIO DE JANEIRO Y ASUNCION,72613022,4,3,7,1,4,1,3,2017,698482.9999,9559712,-79.21228633,-3.98141373,NO,NO
11,LOJA,300,LOJA,6100,SUCRE,5,BELÉN,5307,EGB 25 DE DICIEMBRE,NO,HABANA Y AV ISIDRO AYORA,2552536,3,2,5,1,3,1,2,1667,697268.63,9560043.63,-79.22322689,-3.97843869,NO,NO
11,LOJA,300,LOJA,6100,SUCRE,8,GRAN COLOMBIA,5446,CEI JOSÉ MIGUEL GARCÍA MORENO,NO,BOLIVAR ENTRE AV. EMILIANO ORTEGA Y JUAN DE SALINAS,2582275,2,1,3,1,2,1,1,897,699548,9558647,-79.20267625,-3.99102296,NO,NO
11,LOJA,300,LOJA,6100,SUCRE,9,TIERRAS COLORADAS,5264,ESCUELA DE EDUCACIÓN BÁSICA MUNICIPAL EDGAR VICENTE GARRIDO JARAMILLO,NO,AV EUGENIO ESPEJO,2652003,2,1,3,1,2,1,1,713,695031.8194,9556385.642,-79.24329676,-4.01155967,NO,NO
11,LOJA,300,LOJA,6100,SUCRE,7,BOLONIA,8066,EGB FILOMENA ROJAS OCAMPO,NO,AV VILLONACO,0,3,2,5,1,3,1,2,1502,695236.35,9558210.08,-79.24149029,-3.99505807,NO,NO
11,LOJA,310,PALTAS,995,CASANGA,0,,2589,UE MANUEL JOSÉ JARAMILLO,NO,22 DE FEBRERO Y PALTAS,73031639,2,2,4,1,2,1,2,1081,637190.7183,9556250.229,-79.76418608,-4.01374045,NO,NO
11,LOJA,320,CALVAS,1550,SANGUILLIN,0,,2984,UE SANGUILLÍN,NO,AVENIDA CARIAMANGA Y AVENIDA LA CRUZ,3033656,2,2,4,1,2,1,2,895,666060.47,9507984.66,-79.50334397,-4.4498047,NO,SI
11,LOJA,295,ZAPOTILLO,2000,BOLASPAMBA,2,VEGA ALTA,2933,EGB 1 DE MAYO,NO,VIA MANGAHURQUILLO,0,1,1,2,1,1,1,1,232,577217,9549347,-80.30433876,-4.07682851,NO,NO
11,LOJA,300,LOJA,6100,SUCRE,6,MENFIS-OBRAPIA,5259,UE MANUEL IGNACIO MONTEROS,NO,AV VILLONACO,2326701,4,3,7,1,4,1,3,2200,697118.26,9557762.54,-79.22453653,-3.99906838,NO,NO
11,LOJA,345,SOZORANGA,3935,TACAMOROS,3,PANDUANA,2870,EGB EMILIANO ORTEGA ESPINOZA,NO,VÍA A TACAMOROS,0,1,1,2,1,1,1,1,161,643634.9,9511293.33,-79.70547384,-4.420263,NO,SI
11,LOJA,290,CATAMAYO,1200,EL TAMBO,2,LA MERCED,2108,UE EMILIANO ABENDAÑO GONZÁLEZ,NO,AV MALACATOS - EL TAMBO,73027131,1,1,2,1,1,1,1,213,689284.0751,9541831.51,-79.29477509,-4.14327998,NO,NO
11,LOJA,315,CELICA,3535,SAN JUAN DE POZUL,2,POTRERILLOS,2543,EGB JOSÉ JAVIER EGUIGUREN,NO,VÍA A LA PARROQUIA CHAQUINAL,999999999,1,1,2,1,1,1,1,65,604833,9548913,-80.05555667,-4.08050011,NO,SI
11,LOJA,310,PALTAS,1380,GUACHANAMA,4,EL LIMON,5255,EGB PARCIALIDAD DE LOS PALTAS,NO,"Vía Perimetral a Macará, margen Derecho",0,1,1,2,1,1,1,1,146,631922.8257,9552336.377,-79.81158082,-4.04921144,NO,SI
11,LOJA,311,OLMEDO,6730,OLMEDO,0,,1203,UEF MONSEÑOR ALBERTO ZAMBRANO PALACIOS,SI,MONSEÑOR JORGE GUILLERMO ARMIJOS Y SUCRE,72650053,6,6,12,1,6,1,6,3852,650322.1175,9565079.245,-79.64604998,-3.93369997,NO,NO
11,LOJA,315,CELICA,695,CRUZPAMBA/BUSTAMANTE,0,,8068,UE CRUZPAMBA,NO,CALLE 4 DE NOVIEMBRE,0,2,2,4,1,2,1,2,1061,610358.89,9540474.23,-80.00568395,-4.1567726,NO,NO
11,LOJA,315,CELICA,1495,TNTE M.RODRIGUEZ LOAYZA,0,,2541,EGB ALFREDO ROBERS,NO,EUSEVIA REYES,0,1,1,2,1,1,1,1,519,603876.79,9539000.58,-80.06406547,-4.17017428,NO,NO
11,LOJA,305,SARAGURO,310,SUMAYPAMBA,1,SUMAYPAMBA,2749,UE ORILLAS DE JUBONES,SI,S/N,3015947,1,1,2,1,1,1,1,754,683257.29,9628694.9,-79.35052749,-3.35787697,NO,NO
11,LOJA,290,CATAMAYO,1200,EL TAMBO,1,EL TAMBO,6087,UE DEL MILENIO EL TAMBO,SI,EL TAMBO,0,4,4,8,1,4,1,4,2488,687436,9549225,-79.31155983,-4.07645721,NO,NO
11,LOJA,290,CATAMAYO,1480,GUAYQUICHUMA,0,,2063,EGB NELSON ROMERO,NO,15 DE SEPTIEMBRE,73026861,1,1,2,1,1,1,1,444,660313.61,9577730.95,-79.55626947,-3.81912647,NO,NO
11,LOJA,290,CATAMAYO,3610,SAN PEDRO DE LA BENDITA,0,,2067,COLEGIO BACHILLERATO 8 DE DICIEMBRE,NO,TEODORO JARAMILLO Y 29 DE JUNIO,72569134,3,3,6,1,3,1,3,1512,673757.6407,9563895.911,-79.43499594,-3.94403099,NO,NO
11,LOJA,290,CATAMAYO,4455,ZAMBI,0,,2059,UE PEDRO VÍCTOR FALCONÍ,NO,CALLE PRINCIPAL S/N,72197019,1,1,2,1,1,1,1,491,662524,9567246,-79.53620512,-3.91391782,NO,NO
11,LOJA,290,CATAMAYO,5270,CATAMAYO,1,CATAMAYO,212,UE OVIDIO DECROLY,SI,AV. CATAMAYO ENTRE OLMEDO Y JUAN MONTALVO,72677122,12,10,22,1,12,1,10,7700,682224.22,9558875.934,-79.35866998,-3.98927997,NO,NO
11,LOJA,290,CATAMAYO,5270,CATAMAYO,1,CATAMAYO,1018,EGB GABRIELA MISTRAL,NO,1 DE MAYO Y 24 DE MAYO,72676866,10,10,20,13,22,11,20,7000,682504.4324,9559055.623,-79.35614998,-3.98764997,NO,NO
11,LOJA,290,CATAMAYO,5270,CATAMAYO,1,CATAMAYO,1001,UE NUESTRA SEÑORA DE ROSARIO,SI,9 DE OCTUBRE Y EUGENIO ESPEJO,72677929,6,6,12,23,28,21,26,4200,682002,9559209,-79.36067698,-3.98627201,NO,NO
11,LOJA,290,CATAMAYO,5270,CATAMAYO,1,CATAMAYO,6085,UE EMILIANO ORTEGA ESPINOZA,NO,18 DE AGOSTO Y OLMEDO,72677046,4,4,8,29,32,27,30,2565,681743,9559251,-79.36300994,-3.98589685,NO,NO
11,LOJA,290,CATAMAYO,6825,SAN JOSE,0,,2376,UEF SAN JUAN BAUTISTA,NO,ALFREDO VAQUERIZO ENTRE DIEGO NOBOA Y MARIA URBINA,72558198,3,2,5,1,3,1,2,1474,682822,9557909,-79.35326972,-3.99801327,NO,NO
11,LOJA,295,ZAPOTILLO,280,LIMONES,1,LIMONES,2383,UE FRANCISCO DE ORELLANA,NO,AV. CHECA Y RUFINO ZAPATA,3031832,2,2,4,1,2,1,2,987,572272,9515112,-80.34862837,-4.38656359,NO,NO
11,LOJA,295,ZAPOTILLO,290,GARZAREAL,1,GARZAREAL,2387,EGB ZAMORA,NO,SN,7310381,2,2,4,1,2,1,2,984,584620,9524034,-80.23742583,-4.30574988,NO,NO
11,LOJA,295,ZAPOTILLO,550,MANGAHURCO,1,MANGAHURCO,2557,COLEGIO DE BACHILLERATO MANGAHURCO,NO,SN,73100525,1,1,2,1,1,1,1,627,563156.3583,9540661.806,-80.43095303,-4.15549802,NO,NO
11,LOJA,295,ZAPOTILLO,2710,PALETILLAS,1,PALETILLAS,2371,EGB LUIS FELIPE BORJA,SI,AV. LOJA Y 23 DE ENERO,73097956,3,3,6,1,3,1,3,2010,580883,9539560,-80.2712323,-4.16533346,NO,NO
11,LOJA,295,ZAPOTILLO,6320,ZAPOTILLO,0,,926,COLEGIO DE BACHILLERATO ZAPOTILLO,SI,PALETILLAS Y 9 DE OCTUBRE,72647106,7,7,14,1,7,1,7,4696,583962.6282,9515210.854,-80.24326998,-4.38556997,NO,NO
11,LOJA,300,LOJA,975,CHUQUIRIBAMBA,0,,1517,UE GONZÁLEZ SUÁREZ,SI,AV. LOJA,72719021,4,3,7,1,4,1,3,2206,683815.9443,9574792.088,-79.34461998,-3.84531997,NO,NO
11,LOJA,300,LOJA,1135,EL CISNE,0,,2353,UEF CORAZÓN DE MARÍA,NO,NICANOR ROBERTO AGUIRRE Y HARRIS MORALES,72106137,2,2,4,1,2,1,2,1372,674795,9574240,-79.42582898,-3.85046699,NO,NO
11,LOJA,300,LOJA,1405,GUALEL,0,,2249,EGB ÁLVAREZ SÁNCHEZ COLOMBIA,NO,ROCAFUERTE,2198069,3,3,6,1,3,1,3,1755,680219,9583223,-79.37714671,-3.76913947,NO,NO
11,LOJA,300,LOJA,1780,QUINARA,0,,2896,UE DR. BALTAZAR AGUIRRE,NO,VIA ANTIGUA A YANGANA,73025451,2,2,4,1,2,1,2,1288,695858.13,9522518.86,-79.23517396,-4.31778453,NO,NO
11,LOJA,320,CALVAS,590,COLAIZACA,2,EL BATÁN,3000,UE HIPÓLITO AMADO LOAIZA,NO,VIA A CHINCHANGA SECTOR EL BATAN,0,1,1,2,1,1,1,1,404,642358,9529008,-79.71725059,-4.26006251,NO,SI
11,LOJA,315,CELICA,3255,SABANILLA,2,HIGUERON,2456,EGB TERESA CEPEDA Y FUENTES,NO,VÍA AL GUABO SABANILLA,0,1,1,2,1,1,1,1,131,588321,9533661,-80.20416504,-4.2186305,NO,SI
11,LOJA,325,MACARA,5680,MACARA,2,ALGODONAL,2359,EGB CORONEL MIGUEL ÁNGEL ESTRELLA,NO,SN,999999999,1,1,2,1,1,1,1,94,605289,9526859,-80.0512091,-4.27998653,NO,NO
11,LOJA,730,PINDAL,4545,MILAGROS,1,MILAGROS,2537,EGB EDUARDO HANNER,NO,VIA AL CEMENTERIO,0,2,3,5,1,2,1,3,1572,594085,9545553,-80.15234615,-4.11100238,NO,NO
11,LOJA,330,PUYANGO,1155,EL LIMO /MARIANA DE JESUS,2,MANGURQUILLO,2935,EGB JULIO ALBERTO PAREDES,NO,S/N,0,1,1,2,1,1,1,1,214,580933,9552234,-80.27088591,-4.05068265,NO,SI
11,LOJA,345,SOZORANGA,3935,TACAMOROS,2,LA DELICIA,2888,COLEGIO DE BACHILLERATO DR. MANUEL AGUSTÍN AGUIRRE,NO,VIA A MACARÁ,3032161,1,1,2,1,1,1,1,273,637033,9514048,-79.7650058,-4.39544955,NO,NO
11,LOJA,345,SOZORANGA,6120,SOZORANGA,2,TANGULA,7983,CASA COMUNAL TANGULA,NO,VIA PRINCIPAL A MACARA,98259156,1,1,2,1,1,1,1,237,625434,9534340,-79.86979681,-4.21207381,NO,SI
11,LOJA,310,PALTAS,1380,GUACHANAMA,5,ZHOA LA ESPERANZA,7985,EGB ESTHER CARRION,NO,VIA PRINCIPAL,98552365,1,1,2,1,1,1,1,132,625157,9565092,-79.87267958,-3.93392277,NO,SI
11,LOJA,815,CHAGUARPAMBA,6530,CHAGUARPAMBA,0,,1303,UE CHAGUARPAMBA,SI,CALLE EL ORO Y PASAJE CELSA MOCHA,72600192,6,6,12,1,6,1,6,3845,650690.15,9571568.9,-79.64283002,-3.87499993,NO,NO
11,LOJA,305,SARAGURO,3340,SAN ANTONIO DE CUMBE,3,GUELEDEL,2899,EGB MARÍA FLORINDA ARMIJOS,NO,VIA ALVERJAS - LOMAS,3029491,1,1,2,1,1,1,1,76,696497,9610123,-79.2310859,-3.52560688,NO,SI
11,LOJA,295,ZAPOTILLO,2710,PALETILLAS,3,CAUCHO GRANDE,2379,EGB SOLDADO FRANCISCO ARTURO CORONEL,NO,VIA A LA BOCANA,0,1,1,2,1,1,1,1,161,585455,9547989,-80.23011379,-4.08904526,NO,NO
11,LOJA,300,LOJA,3970,TAQUIL /MIGUEL RIOFRIO,3,CERA,2193,EGB RICARDO VALDIVIESO,NO,S/N,2109373,1,1,2,1,1,1,1,468,689926,9568006,-79.28948796,-3.90657661,NO,NO
11,LOJA,310,PALTAS,2140,LAURO GUERRERO,2,LA PALMA,3164,EGB ANDRÉS F. CORDOVA,NO,VIA PRINCIPAL BARRIO LA PALMA,0,1,1,2,1,1,1,1,56,631306,9572167,-79.81739127,-3.8698528,NO,SI
11,LOJA,330,PUYANGO,565,CIANO,2,LAS COCHAS,2895,EGB MANUEL QUIROGA,NO,VIA CIANO,0,1,1,2,1,1,1,1,275,611333,9563202,-79.99716166,-3.95117823,NO,NO
11,LOJA,335,GONZANAMA,3270,SACAPALCA,3,LIMON VEGA,2126,EGB CAMILO PONCE ENRÍQUEZ,NO,VIA PILANCAY,0,1,1,2,1,1,1,1,98,658571,9541732,-79.5713982,-4.14472893,NO,SI
11,LOJA,335,GONZANAMA,3270,SACAPALCA,4,VEGA GRANDE,2187,EGB NEWTON,NO,VIA SAN JUAN,0,1,1,2,1,1,1,1,84,663040,9547229,-79.53123598,-4.09494099,NO,SI
11,LOJA,340,ESPINDOLA,790,EL INGENIO,2,GRANADILLO,2501,EGB ANA MARIETA ROJAS GARRIDO,NO,VIA GRANADILLO,2689515,1,1,2,1,1,1,1,164,678819,9507379,-79.38837264,-4.45503891,NO,SI
11,LOJA,345,SOZORANGA,6120,SOZORANGA,3,CHINCHANGA,8317,EGB MARCO AURELIO SUBIA MARTÍNEZ,NO,vía principal,,1,1,2,1,1,1,1,180,639043,9536163,-79.74722021,-4.19539738,NO,NO
11,LOJA,335,GONZANAMA,3270,SACAPALCA,1,SACAPALCA,2119,UE JOSÉ FÉLIX DE VALDIVIESO,NO,NOE MEJIA,3103466,2,2,4,1,2,1,2,1319,664514,9540733,-79.5178514,-4.15366498,NO,NO
11,LOJA,335,GONZANAMA,5400,GONZANAMA,0,,2421,UEF P. JORGE AVIATAR QUEVEDO,SI,"SIMON BOLIVAR, 18 DE NOVIEMBRE Y 24 DE MAYO",2664117,5,5,10,1,5,1,5,3250,673657,9532388,-79.4353499,-4.22897316,NO,NO
11,LOJA,340,ESPINDOLA,320,BELLAVISTA,1,BELLAVISTA,2506,UE JOSÉ MARÍA RIOFRÍO,NO,VIA LLAMACANCHI Y SAN FRANCISCO,0,2,2,4,1,2,1,2,1283,671255.3236,9495223.404,-79.45629199,-4.56511373,NO,NO
11,LOJA,340,ESPINDOLA,790,EL INGENIO,1,EL INGENIO,2503,EGB JAVIER VALDIVIESO,SI,VIA CONSAGUANA,0,2,2,4,1,2,1,2,1121,674139.87,9511179.66,-79.43060563,-4.42075947,NO,NO
11,LOJA,340,ESPINDOLA,1645,EL AIRO,0,,2504,EGB HERNANDO DE BARAHONA,NO,AVDA. EL AIRO Y 10 DE AGOSTO,0,1,2,3,1,1,1,2,807,678743.9332,9505161.246,-79.38900526,-4.47509591,NO,NO
11,LOJA,340,ESPINDOLA,1845,JIMBURA,0,,2508,UEF MONS. JULIO ERNESTO CELI,NO,AVDA. AMALUZA Y 24 DE ABRIL,3033100,3,3,6,1,3,1,3,1821,670472,9488035,-79.46321189,-4.6301369,NO,NO
11,LOJA,340,ESPINDOLA,3765,SANTA TERESITA,1,SANTA TERESITA,2516,EGB RIOBAMBA,NO,AV PRINCIPAL,0,2,2,4,1,2,1,2,1074,676481,9494555,-79.40918612,-4.57105535,NO,NO
11,LOJA,300,LOJA,1840,JIMBILLA,1,JIMBILLA,2848,COLEGIO BACHILLERATO LIBERTADOR BOLÍVAR,NO,VIA A IMBANA,73029753,2,2,4,1,2,1,2,990,703218,9573140,-79.16991736,-3.8599006,NO,NO
11,LOJA,300,LOJA,2325,MALACATOS/VALLADOLID,1,MALACATOS/VALLADOLID,421,EGB MARÍA MONTESSORI,SI,ALEJANDRO BRAVO Y BATALLÓN MONTUFAR,72673499,4,4,8,1,4,1,4,2800,693359.86,9533396.995,-79.25789998,-4.21946997,NO,NO
11,LOJA,300,LOJA,2325,MALACATOS/VALLADOLID,1,MALACATOS/VALLADOLID,6807,UEF MANUEL JOSÉ RODRIGUEZ,NO,AV MONTUFAR,72673177,6,6,12,5,10,5,10,3900,692109.782,9533768.158,-79.26916667,-4.21613889,NO,NO
11,LOJA,300,LOJA,3555,SAN LUCAS,1,SAN LUCAS,2779,CENTRO EDUCATIVO COMUNITARIO FISCOMISIONAL INTERCULTURAL SANTA CATALINA,NO,VIA PANAMERICANA,73029601,4,4,8,3,6,3,6,2551,692834,9587025,-79.26365185,-3.73453906,NO,NO
11,LOJA,300,LOJA,3555,SAN LUCAS,1,SAN LUCAS,517,UE MUSUK RIMAK,SI,CALLE CENTRAL,3029584,2,2,4,1,2,1,2,1400,692845.686,9586807.658,-79.2635428,-3.73650422,NO,NO
11,LOJA,300,LOJA,3770,SANTIAGO,0,,3355,EGB LUIS PASTEUR,NO,AVDA. PAQUISHA,3029679,2,2,4,1,2,1,2,1296,690625.27,9580630.99,-79.2834208,-3.79239826,NO,NO
11,LOJA,300,LOJA,3970,TAQUIL /MIGUEL RIOFRIO,1,TAQUIL /MIGUEL RIOFRIO,1493,UE GUILLERMO HERRERA SÁNCHEZ,NO,VIA A CHUQUIRIBAMBA,73025037,4,3,7,1,4,1,3,2190,689852.2,9569473.64,-79.29017925,-3.89330634,NO,NO
11,LOJA,300,LOJA,4235,VILCABAMBA/VICTORIA,0,,90,COLEGIO DE BACHILLERATO VILCABAMBA,SI,AV. DIEGO VACA DE VEGA Y LA PAZ,72640175,7,7,14,1,7,1,7,4622,697640.4991,9528785.665,-79.21924998,-4.26107997,NO,NO
11,LOJA,300,LOJA,4280,YANGANA / ARSENIO CASTILLO,0,,2927,UE MANUEL BENJAMÍN CARRIÓN,NO,ARSENIO CASTILLO Y 21 DE SEPTIEMBRE,3106309,2,2,4,1,2,1,2,1286,702245.9298,9517509.04,-79.17752585,-4.36294808,NO,NO
11,LOJA,300,LOJA,4475,CHANTACO,0,,2350,CB EDUARDO MORA MORENO,NO,S/N,73025004,2,2,4,1,2,1,2,1093,685861.313,9570867.474,-79.32613583,-3.88077426,NO,NO
11,LOJA,300,LOJA,4540,SAN PEDRO DE VILCABAMBA,0,,2776,UE SAN PEDRO DE VILCABAMBA,NO,A DOS CUADRAS DEL PARQUE CENTRAL,2721908,2,2,4,1,2,1,2,1110,697306,9530798,-79.22230456,-4.24289055,NO,NO
11,LOJA,300,LOJA,5320,EL SAGRARIO,0,,181,COLEGIO DE BACHILLERATO BEATRIZ CUEVA DE AYORA,SI,AV. ORILLAS DEL ZAMORA Y 10 DE AGOSTO,72571652,8,8,16,1,8,1,8,5600,700132.743,9558076.51,-79.19739998,-3.99616997,NO,NO
11,LOJA,300,LOJA,5320,EL SAGRARIO,0,,1611,EGB 18 DE NOVIEMBRE,NO,JUAN JOSE PEÑA 1091 Y MERCADILLO,72571368,6,6,12,9,14,9,14,4200,700030,9557572,-79.19831512,-4.00073397,NO,NO
11,LOJA,300,LOJA,5320,EL SAGRARIO,0,,263,UE PARTICULAR SANTA MARIANA DE JESÚS,NO,OLMEDO Y MIGUEL RIOFRIO,72724430,6,6,12,15,20,15,20,4200,699871.1611,9557808.349,-79.19974998,-3.99859997,NO,NO
11,LOJA,300,LOJA,5320,EL SAGRARIO,0,,125,UEF LA DOLOROSA,NO,OLMEDO Y JOSE ANTONIO EGUIGUREN,72570388,6,6,12,21,26,21,26,4145,699851.341,9558055.377,-79.19993331,-3.99636664,NO,NO
11,LOJA,300,LOJA,5320,EL SAGRARIO,0,,131,UE SAN FRANCISCO DE ASÍS,NO,IMBABURA158-41 Y BOLIVAR,72571854,5,0,5,27,31,1,0,1473,699662.3635,9558259.151,-79.20163889,-3.99452778,NO,NO
11,LOJA,295,ZAPOTILLO,4605,CAZADEROS,0,,2559,EGB PLAZA LEDESMA,NO,SN,73097962,1,1,2,1,1,1,1,419,557520,9548216,-80.48178013,-4.08719428,NO,NO
11,LOJA,300,LOJA,3555,SAN LUCAS,2,LAS JUNTAS,2853,EGB ATAHUALPA,NO,VIA A CAPUR,0,1,1,2,1,1,1,1,164,694627.537,9577695.554,-79.24733799,-3.81886989,NO,SI
11,LOJA,310,PALTAS,1000,YAMANA,0,,2593,EGB BERMEO VÁSQUEZ,NO,14 DE FEBRERO,3031955,2,2,4,1,2,1,2,907,644583.7501,9557925.752,-79.69762493,-3.99848247,NO,NO
11,LOJA,310,PALTAS,2140,LAURO GUERRERO,1,LAURO GUERRERO,2551,UE TCNEL. LAURO GUERRERO,NO,JAIME ROLDOS AGUILERA Y JOSE MARIA PEÑA,3031204,2,2,4,1,2,1,2,1411,637830.2709,9561311.167,-79.75849465,-3.96795686,NO,NO
11,LOJA,310,PALTAS,2630,ORIANGA,1,ORIANGA,2608,UE ORIANGA,NO,5 DE NOVIEMBRE Y RICARDO YANAGOMEZ,73031479,2,2,4,1,2,1,2,1340,625308.1767,9569101.615,-79.87136665,-3.89765346,NO,NO
11,LOJA,310,PALTAS,5180,CATACOCHA,0,,1361,EGB 3 DE DICIEMBRE,NO,ELOY ALFARO Y PACIFICO ORTIZ,2684031,4,4,8,13,16,13,16,2696,649760.396,9552311.96,-79.65091998,-4.04917997,NO,NO
11,LOJA,310,PALTAS,5180,CATACOCHA,0,,1327,UE MARISTA - ESCUELA,SI,LOURDES Y SUCRE,2684201,4,4,8,1,4,1,4,2800,650084.0243,9551964.243,-79.64799998,-4.05231997,NO,NO
11,LOJA,310,PALTAS,5180,CATACOCHA,0,,6092,UE PALTAS,SI,VENTURA ENCALADA Y VIA PANAMERICANA,72683040,8,8,16,5,12,5,12,5600,650303,9551443,-79.64601991,-4.05703095,NO,NO
11,LOJA,310,PALTAS,5595,LOURDES,1,LOURDES,2548,UEF MARISTA DE CATACOCHA,NO,LOURDES Y SUCRE,2683201,2,2,4,1,2,1,2,809,650109,9551981,-79.64777528,-4.05216803,NO,NO
11,LOJA,311,OLMEDO,2120,LA TINGUE,0,,2932,EGB ANTONIO NARIÑO,NO,JULIO CESAR BARRAGAN Y 14 DE JULIO,73057531,1,2,3,1,1,1,2,808,657900.59,9567464.23,-79.57784106,-3.91201603,NO,NO
11,LOJA,340,ESPINDOLA,4460,27 DE ABRIL /LA NARANJA,0,,2498,EGB AZOGUES,NO,25 DE MAYO Y AVDA. LIBERTAD,0,3,3,6,1,3,1,3,1589,671111,9508631,-79.45784809,-4.44386555,NO,NO
11,LOJA,340,ESPINDOLA,5020,AMALUZA,0,,527,UEF MONSEÑOR LUIS ALFONZO CRESPO,SI,AV ZUMBA,2653263,6,7,13,1,6,1,7,4330,674297.9034,9493048.783,-79.42882998,-4.58471997,NO,NO
11,LOJA,345,SOZORANGA,2575,NUEVA FATIMA,0,,2894,EGB ESMERALDAS,NO,GENERAL GUILLERMO RODRIGUEZ LARA,3028426,1,1,2,1,1,1,1,765,630754.21,9527993.44,-79.82177964,-4.26940655,NO,SI
11,LOJA,345,SOZORANGA,3935,TACAMOROS,1,TACAMOROS,1049,UE DOCTOR ZOILO RODRÍGUEZ,SI,24 DE NOVIEMBRE,73032574,3,2,5,1,3,1,2,1630,639688.38,9511120.88,-79.7410338,-4.42188405,NO,NO
11,LOJA,345,SOZORANGA,6120,SOZORANGA,1,SOZORANGA,1065,UE 18 DE NOVIEMBRE,SI,CELIN ARROBO Y FELICÍSIMO SAMANIEGO,72660184,4,4,8,1,4,1,4,2532,634330.1917,9521584.917,-79.78946998,-4.32731997,NO,NO
11,LOJA,730,PINDAL,835,CHAQUINAL,1,CHAQUINAL,2447,UE DOCTOR RAMÓN RIOFRÍO BUSTAMANTE,NO,VIA AL PAPAYO,73030735,2,2,4,1,2,1,2,1024,606945.7564,9552658.869,-80.0365648,-4.04659394,NO,NO
11,LOJA,730,PINDAL,1035,12 DE DICIEMBRE,1,12 DE DICIEMBRE,2536,EGB JUAN PIO MONTUFAR,NO,AV. JUAN PIO MONTUFAR,999999999,2,2,4,1,2,1,2,1270,601584,9549725,-80.08483275,-4.07318894,NO,NO
11,LOJA,730,PINDAL,5810,PINDAL /FEDERICO PAEZ,0,,2538,UE PINDAL,NO,CELICA,72553110,4,4,8,1,4,1,4,2800,599314,9544952,-80.10523346,-4.1163873,NO,NO
11,LOJA,730,PINDAL,5810,PINDAL /FEDERICO PAEZ,0,,969,EGB LUIS URDANETA,SI,AVENIDA 18 DE NOVIEMBRE Y VIA A ZAPOTILLO,2553538,2,3,5,5,6,5,7,1609,598848.118,9544903.584,-80.10942998,-4.11682997,NO,NO
11,LOJA,740,QUILANGA,360,FUNDOCHAMBA,0,,2176,EGB LUIS ALBERTO SOTOMAYOR,NO,VIA SAN ANTONIO DE LAS ARADAS,73025363,1,1,2,1,1,1,1,401,676912,9521339,-79.40582326,-4.32883255,NO,NO
11,LOJA,740,QUILANGA,3345,SAN ANTONIO DE LAS ARADAS,0,,2150,UE MIGUEL ANTORIANO SALINAS JARAMILLO,NO,NS,3025578,2,2,4,1,2,1,2,1027,677700.08,9517445.14,-79.39864932,-4.36403064,NO,NO
11,LOJA,740,QUILANGA,6260,QUILANGA /LA PAZ,0,,7979,UE QUILANGA COLEGIO,SI,AVENIDA LOJA Y MACRINA MARIN,72554248,4,4,8,1,4,1,4,2848,677363,9525116,-79.40183169,-4.29466759,NO,NO
11,LOJA,815,CHAGUARPAMBA,385,BUENAVISTA,0,,2195,COLEGIO BACHILLERATO JUAN FRANCISCO ONTANEDA,NO,LUCRECIA ALDEAN Y 21 DE SEPTIEMBRE,73082620,2,2,4,1,2,1,2,1108,642702,9569719,-79.71473633,-3.89184416,NO,NO
11,LOJA,815,CHAGUARPAMBA,1180,EL ROSARIO,0,,2210,CASA COMUNAL SALÓN SOCIAL EL ROSARIO,NO,SN,7357361,1,1,2,1,1,1,1,554,654781,9581527,-79.60613933,-3.78487671,NO,SI
11,LOJA,815,CHAGUARPAMBA,1450,AMARILLOS,0,,2243,EGB 12 DE FEBRERO,NO,10 DE AGOSTO,0,1,1,2,1,1,1,1,538,645214,9571583,-79.69214157,-3.87495026,NO,NO
11,LOJA,815,CHAGUARPAMBA,3755,SANTA RUFINA,1,SANTA RUFINA,2207,EGB CONDORAZO,NO,25 DE OCTUBRE Y CONDORAZO,73026900,2,2,4,1,2,1,2,936,637688,9574485,-79.759951,-3.84880465,NO,NO
11,LOJA,300,LOJA,6015,SAN SEBASTIAN,0,,185,UE DEL MILENIO BERNARDO VALDIVIESO,SI,AV. EDUARDO KINGMA Y CATAMAYO,72103433,20,20,40,1,20,1,20,14000,699943.3122,9556490.831,-79.19907428,-4.01051203,NO,NO
11,LOJA,300,LOJA,6015,SAN SEBASTIAN,0,,219,UE PÍO JARAMILLO ÁLVARADO,NO,BOLIVAR Y CATACOCHA,72570916,6,6,12,21,26,21,26,4200,699614.0401,9557276.754,-79.20205463,-4.00341195,NO,NO
11,LOJA,300,LOJA,6015,SAN SEBASTIAN,0,,268,EGB MIGUEL RIOFRÍO,SI,BERNARDO VALDIVIESO Y MERCADILLO,72571250,8,8,16,27,34,27,34,5600,699787,9557562,-79.20050291,-4.00082922,NO,NO
11,LOJA,300,LOJA,6015,SAN SEBASTIAN,0,,6078,UE PARTICULAR JOSÉ ANTONIO EGUIGUREN LA SALLE,NO,AV. ORILLAS DEL ZAMORA Y ROCAFUERTE,72570431,10,5,15,35,44,35,39,4750,700311,9557895,-79.19579136,-3.99780771,NO,NO
11,LOJA,300,LOJA,6210,EL VALLE,0,,417,UE FISCOMISIONAL DANIEL ÁLVAREZ BURNEO,SI,AV. DANIEL ALVAREZ Y AV. ORILLAS DEL ZAMORA,72570530,14,14,28,27,40,27,40,9800,699619.8584,9558840.196,-79.20203304,-3.98927459,NO,NO
11,LOJA,300,LOJA,6210,EL VALLE,0,,409,UNIDAD EDUCATIVA FISCOMISIONAL JOSÉ DE CALASANZ,SI,AV. ORILLAS DEL ZAMORA Y AV. ISIDRO AYORA,72613714,6,6,12,21,26,21,26,4200,699643.1252,9560186.538,-79.20184998,-3.97709997,NO,NO
11,LOJA,300,LOJA,6210,EL VALLE,0,,438,CONSERVATORIO DE MÚSICA SALVADOR BUSTAMANTE CELI,NO,AV. SALVADOR BUSTAMANTE CELI Y ORILLAS DEL ZAMORA,72613505,4,4,8,17,20,17,20,2800,699643.4502,9560335.835,-79.20184998,-3.97574997,NO,NO
11,LOJA,300,LOJA,6210,EL VALLE,0,,4400,UE TENIENTE CORONEL LAURO GUERRERO,SI,AV. SALVADOR BUSTAMANTE CELI,72711209,16,16,32,1,16,1,16,11200,697896,9563359.966,-79.21764232,-3.94843859,NO,NO
11,LOJA,300,LOJA,6210,EL VALLE,0,,6074,UNIVERSIDAD TÉCNICA PARTICULAR DE LOJA,SI,PARIS Y BRUSELAS,73701444,15,13,28,41,55,41,53,9503,699949,9559171,-79.19907597,-3.98627682,NO,NO
11,LOJA,305,SARAGURO,1165,EL PARAISO DE CELEN,0,,890,UE PEDRO VICENTE MALDONADO,SI,AVENIDA LOJA,73029905,4,3,7,1,4,1,3,2244,684448.0411,9601768.09,-79.33938639,-3.60136207,NO,NO
11,LOJA,305,SARAGURO,1190,EL TABLON,0,,2934,EGB REINO DE QUITO,NO,LAUREANO ARMIJOS Y CLEOPATRA MUÑOZ,0,1,1,2,1,1,1,1,769,703404,9615182,-79.16901734,-3.47974106,NO,NO
11,LOJA,305,SARAGURO,2280,LLUZHAPA,0,,2674,UE LATACUNGA,NO,CALLE MANUEL CARPIO Y AGUSTIN ORTEGA,72559017,2,2,4,1,2,1,2,1177,684692.3477,9613683.08,-79.3373801,-3.49360923,NO,NO
11,LOJA,305,SARAGURO,2360,MANU,1,MANU,1081,EGB NATAL ORELLANA,SI,29 DE MAYO Y 18 DE NOVIEMBRE,3109553,4,3,7,1,4,1,3,2186,676465.8031,9614557.513,-79.41142998,-3.48582997,NO,NO
11,LOJA,305,SARAGURO,3340,SAN ANTONIO DE CUMBE,1,SAN ANTONIO DE CUMBE,2941,UE SAN ANTONIO,NO,1 DE ENERO Y 2 DE JULIO,73029497,2,1,3,1,2,1,1,765,697172,9605727,-79.22493553,-3.56534652,NO,NO
11,LOJA,305,SARAGURO,3600,SAN PABLO DE TENTA,0,,8304,UE FRANCISCO CAMPOS,NO,SAN PABLO DE TENTA,73030012,4,4,8,1,4,1,4,2568,690113,9602424,-79.28841009,-3.59533602,NO,NO
11,LOJA,305,SARAGURO,3665,SAN SEBASTIAN DE YULUC,1,SAN SEBASTIAN DE YULOG,2751,EGB MACHALA,NO,S/N,0,1,1,2,1,1,1,1,636,673516,9627253,-79.43816413,-3.37106161,NO,NO
11,LOJA,305,SARAGURO,3815,SELVA ALEGRE,0,,8067,UE VICENTE BASTIDAS REINOSO,NO,SELVA ALEGRE,0,3,3,6,1,3,1,3,1630,683693.16,9607842.37,-79.34627919,-3.54644374,NO,NO
11,LOJA,305,SARAGURO,4145,URDANETA/PAQUISHAPA,0,,523,UE VIRGILIO ABARCA MONTESINOS,SI,10 DE JUNIO E INSTITUCIONES,3052700,5,5,10,1,5,1,5,3288,698807.2899,9601203.444,-79.21013889,-3.60622222,NO,NO
11,LOJA,305,SARAGURO,6075,SARAGURO,0,,499,UE SARAGURO ESCUELA,NO,JUAN ANTONIO CASTO Y JOSE MARIA VIVAR CASTRO,722200515,4,4,8,7,10,7,10,2800,695649.6119,9599578.691,-79.23852998,-3.62096997,NO,NO
11,LOJA,305,SARAGURO,6075,SARAGURO,0,,503,UE SARAGURO COLEGIO,SI,10 DE MARZP Y PANAMERICANA,2200118,6,6,12,1,6,1,6,4200,695863.31,9599198.962,-79.23659998,-3.62439997,NO,NO
11,LOJA,305,SARAGURO,6075,SARAGURO,0,,2995,UE FISCOMISIONAL SANTA MARIANA DE JESÚS,NO,AVDA. EL ORO E/JOSE MARIA VIVAR Y JUAN ANTONIO MONTESINOS,22200119,4,2,6,11,14,11,12,1752,695587.9155,9599467.975,-79.23908333,-3.62197222,NO,NO
11,LOJA,310,PALTAS,485,CANGONAMA,0,,2714,EGB VÍCTOR MANUEL REYES AZANZA,NO,29 DE MAYO Y CLEMENTE GUEVARA,0,2,2,4,1,2,1,2,908,644094.8907,9561513.525,-79.70207853,-3.96603971,NO,NO
11,LOJA,310,PALTAS,545,SAN ANTONIO,0,,2561,UE DR. CARLOS MANUEL ESPINOZA ESPINOZA,NO,AVENIDA DEL ESTUDIANTE,3031654,1,1,2,1,1,1,1,667,648253.1,9560022.32,-79.66460892,-3.97946699,NO,NO
12,LOS RIOS,520,BABA,1460,GUARE,4,CAMPO ALEGRE,3940,"ESCUELA DE EDUCACION BASICA"" VICTOR HUGO""",NO,VIA PUEBLOVIEJO RECINTO CAMPO ALEGRE,0,1,1,2,1,1,1,1,209,653720.4013,9835121.677,-79.61822333,-1.49126603,NO,NO
12,LOS RIOS,520,BABA,1460,GUARE,3,EL GUAYABO,3941,ESCUELA DE EDUCACION BASICA FRANCISCO CAMPOS COELLO,NO,VIA GUAYABO-CONCEPCION Y VIA VINCES - BABA,0,1,1,2,1,1,1,1,321,640478.393,9811210.49,-79.73710179,-1.70761539,NO,NO
12,LOS RIOS,520,BABA,1460,GUARE,1,GUARE,1862,UNIDAD EDUCATIVA GENERAL VILLAMIL,NO,VIA BABA - VINCES / AV GUILLERMO GUERRERO - GUARE,0,2,3,5,6,7,6,8,1530,644188.3207,9815150.382,-79.7037789,-1.67195711,NO,NO
12,LOS RIOS,520,BABA,1460,GUARE,1,GUARE,1699,UNIDAD EDUCATIVA GUARE,SI,AVENIDA GUILLERMO GUERRERO - VÌA VINCES,0,5,5,10,1,5,1,5,3500,644240.671,9815296.822,-79.70330923,-1.67063227,NO,NO
12,LOS RIOS,520,BABA,1740,ISLA DE BEJUCAL,0,,337,UNIDAD EDUCATIVA ISLA DE BEJUCAL,SI,AVENIDA BABAHOYO,0,7,7,14,1,7,1,7,4900,650545,9814679,-79.64664131,-1.67618183,NO,NO
12,LOS RIOS,520,BABA,1740,ISLA DE BEJUCAL,0,,4596,ESCUELA DE EDUCACION BASICA ANGEL VILLAMARIN ORTIZ,NO,AV. ICAZA ROLDOS Y TRISTAN DE AVILES,0,3,3,6,8,10,8,10,2039,650734.4855,9814595.677,-79.64493769,-1.67693427,NO,NO
12,LOS RIOS,520,BABA,5085,BABA,0,,1422,UNIDAD EDUCATIVA 23 DE JUNIO,SI,AV. GUAYAQUIL- ENTRE COLON Y LEON,0,14,14,28,1,14,1,14,9800,646765,9802853,-79.68054246,-1.78316915,NO,NO
12,LOS RIOS,520,BABA,5085,BABA,0,,1700,ESCUELA DE EDUCACION BASICA MIGUEL DE CERVANTES,NO,AV SUCRE 152 - BABA Y ROCAFUERTE,0,5,5,10,15,19,15,19,3500,647148,9802767,-79.67709924,-1.78394452,NO,NO
12,LOS RIOS,520,BABA,5085,BABA,0,,1750,COLISEO DE BABA CARLOS TORRES A.,NO,AV QUITO Y AV GUAYAQUIL,0,3,3,6,25,27,25,27,2100,647001.4013,9802708.677,-79.67841659,-1.78447299,NO,NO
12,LOS RIOS,520,BABA,5085,BABA,0,,1333,UNIDAD EDUCATIVA JUAN MONTALVO - BABA,SI,AV QUITO - ENTRE SIMON BOLIVAR Y GUAYAQUIL,0,5,5,10,20,24,20,24,3500,646902,9802667,-79.67930981,-1.7848506,NO,NO
12,LOS RIOS,520,BABA,5085,BABA,0,,6144,POLIDEPORTIVO MUNICIPAL DEL CANTON BABA,NO,AVENIDA QUITO Y AVENIDA GUAYAQUIL,0,3,6,9,28,30,28,33,2719,646365.1169,9803095.595,-79.68413844,-1.78097752,NO,NO
12,LOS RIOS,520,BABA,1460,GUARE,2,LA CARMELA,3942,"ESCUELA DE EDUCACION BASICA ""ZOILA UGARTE""",NO,TELMO LAJE Y CINCO DE ABRIL ( LA CARMELA - BABA),0,2,2,4,1,2,1,2,1177,643226.7318,9818423.346,-79.71244102,-1.64235908,NO,NO
12,LOS RIOS,515,BABAHOYO,5215,CLEMENTE BAQUERIZO,2,PUERTA NEGRA,4998,UNIDAD EDUCATIVA REPLICA EUGENIO ESPEJO,NO,KM 3 1/2 VIA MONTALVO,0,1,1,2,1,1,1,1,516,667416.4013,9799852.677,-79.49489887,-1.81016103,NO,NO
12,LOS RIOS,515,BABAHOYO,5285,DR. CAMILO PONCE E.,2,SAN JOSÉ,6907,UNIDAD EDUCATIVA GUILLERMO BAQUERIZO JIMENEZ,NO,VIA A BABAHOYO - ALFREDO BAQUERIZO,0,2,2,4,1,2,1,2,1260,660133.05,9790928.54,-79.5602981,-1.89092748,NO,NO
12,LOS RIOS,515,BABAHOYO,6830,BARREIRO /SANTA RITA,2,BARREIRO NUEVO,6192,UNIDAD EDUCATIVA ABDON CALDERON MUÑOZ,NO,CALLE K TRANSVERSAL SIN NOMBRE,0,1,1,2,1,1,1,1,239,664457,9801574,-79.52151093,-1.79461508,NO,NO
12,LOS RIOS,515,BABAHOYO,1525,LA UNION,2,EL CUATRO,6193,ESCUELA DE EDUCACION BASICA SOFIA ALARCON DE ESPIN,NO,VIA A LAS MALVINAS,0,1,1,2,1,1,1,1,193,674680,9808522,-79.42968007,-1.73170165,NO,NO
12,LOS RIOS,515,BABAHOYO,1265,FEBRES CORDERO,2,MATILDE ESTHER,3890,ESCUELA DE EDUCACION BASICA DR. HORACIO HIDROVO VELASQUEZ,NO,AB. JAIME ROLDOS AGUILERA,0,2,2,4,1,2,1,2,908,695551.1636,9766873.036,-79.24172591,-2.10816437,NO,NO
12,LOS RIOS,515,BABAHOYO,520,CARACOL,0,,6328,UNIDAD EDUCATIVA CARACOL - BLOQUE CENTRAL,SI,CALLE 10 DE AGOSTO,0,5,5,10,1,5,1,5,3500,670874,9815098,-79.46393357,-1.67225678,NO,NO
12,LOS RIOS,515,BABAHOYO,520,CARACOL,0,,7047,POLIDEPORTIVO DE CARACOL,NO,CALLE CARLOS SALAZAR Y 14 DE JUNIO,0,2,3,5,6,7,6,8,1502,671063.8683,9815294.774,-79.46222855,-1.67047582,NO,NO
12,LOS RIOS,515,BABAHOYO,1265,FEBRES CORDERO,1,FEBRES CORDERO,311,UNIDAD EDUCATIVA 29 DE AGOSTO,SI,AV FEBRES CORDERO,0,11,11,22,1,11,1,11,7700,683050.7032,9779666.164,-79.35420825,-1.99259407,NO,NO
12,LOS RIOS,515,BABAHOYO,1265,FEBRES CORDERO,1,FEBRES CORDERO,1994,ESCUELA DE EDUCACION BASICA ARMANDO PAREJA CORONEL,SI,12 DE OCTUBRE Y LOS RIOS,0,3,3,6,12,14,12,14,2100,682900.4323,9779353.977,-79.35555614,-1.99541867,NO,NO
12,LOS RIOS,515,BABAHOYO,1265,FEBRES CORDERO,1,FEBRES CORDERO,6178,POLIDEPORTIVO DE USO MULTIPLE DE MATA DE CACAO,NO,12 DE OCTUBRE,0,3,5,8,15,17,15,19,2431,681365,9936772,-79.37025915,-0.57181042,NO,NO
12,LOS RIOS,515,BABAHOYO,1525,LA UNION,1,LA UNION,321,UNIDAD EDUCATIVA ECUADOR,NO,AV ABRAN FREIRE,0,6,6,12,11,16,11,16,3665,678878,9811252,-79.39197186,-1.70698067,NO,NO
12,LOS RIOS,515,BABAHOYO,1525,LA UNION,1,LA UNION,4260,UNIDAD EDUCATIVA DEL MILENIO CARLOS ALBERTO AGUIRRE AVILES,SI,AV. JAIME ROLDOS AGUILERA Y JUAN CHANALATA,0,10,10,20,1,10,1,10,7000,678338.9574,9811021.918,-79.39681459,-1.70906553,NO,NO
12,LOS RIOS,515,BABAHOYO,2875,PIMOCHA,1,PIMOCHA,1940,UNIDAD EDUCATIVA SIMON BOLIVAR,NO,H ENTRE LA SEGUNDA Y LA TERCERA,0,5,6,11,14,18,14,19,3608,654641,9797147,-79.60970942,-1.83472488,NO,NO
12,LOS RIOS,515,BABAHOYO,2875,PIMOCHA,1,PIMOCHA,4656,UNIDAD EDUCATIVA DEL MILENIO SIMON BOLIVAR,SI,CALLE D ENTRE LAS MALVINAS Y LAS PALMAS,0,13,13,26,1,13,1,13,9100,654687.9012,9797318.944,-79.60928904,-1.8331694,NO,NO
12,LOS RIOS,515,BABAHOYO,5215,CLEMENTE BAQUERIZO,1,CLEMENTE BAQUERIZO,2061,UNIVERSIDAD TECNICA DE BABAHOYO,SI,AV UNIVERSITARIA KM 1.5 Y VIA MONTALVO,52570368,22,22,44,52,73,52,73,15400,665588.4013,9800871.677,-79.51133665,-1.80095869,NO,NO
12,LOS RIOS,515,BABAHOYO,5215,CLEMENTE BAQUERIZO,1,CLEMENTE BAQUERIZO,65,UNIDAD EDUCATIVA PADRE MARCOS BENETAZZO,SI,AVENIDA UNIVERSITARIA Y JUAN AGNOLETTO,0,22,22,44,1,22,1,22,15400,664691.5687,9800706.531,-79.51939628,-1.80245891,NO,NO
12,LOS RIOS,515,BABAHOYO,5215,CLEMENTE BAQUERIZO,1,CLEMENTE BAQUERIZO,319,UNIDAD EDUCATIVA EUGENIO ESPEJO,SI,AV UNIVERSITARIA Y VIA MONTALVO,0,14,14,28,28,41,28,41,9800,667226,9799854,-79.49661022,-1.8101505,NO,NO
12,LOS RIOS,515,BABAHOYO,5215,CLEMENTE BAQUERIZO,1,CLEMENTE BAQUERIZO,558,UNIDAD EDUCATIVA FRANCISCO HUERTA RENDON,SI,CALLE JUAN E. VERDEZOTO Y AV CLEMENTE BAQUERIZO,0,10,10,20,42,51,42,51,7000,664397.5752,9800718.443,-79.52203882,-1.80235333,NO,NO
12,LOS RIOS,515,BABAHOYO,5215,CLEMENTE BAQUERIZO,1,CLEMENTE BAQUERIZO,572,UNIDAD EDUCATIVA JOSE MARIA ESTRADA COELLO,SI,AV TIWINZA ENTRE TERCERA Y CUARTA,0,5,5,10,23,27,23,27,3500,664759.4013,9801033.677,-79.51878898,-1.79949964,NO,NO
12,LOS RIOS,515,BABAHOYO,5215,CLEMENTE BAQUERIZO,1,CLEMENTE BAQUERIZO,6009,UNIDAD EDUCATIVA EMIGDIO ESPARZA MORENO - BLOQUE 2,NO,CADLA 4 DE MAYO,0,5,1,6,81,85,81,81,1730,665633.5958,9800110.454,-79.51092483,-1.80784297,NO,NO
12,LOS RIOS,515,BABAHOYO,5215,CLEMENTE BAQUERIZO,1,CLEMENTE BAQUERIZO,6131,UNIDAD EDUCATIVA EMIGDIO ESPARZA MORENO - BLOQUE 1,SI,AV UNIVERSITARIA,0,7,7,14,74,80,74,80,4900,665790,9800075,-79.50951879,-1.80816246,NO,NO
12,LOS RIOS,515,BABAHOYO,5285,DR. CAMILO PONCE E.,1,DR. CAMILO PONCE E.,1867,UNIDAD EDUCATIVA BABAHOYO,SI,AVENIDA ENRIQUE PONCE LUQUE,0,13,13,26,1,13,1,13,9100,661760.67,9799773.29,-79.54573306,-1.81092077,NO,NO
12,LOS RIOS,515,BABAHOYO,5285,DR. CAMILO PONCE E.,1,DR. CAMILO PONCE E.,944,UNIDAD EDUCATIVA AURORA ESTRADA Y AYALA DE RAMIREZ PEREZ,SI,PRIMERO DE MAYO,0,10,10,20,17,26,17,26,7000,662385.4345,9800593.336,-79.54012343,-1.80349951,NO,NO
12,LOS RIOS,515,BABAHOYO,5285,DR. CAMILO PONCE E.,1,DR. CAMILO PONCE E.,1706,INSTITUTO TEGNOLÓGICO SUPERIOR ARGOS SEDE BABAHOYO,SI,AV ENRIQUE PONCE Y SEGUNDA TRANSVERSAL,0,5,5,10,27,31,27,31,3500,662022,9800086,-79.54338641,-1.80809064,NO,NO
12,LOS RIOS,515,BABAHOYO,5285,DR. CAMILO PONCE E.,1,DR. CAMILO PONCE E.,1736,UNIDAD EDUCATIVA JUAN E. VERDESOTO,SI,10 DE AGOSTO ENTRE ELOY ALFARO Y ROCAFUERTE,0,3,3,6,14,16,14,16,2100,663261.4013,9801019.677,-79.53225313,-1.79963721,NO,NO
12,LOS RIOS,515,BABAHOYO,5285,DR. CAMILO PONCE E.,1,DR. CAMILO PONCE E.,6170,UNIDAD EDUCATIVA ADOLFO MARIA ASTUDILLO,NO,AVENIDA ROLDOS,0,7,3,10,32,38,32,34,3255,662626,9800062,-79.53795733,-1.80830331,NO,NO
12,LOS RIOS,515,BABAHOYO,6830,BARREIRO /SANTA RITA,1,BARREIRO /SANTA RITA,1919,UNIDAD EDUCATIVA BARREIRO - BLOQUE 1,SI,EL CONCHERO Y CAMINO REAL,0,8,8,16,1,8,1,8,5600,664006.397,9801502.34,-79.52556049,-1.79526647,NO,NO
12,LOS RIOS,515,BABAHOYO,6830,BARREIRO /SANTA RITA,1,BARREIRO /SANTA RITA,8315,POLIDEPORTIVO MUNICIPAL PARROQUIA BARRERIO,NO,CALLE PRIMERA,,2,2,4,9,10,9,10,1139,663693.38,9801496.91,-79.52837389,-1.79531787,NO,NO
12,LOS RIOS,515,BABAHOYO,6835,EL SALTO,0,,3927,UNIDAD EDUCATIVA DARIO C GUEVARA,NO,AV LA INDEPENDENCIA Y AV ROSA MARIA BORJA DE ICAZA Y OLMEDO,0,6,6,12,1,6,1,6,3969,662807,9801459,-79.53634055,-1.79566717,NO,NO
12,LOS RIOS,515,BABAHOYO,1265,FEBRES CORDERO,3,PUEBLO NUEVO,3888,UNIDAD EDUCATIVA PUEBLO NUEVO,NO,AV. 2 DE AGOSTO,52716118,3,2,5,1,3,1,2,1509,677787.8482,9783388.955,-79.40154572,-1.95897327,NO,NO
12,LOS RIOS,515,BABAHOYO,2875,PIMOCHA,2,ISABEL MARIA,3879,ESCUELA DE EDUCACION BASICA ISABEL MARIA DE PONCE,NO,RECINTO: LA COMPANIA,0,1,1,2,1,1,1,1,30,659422.9729,9797839.265,-79.56673126,-1.82842966,NO,NO
12,LOS RIOS,515,BABAHOYO,2875,PIMOCHA,3,LA VIRGINIA,5365,ESTADIO MUNICIPAL LA VIRGINIA,NO,LA VIRGINIA,0,1,1,2,1,1,1,1,157,661998.23,9800857.6,-79.54360561,-1.80111224,NO,NO
12,LOS RIOS,945,BUENA FE,150,PATRICIA PILAR,2,LOS ANGELES,1541,ESCUELA DE EDUCACION BASICA LOS ANGELES,NO,VIA PARAISO LA 14,0,4,4,8,1,4,1,4,2326,675080.4013,9931355.677,-79.42670392,-0.6208108,NO,NO
12,LOS RIOS,945,BUENA FE,150,PATRICIA PILAR,1,PATRICIA PILAR,1316,ESCUELA DE EDUCACION BASICA CENTINELA DE LOS RIOS,SI,VIA SANTO DOMINGO AV PANAMERICANA Y ANTONIO GRANDA CENTENO,0,4,4,8,1,4,1,4,2800,681387.4677,9936750.794,-79.37005726,-0.57200214,NO,NO
12,LOS RIOS,945,BUENA FE,150,PATRICIA PILAR,1,PATRICIA PILAR,964,UNIDAD EDUCATIVA FLUMINENSE,SI,VIA SANTO DOMINGO - PANAMERICANA,52700026,9,9,18,5,13,5,13,6124,681427.0593,9936382.544,-79.36970064,-0.57533235,NO,NO
12,LOS RIOS,945,BUENA FE,6465,SN JACINTO DE BUENA FE,1,SN JACINTO DE BUENA FE,2008,ESCUELA DE EDUCACION BASICA MONTEVIDEO,SI,7 DE AGOSTO Y OLMEDO,0,6,6,12,58,63,58,63,4200,667857.3886,9900581.74,-79.49149889,-0.89915367,NO,NO
12,LOS RIOS,945,BUENA FE,6465,SN JACINTO DE BUENA FE,1,SN JACINTO DE BUENA FE,2009,UNIDAD EDUCATIVA QUINTILIANO SANCHEZ RENDON,SI,FELIPE ALVAREZ ENTRE LA 9 DE OCTUBRE Y SIMON PARRA,52950433,15,15,30,27,41,27,41,10500,667646,9900445,-79.49339765,-0.90039115,NO,NO
12,LOS RIOS,945,BUENA FE,6465,SN JACINTO DE BUENA FE,1,SN JACINTO DE BUENA FE,2010,UNIDAD EDUCATIVA JOSE MARIA VELASCO IBARRA,SI,ARCARIO FUENTES Y VIA BAJAÑA,52951230,26,26,52,1,26,1,26,18200,668367,9901520,-79.48692367,-0.89066603,NO,NO
12,LOS RIOS,945,BUENA FE,6465,SN JACINTO DE BUENA FE,1,SN JACINTO DE BUENA FE,2054,UNIDAD EDUCATIVA JUAN MONTALVO - BUENA FE,SI,JOSE SUAREZ Y RODRIGO TORRES,0,8,8,16,42,49,42,49,5600,667852.9925,9901152.765,-79.49154051,-0.89398926,NO,NO
12,LOS RIOS,945,BUENA FE,6465,SN JACINTO DE BUENA FE,1,SN JACINTO DE BUENA FE,2055,UNIDAD EDUCATIVA HEROES DEL CENEPA,SI,ELA ALAVA Y LUCIA GILCES,0,8,8,16,50,57,50,57,5600,668083.1459,9901037.842,-79.48947222,-0.89502778,NO,NO
12,LOS RIOS,945,BUENA FE,6465,SN JACINTO DE BUENA FE,1,SN JACINTO DE BUENA FE,4160,ESCUELA DE EDUCACION BASICA 13 DE ABRIL,NO,6 DE MARZO O EX CUENCA Y NATALIO ROSADO - BUENA FE,0,6,6,12,64,69,64,69,4200,667891.0624,9901594.951,-79.49120009,-0.88998993,NO,NO
12,LOS RIOS,945,BUENA FE,6465,SN JACINTO DE BUENA FE,1,SN JACINTO DE BUENA FE,6025,COLISEO DEL CLUB PATRIA DE BUENA FE,NO,AV. 7 DE AGOSTO,0,3,2,5,70,72,70,71,1395,667868.8799,9900740.703,-79.49139624,-0.89771594,NO,NO
12,LOS RIOS,945,BUENA FE,6465,SN JACINTO DE BUENA FE,2,FUMISA,3960,ESCUELA DE EDUCACION BASICA REPUBLICA DE ALEMANIA,NO,VIA PANAMERICANA KM 35 Y VIA SANTO DOMINGO,52746104,3,3,6,1,3,1,3,1585,670080.9063,9919314.229,-79.47158515,-0.72972765,NO,NO
12,LOS RIOS,946,MOCACHE,6695,MOCACHE,2,AGUAS FRIAS,3969,ESCUELA DE EDUCACION BASICA RIO AMAZONAS,NO,"VIA A MOCACHE - AGUAS FRIAS, CALLE PRINCIPAL",0,2,2,4,1,2,1,2,941,669962.4013,9856535.677,-79.47238375,-1.29750025,NO,NO
12,LOS RIOS,946,MOCACHE,6695,MOCACHE,3,SAN LUIS,3931,ESCUELA DE EDUCACION BASICA DR ANTONIO PARRA VELASCO,NO,KM 9 VIA QUEVEDO - EL EMPALME,0,3,2,5,1,3,1,2,1509,665026.4013,9880129.677,-79.5168523,-1.08413742,NO,NO
12,LOS RIOS,946,MOCACHE,6695,MOCACHE,4,ALEJO LASCANO,3967,UNIDAD EDUCATIVA ALEJO LASCANO,NO,VIA MOCACHE- SECTOR ALEJO LASCANO,0,2,2,4,1,2,1,2,1287,653746.4013,9870243.677,-79.61816671,-1.1736009,NO,SI
12,LOS RIOS,946,MOCACHE,6695,MOCACHE,1,MOCACHE,2005,ESCUELA DE EDUCACION BASICA VICENTE ROCAFUERTE,SI,AV WALTER ANDRADE -VIA MOCACHE - QUEVEDO,52707214,9,9,18,1,9,1,9,6300,665864.4013,9869018.677,-79.50927119,-1.18462376,NO,NO
12,LOS RIOS,946,MOCACHE,6695,MOCACHE,1,MOCACHE,2007,ESCUELA DE EDUCACION BASICA HONORATO VASQUEZ,SI,ABDON CALDERON Y SEGUNDA,0,6,6,12,31,36,31,36,4200,666236.4013,9868604.677,-79.50592654,-1.18836623,NO,NO
12,LOS RIOS,946,MOCACHE,6695,MOCACHE,1,MOCACHE,1740,UNIDAD EDUCATIVA MOCACHE,SI,AV WALTER ANDRADE,0,13,13,26,10,22,10,22,9100,666021.2399,9868736.919,-79.50786053,-1.18717126,NO,NO
12,LOS RIOS,946,MOCACHE,6695,MOCACHE,1,MOCACHE,1765,UNIDAD EDUCATIVA MARIA CORDERO LEON,SI,AV RAUL TRIVIÑO PERALTA - MOCACHE,52707430,8,8,16,23,30,23,30,5600,665563.4013,9868707.677,-79.51197435,-1.18743797,NO,NO
12,LOS RIOS,946,MOCACHE,6695,MOCACHE,1,MOCACHE,6046,POLIDEPORTIVO MUNICIPAL DEL CANTON MOCACHE,NO,LOT. LOS EMILIOS,0,4,6,10,37,40,37,42,3113,665484.9313,9869207.087,-79.51268186,-1.18292159,NO,NO
12,LOS RIOS,710,MONTALVO,4615,LA ESMERALDA,0,,3932,UNIDAD EDUCATIVA MONTALVO,NO,VIA MONTALVO - CALUMA - LA ESMERALDA,0,2,2,4,1,2,1,2,1336,691242,9811412,-79.28085919,-1.70543704,NO,NO
12,LOS RIOS,710,MONTALVO,5640,MONTALVO /SABANETA,2,LA PRETORIA,6213,UNIDAD EDUCATIVA RAFAEL MORAN VALVERDE,NO,SIMON BOLIVAR,0,1,1,2,1,1,1,1,167,690374,9805341,-79.2886103,-1.76034511,NO,NO
12,LOS RIOS,710,MONTALVO,5640,MONTALVO /SABANETA,1,MONTALVO /SABANETA,142,UNIDAD EDUCATIVA 10 DE AGOSTO,SI,AV. 10 DE AGOSTO Y JUAN 23,52953117,12,12,24,9,20,9,20,8400,690415.6235,9802107.643,-79.28820934,-1.78958453,NO,NO
12,LOS RIOS,710,MONTALVO,5640,MONTALVO /SABANETA,1,MONTALVO /SABANETA,201,UNIDAD EDUCATIVA LA INMACULADA,NO,AV QUITO ENTRE BABAHOYO Y GUILLERMO BAQUERIZO - MONTALVO,52956181,4,4,8,21,24,21,24,2800,690733.4013,9802012.677,-79.28535265,-1.79044064,NO,NO
12,LOS RIOS,710,MONTALVO,5640,MONTALVO /SABANETA,1,MONTALVO /SABANETA,286,UNIDAD EDUCATIVA FEDERICO GONZALEZ SUAREZ,NO,CALLE QUITO Y AV 25 DE ABRIL,52953271,4,4,8,5,8,5,8,2800,690594.6913,9801879.69,-79.28659813,-1.79164444,NO,NO
12,LOS RIOS,710,MONTALVO,5640,MONTALVO /SABANETA,1,MONTALVO /SABANETA,293,UNIDAD EDUCATIVA BASICA JUAN LEON MERA,SI,AV QUITO ENTRE 10 DE AGOSTO Y 25 DE ABRIL - MONTALVO,52953131,4,4,8,1,4,1,4,2800,690619.4013,9801910.677,-79.28637632,-1.79136401,NO,NO
12,LOS RIOS,710,MONTALVO,5640,MONTALVO /SABANETA,1,MONTALVO /SABANETA,6100,UNIDAD EDUCATIVA JAIME ROLDOS AGUILERA - BLOQUE 2,NO,VIA MONTALVO - GUARANDA,0,4,4,8,29,32,29,32,2540,689875,9802381,-79.29307025,-1.78711707,NO,NO
12,LOS RIOS,710,MONTALVO,5640,MONTALVO /SABANETA,1,MONTALVO /SABANETA,6102,UNIDAD EDUCATIVA JAIME ROLDOS AGUILERA - BLOQUE 1,NO,AV 25 DE ABRIL,0,4,4,8,25,28,25,28,2800,689896,9802426,-79.29288189,-1.78670995,NO,NO
12,LOS RIOS,750,PALENQUE,6330,PALENQUE,3,JAUNECHE,3972,"ESCUELA DE EDUCACION BASICA ""PEDRO J MONTERO""",NO,VIA A MOCACHE,0,2,2,4,1,2,1,2,1215,648275.4013,9862878.677,-79.66729713,-1.24023994,NO,NO
12,LOS RIOS,750,PALENQUE,6330,PALENQUE,2,LA LIBERTAD,3973,"ESCUELA DE EDUCACION BASICA ""28 DE ENERO """,NO,VIA LA LIBERTAD,0,1,1,2,1,1,1,1,393,652319.4013,9852869.677,-79.63090822,-1.33074935,NO,SI
12,LOS RIOS,750,PALENQUE,6330,PALENQUE,1,PALENQUE,1868,ESCUELA DE EDUCACION BASICA DOLORES SUCRE,SI,AV COTO FLORES Y BALZAR,0,9,9,18,1,9,1,9,6300,638358.825,9840915.715,-79.75631278,-1.43894119,NO,NO
12,LOS RIOS,750,PALENQUE,6330,PALENQUE,1,PALENQUE,6090,UNIDAD EDUCATIVA DEL MILENIO NICOLAS INFANTE DIAZ - PALENQUE,SI,AVENIDA JUAN CARLOS ASPIAZU,0,15,17,32,10,24,10,26,10857,638336,9841307,-79.75651983,-1.43540209,NO,NO
12,LOS RIOS,530,PUEBLO VIEJO,3015,PUERTO PECHICHE,0,,6861,UNIDAD EDUCATIVA AURORA ESTRADA AYALA - PUERTO PECHICHE,SI,AVENIDA LUISA NAVARRETE,0,7,8,15,1,7,1,8,4905,659955,9842193,-79.56223341,-1.42727413,NO,NO
12,LOS RIOS,530,PUEBLO VIEJO,3510,SAN JUAN,0,,1410,UNIDAD EDUCATIVA SAN JUAN,SI,AV PANAMERICANA Y 7 DE FEBRERO - SAN JUAN NUEVO,,11,11,22,1,11,1,11,7700,660370,9820459,-79.55837308,-1.62384204,NO,NO
12,LOS RIOS,530,PUEBLO VIEJO,3510,SAN JUAN,0,,1845,UNIDAD EDUCATIVA LEON DE FEBRES CORDERO,SI,LEON DE FEBRES DE CORDERO ENTRE VELASCO IBARRA Y 24 DE JUNIO,0,9,9,18,12,20,12,20,6300,660148,9820454,-79.56036827,-1.6238887,NO,NO
12,LOS RIOS,530,PUEBLO VIEJO,3510,SAN JUAN,0,,6062,COLISEO DE DEPORTES SAN JUAN,NO,AV AURORA ESTRADA,0,4,3,7,21,24,21,23,2334,659929,9820439,-79.56233643,-1.62402577,NO,NO
12,LOS RIOS,530,PUEBLO VIEJO,5800,PUEBLO VIEJO,0,,1943,ESCUELA DE EDUCACION BASICA MIGUEL SUAREZ SEMINARIO,SI,ABDON CALDERON Y 7 DE FEBRERO,,6,6,12,11,16,11,16,4200,663236.4013,9828489.677,-79.53266275,-1.55119188,NO,NO
12,LOS RIOS,530,PUEBLO VIEJO,5800,PUEBLO VIEJO,0,,1653,ESCUELA DE EDUCACION BASICA ESPAÑA,SI,MIGUEL SUAREZ SEMINARIO Y 9 DE OCTUBRE,52954399,6,6,12,5,10,5,10,4200,663300.4013,9828355.677,-79.53208675,-1.55240341,NO,NO
12,LOS RIOS,530,PUEBLO VIEJO,5800,PUEBLO VIEJO,0,,1661,UNIDAD EDUCATIVA PUEBLO VIEJO,SI,AV FERMIN CHAVEZ Y JUSTINO CORNEJO,52954119,4,4,8,1,4,1,4,2800,663345.4013,9828662.677,-79.53168424,-1.54962654,NO,NO
12,LOS RIOS,530,PUEBLO VIEJO,5800,PUEBLO VIEJO,0,,6064,ESCUELA DE EDUCACION BASICA GUILLERMO AROSEMENA CORONEL,NO,ABDON CALDERON,0,3,3,6,17,19,17,19,1648,663294,9828613,-79.53214588,-1.55007616,NO,NO
12,LOS RIOS,540,QUEVEDO,5855,QUEVEDO,2,QUEVEDO NORTE,1890,UNIDAD EDUCATIVA QUEVEDO,SI,AVENIDA QUITO KM 1 1/2 Y CALLE PATRIA NUEVA,0,13,13,26,1,13,1,13,9100,670538.8969,9888183.987,-79.46735677,-1.01126922,NO,NO
12,LOS RIOS,540,QUEVEDO,5855,QUEVEDO,2,QUEVEDO NORTE,1939,UNIDAD EDUCATIVA ELOY ALFARO - QUEVEDO,SI,KM 2 1/2 VIA A SANTO DOMINGO,0,6,8,14,24,29,24,31,4384,670496.0313,9889725.627,-79.4677484,-0.99732676,NO,NO
12,LOS RIOS,540,QUEVEDO,5855,QUEVEDO,2,QUEVEDO NORTE,2046,UNIVERSIDAD TECNICA ESTATAL DE QUEVEDO,SI,KM A1 1/2 VIA A SANTO DOMINGO Y AV WALTER ANDRADE,52370222,6,6,12,14,19,14,19,4200,670458.8282,9888026.292,-79.46807551,-1.01269576,NO,NO
12,LOS RIOS,540,QUEVEDO,5855,QUEVEDO,2,QUEVEDO NORTE,1901,ESCUELA DE EDUCACION BASICA JOSE ISAAC MONTES,SI,CARLOS JULIO AROSEMENA Y PATRIA NUEVA,0,4,4,8,20,23,20,23,2800,670122.9453,9887919.048,-79.47109293,-1.01366711,NO,NO
12,LOS RIOS,540,QUEVEDO,4420,LA ESPERANZA,0,,8312,ESCUELA EDUCACION BASICA JACINTO ASPIAZU PERALTA,SI,ASCENCIO CABRERA,0,7,7,14,1,7,1,7,4627,675517.96,9892932.48,-79.42264115,-0.96830305,NO,NO
12,LOS RIOS,540,QUEVEDO,4425,SAN CARLOS,0,,1926,UNIDAD EDUCATIVA SAN CARLOS,SI,AV ESTENIO BURGOS GALARZA Y VIA FRUTA DE PAN,52903105,12,12,24,1,12,1,12,8400,674531.4068,9876492.863,-79.43143135,-1.11698496,NO,NO
12,LOS RIOS,540,QUEVEDO,4425,SAN CARLOS,0,,8209,UNIDAD EDUCATIVA DEL MILENIO MARIA CARMELINA GRANJA VILLANUEVA,NO,Calle Estenio Burgos,0,5,5,10,13,17,13,17,2919,673575.29,9876627.59,-79.44002277,-1.11577111,NO,NO
12,LOS RIOS,540,QUEVEDO,5855,QUEVEDO,1,QUEVEDO,1828,ESCUELA DE EDUCACION BASICA MANUEL DE JESUS CALLE,SI,BOLIVAR ENTRE DECIMA PRIMERA Y DECIMA SEGUNDA,52750083,10,10,20,16,25,16,25,7000,670712.4013,9886215.677,-79.46578941,-1.02906991,NO,NO
12,LOS RIOS,540,QUEVEDO,5855,QUEVEDO,1,QUEVEDO,1937,ESCUELA DE EDUCACION BASICA NUESTRA SEÑORA DE FATIMA,SI,AV 7 DE OCTUBRE Y LA QUINTA,52750415,2,7,9,52,53,52,58,2648,670665.0914,9886759.272,-79.46621683,-1.02415383,NO,NO
12,LOS RIOS,540,QUEVEDO,5855,QUEVEDO,1,QUEVEDO,1942,ESCUELA DE EDUCACION BASICA OTTO AROSEMENA GOMEZ,SI,AV. JAIME ROLDOS AGUILERA ENTRE LA 18 Y 22,0,15,15,30,26,40,26,40,10500,670711.3111,9885633.202,-79.46579669,-1.03433783,NO,NO
12,LOS RIOS,540,QUEVEDO,5855,QUEVEDO,1,QUEVEDO,2051,ESCUELA DE EDUCACION BASICA CARLOS JULIO AROSEMENA TOLA,SI,12 DE OCTUBRE ENTRE LA B Y LA C,0,6,6,12,41,46,41,46,4200,670297.7533,9886069.877,-79.46951438,-1.03039033,NO,NO
12,LOS RIOS,540,QUEVEDO,5855,QUEVEDO,1,QUEVEDO,2058,UNIDAD EDUCATIVA AMERICA,SI,DECIMA CUARTA Y BOLIVAR,2752069,6,6,12,1,6,1,6,4200,670620.5836,9886029.313,-79.46661359,-1.03075578,NO,NO
12,LOS RIOS,540,QUEVEDO,5855,QUEVEDO,1,QUEVEDO,1860,ESCUELA DE EDUCACION BASICA QUITO,SI,DECIMA CUARTA Y MALECON,52750547,9,9,18,7,15,7,15,6300,670682.5496,9886047.674,-79.4660569,-1.03058946,NO,NO
12,LOS RIOS,540,QUEVEDO,5855,QUEVEDO,1,QUEVEDO,5435,COLISEO DE DEPORTES WELLINTONG CHANG LÚA - QUEVEDO,NO,AV. JAIME ROLDOS AGUILERA Y 10MA PRIMERA,52757644,5,5,10,47,51,47,51,3500,670385.9475,9885539.494,-79.46871966,-1.03518675,NO,NO
12,LOS RIOS,540,QUEVEDO,6115,SAN CAMILO,0,,1877,UNIDAD EDUCATIVA NICOLAS INFANTE DIAZ - SAN CAMILO,SI,CALLE BOLIVIA Y VIA GUAYAQUIL,0,14,14,28,1,14,1,14,9800,671585,9886601,-79.45795085,-1.02558125,NO,NO
12,LOS RIOS,540,QUEVEDO,6115,SAN CAMILO,0,,1695,UNIDAD EDUCATIVA UNIDAD POPULAR,SI,PANAMA Y GUATEMALA,0,10,10,20,15,24,15,24,7000,671396.8085,9886224.502,-79.4596401,-1.02898711,NO,NO
12,LOS RIOS,540,QUEVEDO,6115,SAN CAMILO,0,,1913,UNIDAD EDUCATIVA SAN CAMILO,SI,AV JOSE JOAQUIN OLMEDO y CALLE O,0,13,13,26,25,37,25,37,9100,671329.9303,9884996.069,-79.46023564,-1.04009734,NO,NO
12,LOS RIOS,540,QUEVEDO,6115,SAN CAMILO,0,,7048,UNIDAD EDUCATIVA 18 DE OCTUBRE,NO,SAN CAMILO AV ESTADO UNIDOS Y CALLE BRASIL,0,7,5,12,38,44,38,42,3980,671394.5393,9886570.116,-79.45966199,-1.02586139,NO,NO
12,LOS RIOS,540,QUEVEDO,6635,SAN CRISTOBAL,0,,2012,ESCUELA EDUCATIVA BASICA 15 DE NOVIEMBRE,NO,VIA A SAN CARLOS,0,5,3,8,7,11,7,9,2581,672817,9886549,-79.44688125,-1.02604614,NO,NO
12,LOS RIOS,540,QUEVEDO,6635,SAN CRISTOBAL,0,,2042,ESCUELA DE EDUCACION BASICA CELESTE CARLIER FUENTES,SI,AV GUAYAQUIL Y CUBA,0,6,6,12,1,6,1,6,4200,671772.1533,9886843.658,-79.45627035,-1.02338583,NO,NO
12,LOS RIOS,540,QUEVEDO,6640,VENUS DEL RIO QUEVEDO,0,,1865,UNIDAD EDUCATIVA DR MANUEL QUINTANA MIRANDA,SI,AV ROSITA PAREDES Y SAGRADO CORAZON DE JESUS,52797613,5,5,10,11,15,11,15,3500,669878.924,9889007.118,-79.47329003,-1.00382759,NO,NO
12,LOS RIOS,540,QUEVEDO,6640,VENUS DEL RIO QUEVEDO,0,,1923,ESCUELA DE EDUCACION BASICA CARLOS FINLAY,SI,MIGUEL DEL POZO Y FERNANDO DAQUILEMA,0,10,10,20,1,10,1,10,7000,669928.4254,9888670.058,-79.47284385,-1.00687576,NO,NO
12,LOS RIOS,540,QUEVEDO,6640,VENUS DEL RIO QUEVEDO,0,,6024,ESCUELA DE EDUCACIÓN BASICA LENIN,NO,ZOILA MARTINEZ,0,7,5,12,16,22,16,20,3939,669448,9888519,-79.4771598,-1.00824398,NO,NO
12,LOS RIOS,540,QUEVEDO,6645,NICOLAS INFANTE DIAZ,0,,1908,ESCUELA DE EDUCACION BASICA ARNULFO CHAVEZ MIRANDA,SI,LAS ASCAXIAS Y AV. SAN JUAN,0,8,7,15,1,8,1,7,4816,671605,9888831,-79.45778071,-1.00541307,NO,NO
12,LOS RIOS,540,QUEVEDO,6650,GUAYACAN,0,,1659,ESCUELA DE EDUCACION BASICA FAUSTO MOLINA MOLINA,NO,CALLE S/N,0,5,3,8,11,15,11,13,2708,668888.0198,9884448.058,-79.48217383,-1.0450643,NO,NO
12,LOS RIOS,540,QUEVEDO,6650,GUAYACAN,0,,1671,UNIDAD EDUCATIVA LOS GUAYACANES,SI,TERCERA ETAPA - SOLAR L,0,10,10,20,1,10,1,10,7000,668804.2136,9884569.108,-79.48292735,-1.04396988,NO,NO
12,LOS RIOS,540,QUEVEDO,6655,SIETE DE OCTUBRE,0,,1934,ESCUELA DE EDUCACION BASICA GENERAL QUISQUIS,NO,CALLE D ENTRE LA CUARTA Y QUINTA - QUEVEDO,52783959,4,3,7,11,14,11,13,2240,669925.4013,9884729.677,-79.47285414,-1.04251278,NO,NO
12,LOS RIOS,540,QUEVEDO,6655,SIETE DE OCTUBRE,0,,2060,UNIDAD EDUCATIVA SIETE DE OCTUBRE,SI,SEPTIMA ENTRE LA SEXTA Y LA K,52785540,10,10,20,1,10,1,10,7000,670122.7298,9884287.26,-79.47107921,-1.04651315,NO,NO
12,LOS RIOS,540,QUEVEDO,6660,VIVA ALFARO,0,,1822,UNIDAD EDUCATIVA JORGE CARRERA ANDRADE,SI,AV JAIME ROLDOS ENTRE LA 29 Y LA 30,0,10,9,19,1,10,1,9,6139,670419.817,9884834.111,-79.46841227,-1.0415661,NO,NO
12,LOS RIOS,540,QUEVEDO,6690,24 DE MAYO,0,,1992,UNIDAD EDUCATIVA 24 DE MAYO,SI,AV. JUAN DE DIOS ZARATE - VIA AGUA CLARA,52750020,10,9,19,1,10,1,9,6250,669831.27,9887007.55,-79.47370974,-1.02191199,NO,NO
12,LOS RIOS,546,QUINSALOMA,6915,QUINSALOMA,1,QUINSALOMA,2022,UNIDAD EDUCATIVA 16 DE MAYO,SI,16 DE MAYO Y SAN FRANCISCO - QUINSALOMA,0,10,10,20,1,10,1,10,7000,687374.7513,9866509.148,-79.31598301,-1.20720684,NO,NO
12,LOS RIOS,546,QUINSALOMA,6915,QUINSALOMA,1,QUINSALOMA,2028,ESCUELA DE EDUCACION BASICA CALICUCHIMA,SI,VIA LA LORENA Y MIRAFLORES - QUINSALOMA,99953235,8,9,17,11,18,11,19,5756,687566.4013,9866677.677,-79.31426201,-1.2056817,NO,NO
12,LOS RIOS,546,QUINSALOMA,6915,QUINSALOMA,2,PAMBILAR DE CALOPE,3964,ESCUELA DE EDUCACION BASICA GENERAL VICENTE ANDA AGUIRRE,NO,VIA A MORASPUNGO / CALLE MANABI,0,2,2,4,1,2,1,2,1156,686638.4013,9882898.677,-79.32268427,-1.05899429,NO,NO
12,LOS RIOS,535,URDANETA,3175,RICAURTE,4,SAN JOSE DE PIJULLO,3928,ESCUELA DE EDUCACION BASICA OCTAVIO GERARDO ICAZA,NO,VIA A CALUMA,0,1,1,2,1,1,1,1,577,678656.4013,9824047.677,-79.39405618,-1.59126259,NO,SI
12,LOS RIOS,535,URDANETA,3175,RICAURTE,1,RICAURTE,1864,ESCUELA DE EDUCACION BASICA GABRIEL GARCIA MORENO,SI,ANTONIO GUERRA ENTRE LAS PALMERAS Y ERNESTO CASAL,0,7,7,14,16,22,16,22,4584,670351.4013,9826481.677,-79.46870768,-1.56930663,NO,NO
12,LOS RIOS,535,URDANETA,3175,RICAURTE,1,RICAURTE,1973,UNIDAD EDUCATIVA RICAURTE,SI,AV. PINARGOTE,0,15,15,30,1,15,1,15,10500,670642.5254,9826746.029,-79.46609313,-1.5669139,NO,NO
12,LOS RIOS,535,URDANETA,5185,CATARAMA,0,,1985,UNIDAD EDUCATIVA 11 DE OCTUBRE,SI,JUSTINO LANDIVAR Y GILBERTO VACA,0,12,12,24,1,12,1,12,8400,669825.2701,9825785.415,-79.47343138,-1.57560711,NO,NO
12,LOS RIOS,535,URDANETA,5185,CATARAMA,0,,5436,ESCUELA DE EDUCACIÓN BASICA ABDON CALDERON,NO,AV. JUSTINO LANDIVAR Y AGUSTIN BURGOS,52940024,3,4,7,13,15,13,16,2360,669949.1111,9826123.66,-79.47232066,-1.5725472,NO,NO
12,LOS RIOS,535,URDANETA,3175,RICAURTE,5,LA HOJITA,3936,"ESCUELA DE EDUCACION BASICA ""6 DE OCTUBRE""",NO,VIA RICAUTE - CARACOL,0,1,1,2,1,1,1,1,179,671166.4013,9821153.677,-79.46134763,-1.61748743,NO,SI
12,LOS RIOS,535,URDANETA,3175,RICAURTE,6,POTOSI,3935,UNIDAD EDUCATIVA POTOSI,NO,CALLE S/N ( VIA LASTRADA AL RCTO GUAYACANES),53054605,1,1,2,1,1,1,1,608,684054.4013,9821072.677,-79.34552528,-1.61812826,NO,NO
12,LOS RIOS,535,URDANETA,3175,RICAURTE,2,SALAMPE,3939,"UNIDAD EDUCATIVA ""ANTONIO JOSE DE SUCRE""",NO,CALLE PRINCIPAL RAMON SANTAMARIA,0,1,1,2,1,1,1,1,255,681281,9829502,-79.37050813,-1.54191746,NO,SI
12,LOS RIOS,535,URDANETA,3175,RICAURTE,3,LA INDUSTRIA,3937,"ESCUELA DE EDUCACION BASICA ""YAGUACHI""",NO,VIA PRINCIPAL- ECHEANDIA,0,1,1,2,1,1,1,1,344,687891.4013,9828154.677,-79.31109619,-1.5540551,NO,SI
12,LOS RIOS,516,VALENCIA,6685,VALENCIA,8,LA UNIÓN,6992,ESCUELA DE EDUCACION BASICA ELOY ALFARO - VALENCIA,NO,SECTOR LA UNION - VIA A LA MANA,0,1,1,2,1,1,1,1,495,685448,9895381,-79.33343643,-0.94611705,NO,NO
12,LOS RIOS,516,VALENCIA,6685,VALENCIA,9,MONTE NUEVO,7027,UNIDAD EDUCATIVA JORGE WASHINTONG,NO,SALINAS DE MONTE NUEVO,0,1,1,2,1,1,1,1,228,708517,9939772,-79.12636249,-0.54460818,NO,SI
12,LOS RIOS,516,VALENCIA,6685,VALENCIA,5,RIO CHILA,3913,ESCUELA DE EDUCACION BASICA JULIO TOBAR BAQUERO,NO,AV. RIO CHILA Y S/N,0,2,2,4,1,2,1,2,931,677918.4013,9920300.677,-79.40117543,-0.72078181,NO,NO
12,LOS RIOS,516,VALENCIA,6685,VALENCIA,1,VALENCIA,1874,ESCUELA DE EDUCACION BASICA GALO PLAZA LASSO,SI,AV SUCRE,52948222,7,7,14,30,36,30,36,4900,683451.4013,9894414.677,-79.35137008,-0.95486463,NO,NO
12,LOS RIOS,516,VALENCIA,6685,VALENCIA,1,VALENCIA,1955,ESCUELA DE EDUCACION BASICA VICTOR MANUEL RENDON,SI,VICENTE ROCAFUERTE 500 Y 2 DE AGOSTO JORGE HERRERA CRUZ,52948434,13,13,26,17,29,17,29,9100,683513.6649,9894960.355,-79.35081304,-0.94992952,NO,NO
12,LOS RIOS,516,VALENCIA,6685,VALENCIA,1,VALENCIA,1990,UNIDAD EDUCATIVA CIUDAD DE VALENCIA,SI,AV 13 DE DICIEMBRE Y DECIMA COOP 12 DE JULIO,52948186,16,16,32,1,16,1,16,11200,682359.6466,9894781.755,-79.36118026,-0.95154967,NO,NO
12,LOS RIOS,516,VALENCIA,6685,VALENCIA,1,VALENCIA,6047,UNIDAD EDUCATIVA GREGORIO VALENCIA,NO,VICENTE ROCAFUERTE,0,3,5,8,40,42,40,44,2534,682654,9894771,-79.35853567,-0.95164566,NO,NO
12,LOS RIOS,516,VALENCIA,6685,VALENCIA,1,VALENCIA,6048,COLISEO 12 DE JULIO,NO,CALLE GARCIA MORENO Y LA CUARTA,0,3,3,6,37,39,37,39,2100,682691.7313,9894765.603,-79.35819666,-0.95169431,NO,NO
12,LOS RIOS,516,VALENCIA,6685,VALENCIA,6,COOPERATIVA 6 DE AGOSTO,3961,ESCUELA DE EDUCACION BASICA PACTO ANDINO,NO,VIA A LAS BANQUERAS,0,1,1,2,1,1,1,1,286,691316.4013,9910104.677,-79.28077557,-0.81294211,NO,NO
12,LOS RIOS,516,VALENCIA,6685,VALENCIA,7,GONZALEZ SUAREZ,3938,EX. ESCUELA DE EDUCACION BASICA REPUBLICA DEL SALVADOR,NO,VIA A SANTA MARIA DEL TOACHI,0,1,1,2,1,1,1,1,220,696688.4013,9924256.677,-79.23256771,-0.68494509,NO,SI
12,LOS RIOS,516,VALENCIA,6685,VALENCIA,4,FEDERICO INTRIAGO,3934,UNIDAD EDUCATIVA FEDERICO INTRIAGO,NO,VIA FEDERICO INTRIAGO - SAN SIMON,0,3,3,6,1,3,1,3,1531,673893.4013,9911517.677,-79.4373075,-0.80022711,NO,SI
12,LOS RIOS,516,VALENCIA,6685,VALENCIA,2,EL VERGEL,1956,ESCUELA DE EDUCACION BASICA EL VERGEL,SI,GUSTAVO CHONQUI Y LA PISTA,52329105,4,4,8,1,4,1,4,2844,683235.4013,9911806.677,-79.35337937,-0.79758048,NO,NO
12,LOS RIOS,516,VALENCIA,6685,VALENCIA,3,COSTA AZUL,3911,ESCUELA DE EDUCACION BASICA GIRON,NO,CENTRO DEL POBLADO VIA PRINCIPAL Y S/N,0,1,1,2,1,1,1,1,606,686990.4013,9903919.677,-79.31961498,-0.86889187,NO,SI
12,LOS RIOS,545,VENTANAS,4590,CHACARITA,0,,1373,"ESCUELA DE EDUCACION BASICA ""REMIGIO ROMERO Y CORDERO""",NO,LOS RIOS Y CALLE S/N,0,3,3,6,1,3,1,3,1675,680436.81,9849135.5,-79.37822099,-1.36436564,NO,NO
12,LOS RIOS,545,VENTANAS,6235,VENTANAS,3,MIRAFLORES,6898,ESCUELA DE EDUCACION BASICA RIO GUAYAS,NO,VIA A ECHANDIA,0,1,1,2,1,1,1,1,303,678182,9837051,-79.39840684,-1.4736679,NO,NO
12,LOS RIOS,545,VENTANAS,6235,VENTANAS,4,RINCÓN DEL CURA,6896,ESCUELA DE EDUCACION BASICA ANA PAREDES DE ALFARO,NO,VIA RINCON DEL CURA - PUERTO PECHICHE,0,1,1,2,1,1,1,1,162,667968,9843833,-79.49023402,-1.41239537,NO,NO
12,LOS RIOS,545,VENTANAS,6235,VENTANAS,2,LAS MALVINAS,4992,"UNIDAD EDUCATIVA ""VENTANAS""",NO,JIMMY IZQUIERDO Y CALLE R,0,1,1,2,1,1,1,1,587,671307.1301,9839246.24,-79.46020003,-1.45385807,NO,NO
12,LOS RIOS,545,VENTANAS,7480,10 DE NOVIEMBRE,0,,3926,UNIDAD EDUCATIVA MANUEL CORDOVA GALARZA,NO,MARIA ISABEL PUGA Y JUAN LEON MERA,0,4,3,7,1,4,1,3,2411,671758.4013,9841372.677,-79.45615773,-1.43462389,NO,NO
12,LOS RIOS,545,VENTANAS,4585,LOS ANGELES,0,,3943,UNIDAD EDUCATIVA BASICA MANUELITA SAENZ,NO,VIA A ECHEANDIA A LOS ANGELES Y HUMBERTO MALAGON,0,3,3,6,1,3,1,3,1681,680633,9842095,-79.3764144,-1.42803594,NO,NO
12,LOS RIOS,545,VENTANAS,4330,ZAPOTAL,3,TARIRA,3933,UNIDAD EDUCATIVA DEL MILENIO JOSE DE SAN MARTIN,NO,KM 24 VIA VENTANAS - QUEVEDO,0,2,1,3,1,2,1,1,864,675306,9866222,-79.42442006,-1.20986918,NO,NO
12,LOS RIOS,545,VENTANAS,4330,ZAPOTAL,4,AGUAS FRIAS DE MEDELLIN,3929,ESCUELA DE EDUCACION BASICA PEDRO PABLO EGUEZ BAQUERIZO,NO,VIA A MOCACHE Y CALLE S/N,0,1,1,2,1,1,1,1,645,670042,9848973,-79.47162635,-1.36589685,NO,NO
12,LOS RIOS,545,VENTANAS,4330,ZAPOTAL,1,ZAPOTAL,2031,UNIDAD EDUCATIVA ZAPOTAL,SI,ZAPTAL - VIA LAS NAVES,0,8,9,17,1,8,1,9,5556,678033.4013,9850266.677,-79.39982404,-1.35415016,NO,NO
12,LOS RIOS,545,VENTANAS,6235,VENTANAS,1,VENTANAS,1954,UNIDAD EDUCATIVA HUMBERTO MOREIRA MARQUEZ,SI,VIA PANAMERICANA LA Y,0,11,11,22,18,28,18,28,7700,670631.2248,9839886.434,-79.46627787,-1.44807232,NO,NO
12,LOS RIOS,545,VENTANAS,6235,VENTANAS,1,VENTANAS,1957,UNIDAD EDUCATIVA 6 DE OCTUBRE,SI,VIA TRONCAL DE LA COSTA/E25,52970474,17,17,34,1,17,1,17,11900,671365.0744,9840792.167,-79.45968876,-1.4398764,NO,NO
12,LOS RIOS,545,VENTANAS,6235,VENTANAS,1,VENTANAS,1972,UNIDAD EDUCATIVA ISIDRO AYORA CUEVA,SI,AV. LUIS FLORENCIA Y SUCRE,0,11,11,22,29,39,29,39,7700,671265.4013,9840230.677,-79.46058104,-1.44495511,NO,NO
12,LOS RIOS,545,VENTANAS,6235,VENTANAS,1,VENTANAS,1974,UNIDAD EDUCATIVA ADOLFO JURADO GONZALEZ,SI,AV. SEMINARIO ENTRE LA 28 DE MAYO Y VELASCO IBARRA,52970416,5,5,10,40,44,40,44,3500,671438.4013,9840361.677,-79.4590272,-1.44376929,NO,NO
12,LOS RIOS,545,VENTANAS,6235,VENTANAS,1,VENTANAS,4151,COLISEO DE DEPORTES - VENTANAS,NO,PANAMERICANA E25,0,2,2,4,45,46,45,46,1400,671133.4013,9841056.677,-79.46177224,-1.43748559,NO,NO
12,LOS RIOS,545,VENTANAS,6235,VENTANAS,1,VENTANAS,6190,ESCUELA DE EDUCACION BASICA REAL AUDIENCIA DE QUITO,NO,HECTOR CABRERA,0,2,2,4,62,63,62,63,1400,671139,9840273,-79.46171718,-1.44457312,NO,NO
12,LOS RIOS,545,VENTANAS,6235,VENTANAS,1,VENTANAS,6123,UNIDAD EDUCATIVA 10 DE NOVIEMBRE,NO,10 DE AGOSTO,0,3,3,6,59,61,59,61,2100,670865,9840439,-79.46418044,-1.44307349,NO,NO
12,LOS RIOS,545,VENTANAS,6235,VENTANAS,1,VENTANAS,6125,UNIDAD EDUCATIVA ANA ROSA VALDIVIESO DE LANDIVAR,SI,KM 1/2 VIA A LA HACIENDA LAS MERCEDES Y CALLE SIN NOMBRE,0,12,12,24,47,58,47,58,8400,670491,9839080,-79.46753306,-1.45536656,NO,NO
12,LOS RIOS,545,VENTANAS,6235,VENTANAS,1,VENTANAS,6147,ESCUELA DE EDUCACION BASICA CIUDAD DE VENTANAS,NO,JUAN MONTALVO,52970443,3,2,5,64,66,64,65,1546,671004,9839685,-79.46292675,-1.4498918,NO,NO
12,LOS RIOS,545,VENTANAS,4330,ZAPOTAL,2,NUEVO ZAPOTAL,3968,ESCUELA DE EDUCACIÓN BÁSICA 3 DE NOVIEMBRE,NO,E:25 VIA QUEVEDO,0,1,1,2,1,1,1,1,720,676181.4897,9849610.393,-79.41646099,-1.36009645,NO,NO
12,LOS RIOS,525,VINCES,140,ANTONIO SOTOMAYOR,5,CLARIZA,3966,"UNIDAD EDUCATIVA ""FRANCISCO TERAN""",NO,CENTRO DE LA COMUNIDAD,0,2,2,4,1,2,1,2,833,638247.2187,9810079.846,-79.75715022,-1.71785532,NO,NO
12,LOS RIOS,525,VINCES,140,ANTONIO SOTOMAYOR,1,ANTONIO SOTOMAYOR,8386,ESCUELA EDUCACION BASICA ARCADIO SOTO SANTANA,SI,AV. 13 DE ENERO Y 6 DE OCTUBRE,0,8,9,17,1,8,1,9,5932,633256.03,9818582.78,-79.8020614,-1.64097304,NO,NO
12,LOS RIOS,525,VINCES,6245,VINCES,1,VINCES,1829,ESCUELA DE EDUCACION BASICA ANGEL VELIZ MENDOZA,SI,AV AQUILES CARRIEL Y PRIMAVERA 1,0,6,6,12,51,56,51,56,4200,639273.4013,9827308.677,-79.74802312,-1.56201337,NO,NO
12,LOS RIOS,525,VINCES,6245,VINCES,1,VINCES,1861,ESCUELA DE EDUCACION BASICA DR. FRANCISCO MARTINEZ AGUIRRE,SI,10 DE AGOSTO Y 9 DE OCTUBRE,0,6,6,12,45,50,45,50,4200,639093.4013,9828036.677,-79.74964483,-1.55542953,NO,NO
12,LOS RIOS,525,VINCES,6245,VINCES,1,VINCES,1871,ESCUELA DE EDUCACION BASICA GUAYAQUIL,SI,CORDOVA Y 9 DE OCTUBRE,0,7,7,14,31,37,31,37,4900,639181.1589,9827906.893,-79.74885538,-1.55660296,NO,NO
12,LOS RIOS,525,VINCES,6245,VINCES,1,VINCES,1872,ESCUELA DE EDUCACION BASICA DR LORENZO RUFFO PEÑA,SI,RICAUTE Y 10 DE AGOSTO,52790752,6,6,12,25,30,25,30,4200,638725.4013,9827789.677,-79.75295106,-1.55766563,NO,NO
12,LOS RIOS,525,VINCES,6245,VINCES,1,VINCES,1743,UNIDAD EDUCATIVA DIEZ DE AGOSTO,SI,MAYAICU Y MACHINAZA,0,12,12,24,13,24,13,24,8400,638915.9518,9828347.126,-79.75124137,-1.55262244,NO,NO
12,LOS RIOS,525,VINCES,6245,VINCES,1,VINCES,1745,UNIDAD EDUCATIVA VINCES,SI,AV CORDOVA ENTRE GOMEZ CARBO Y PAQUISHA,0,12,12,24,1,12,1,12,8400,638659.2244,9827453.05,-79.75354406,-1.56071081,NO,NO
12,LOS RIOS,525,VINCES,6245,VINCES,1,VINCES,1848,ESCUELA DE EDUCACION BASICA CARLOS COELLO ICAZA,SI,MANUELA ESPEJO Y 14 DE JUNIO,0,7,7,14,38,44,38,44,4900,639008.4013,9827662.677,-79.7504068,-1.55881284,NO,NO
12,LOS RIOS,525,VINCES,6245,VINCES,1,VINCES,37,ESCUELA DE EDUCACION BASICA CIUDAD DE VINCES,SI,WALTER IÑIGUEZ VERA Y CALLE TERCERA,0,7,7,14,57,63,57,63,4900,638526.8313,9827030.117,-79.75473174,-1.56453699,NO,NO
12,LOS RIOS,525,VINCES,6245,VINCES,1,VINCES,4995,ESCUELA DE EDUCACION BASICA CATORCE DE JUNIO,NO,MACHINAZA Y CALLE A,0,4,4,8,74,77,74,77,2800,650316.4013,9832946.677,-79.64880367,-1.5109574,NO,NO
12,LOS RIOS,525,VINCES,6245,VINCES,1,VINCES,5008,UNIDAD EDUCATIVA JOSE DE ANTEPARA,SI,CUIDADELA FERNANDO RIVERA CAREGUA CALLE GALO GALECIO Y AV CHE GUEVARA,0,10,10,20,64,73,64,73,7000,639131.4013,9826986.677,-79.74929768,-1.56492665,NO,NO
12,LOS RIOS,525,VINCES,6245,VINCES,1,VINCES,6110,POLIDEPORTIVO VICTOR MOSCOSO,NO,AV JORGE AVILES,0,3,5,8,78,80,78,82,2611,638526.4656,9827073.316,-79.75473526,-1.56414625,NO,NO
12,LOS RIOS,525,VINCES,6245,VINCES,2,BALZAR DE VINCES,3962,UNIDAD EDUCATIVA DR. ANTONIO ANDRADE E.,NO,AV. PRINCIPAL - BALZAR DE VINCES,0,1,1,2,1,1,1,1,305,637979.154,9827964.081,-79.75965919,-1.55609212,NO,NO
12,LOS RIOS,525,VINCES,140,ANTONIO SOTOMAYOR,2,BAGATELA,3947,"ESCUELA DE EDUCACIÓN BÁSICA ""AMADO VARGAS NIVELA""",NO,AV VAINILLA y EMANUEL,0,2,2,4,1,2,1,2,1078,630748.4013,9814521.677,-79.82457945,-1.67772047,NO,SI
12,LOS RIOS,525,VINCES,6245,VINCES,4,MACUL,3946,UNIDAD EDUCATIVA LIC. RAFAEL SOTOMAYOR GALLARDO,NO,VÍA VINCES - GUAYAQUIL,0,1,1,2,1,1,1,1,556,626352.1953,9822309.583,-79.86413557,-1.60729885,NO,SI
12,LOS RIOS,525,VINCES,6245,VINCES,3,LA MECHA,3970,"UNIDAD EDUCATIVA ""JACINTO CARLIER CASTRO""",NO,KM 12 VÍA VINCES --MOCACHE,0,1,1,2,1,1,1,1,424,650632.6427,9843560.344,-79.64601907,-1.41495807,NO,SI
13,MANABI,230,FLAVIO ALFARO,1600,NOVILLO,4,SAN ANTONIO DE TIGRE-PATA DE MULA,1971,"ESCUELA ""SANTIAGO RAFAEL AIZPRUA ZAMBRANO""",NO,VIA A NOVILLO - PEDERNALES,0,1,1,2,1,1,1,1,104,636900,9981149,-79.76980402,-0.17051133,SI,SI
13,MANABI,230,FLAVIO ALFARO,5480,FLAVIO ALFARO,3,SAN JOSE DE TRIPA DE POLLO,2377,ESCUELA DE EDUCACIÓN BÁSICA LEÓNIDAS ESPINEL FRANCO,NO,VIA TRIPA DE POLLO - MARCO,53018193,1,1,2,1,1,1,1,137,642074,9977223,-79.723315,-0.20601916,SI,SI
13,MANABI,445,MONTECRISTI,5665,MONTECRISTI,5,PILE,5227,UNIDAD EDUCATIVA LUIS ANTONIO BAILON MENDOZA,NO,SAN MARTIN Y SAN PABLO,0,1,1,2,1,1,1,1,568,517554.265,9871240.909,-80.84221206,-1.16491783,NO,SI
13,MANABI,460,24 DE MAYO,2555,NOBOA,2,EL ENCUENTRO,2435,ESCUELA DE EDUCACIÓN BÁSICA FISCAL RIO CENEPA,NO,VÍA PAJAN-NOBOA,0,1,1,2,1,1,1,1,137,569932,9831529,-80.37133053,-1.52411405,NO,SI
13,MANABI,476,JAMA,6750,JAMA,2,LA MOCORA,2156,UNIDAD EDUCATIVA WISTON CHURCHILL,NO,VIA JAMA - SAN ISIDRO,0,1,1,2,1,1,1,1,494,593527.746,9970059.541,-80.15951078,-0.27085137,NO,SI
13,MANABI,465,ROCAFUERTE,5885,ROCAFUERTE,1,ROCAFUERTE,2331,UNIDAD EDUCATIVA ROCAFUERTE,SI,ATANACIO SANTOS Y ATAHUALPA,0,10,13,23,16,25,15,27,8050,561413.6794,9897757.072,-80.44802791,-0.92497983,NO,NO
13,MANABI,465,ROCAFUERTE,5885,ROCAFUERTE,1,ROCAFUERTE,2401,ESCUELA DE EDUCACIÓN BÁSICA LEÓN DE FEBRES CORDERO,SI,CALLE ROCAFUERTE,2644629,7,7,14,1,7,1,7,4900,561289.891,9897762.005,-80.44914047,-0.92493538,NO,NO
13,MANABI,465,ROCAFUERTE,5885,ROCAFUERTE,1,ROCAFUERTE,3063,ESCUELA DE EDUCACION BASICA ERNESTO VERA CEDEÑO,SI,CALLE ATAHUALPA Y CALLE ATANACIO SANTOS,52645151,8,7,15,8,15,8,14,5250,561356,9897786,-80.44854634,-0.9247182,NO,NO
13,MANABI,465,ROCAFUERTE,5885,ROCAFUERTE,1,ROCAFUERTE,4230,UNIDAD EDUCATIVA 2 DE AGOSTO,SI,ATAHUALPA,52644068,4,4,8,26,29,28,31,2800,560615,9897573,-80.45520579,-0.92664622,NO,NO
13,MANABI,465,ROCAFUERTE,5885,ROCAFUERTE,1,ROCAFUERTE,6501,UNIDAD EDUCATIVA FISCOMISIONAL SAN JUAN BOSCO,SI,CALLE ROCAFUERTE Y CALLE PICHINCHA,52644184,11,10,21,30,40,32,41,7151,561231.3508,9897813.209,-80.44966667,-0.92447222,NO,NO
13,MANABI,470,SANTA ANA,220,AYACUCHO,0,,2363,UNIDAD EDUCATIVA FISCAL MARISCAL AYACUCHO,SI,CALLE SUCRE KM 1 VÍA AYACUCHO- HORNORATO VÁSQUEZ VIA A POZA HONDA,52573106,10,10,20,1,10,1,10,6906,579965,9872447,-80.28124891,-1.15391905,NO,NO
13,MANABI,230,FLAVIO ALFARO,1600,NOVILLO,1,NOVILLO,2424,UNIDAD EDUCATIVA JOSE JEREMIAS VERA LOOR,NO,AV PALMA DE COCO,53028824,3,3,6,1,3,1,3,1631,627742.0988,9976283.442,-79.85208333,-0.21452778,NO,NO
13,MANABI,230,FLAVIO ALFARO,1620,ZAPALLO,0,,2372,UNIDAD EDUCATIVA RAYMUNDO AVEIGA MOREIRA,SI,ZAPALLO - VIA AL CONVENTO,0,4,5,9,1,4,1,5,2741,611868.9499,9950390.1,-79.99468329,-0.44876668,NO,NO
13,MANABI,230,FLAVIO ALFARO,5480,FLAVIO ALFARO,1,FLAVIO ALFARO,3132,ESCUELA DE EDUCACION BASICA FLAVIO ALFARO Nro. 52,SI,CALLE AMAZONA - CALLE MANABI,52353403,4,5,9,23,26,23,27,3092,621605,9955020,-79.9072059,-0.40687359,NO,NO
13,MANABI,230,FLAVIO ALFARO,5480,FLAVIO ALFARO,1,FLAVIO ALFARO,4223,"UNIDAD EDUCATIVA "" DR. CARLOS ROMO DAVILA""",SI,CALLE 29 DE ABRIL,52353270,8,7,15,1,8,1,7,5250,622029.0287,9955392.69,-79.90339631,-0.40350185,NO,NO
13,MANABI,230,FLAVIO ALFARO,5480,FLAVIO ALFARO,1,FLAVIO ALFARO,6452,UNIDAD EDUCATIVA DR. CARLOS ROMO DAVILA BLOQUE 2,SI,AV. CARLOS ALBERTO ARAY,0,9,8,17,9,17,8,15,5950,621492.6771,9955160.573,-79.90821532,-0.40560215,NO,NO
13,MANABI,230,FLAVIO ALFARO,5480,FLAVIO ALFARO,1,FLAVIO ALFARO,6439,UNIDAD EDUCATIVA MARIA EUGENIA DURAN BALLEN,SI,CIUDADELA CRISTO DE CONSUELO,52353196,5,7,12,18,22,16,22,4200,621477.6771,9954863.573,-79.90834974,-0.40828873,NO,NO
13,MANABI,440,PORTOVIEJO,10,ABDON CALDERON,0,,2274,UNIDAD EDUCATIVA FISCAL ABDON CALDERON,SI,VÍA MANTA QUEVEDO,0,12,13,25,1,12,1,13,8750,572302.7568,9886482.314,-80.35014371,-1.02696252,NO,NO
13,MANABI,440,PORTOVIEJO,10,ABDON CALDERON,0,,6530,UNIDAD EDUCATIVA AZUAY N.13 CAMPUS 1,NO,CALLE 10 DE AGOSTO,0,4,4,8,13,16,14,17,2800,573019,9886336,-80.34370613,-1.02828485,NO,NO
13,MANABI,440,PORTOVIEJO,10,ABDON CALDERON,0,,6531,UNIDAD EDUCATIVA AZUAY N 13 CAMPUS 2,NO,CALLE 10 AGOSTO,0,4,4,8,17,20,18,21,2417,573008.0312,9886285.448,-80.34380462,-1.0287422,NO,NO
13,MANABI,475,SUCRE,3445,SAN ISIDRO,4,SIMON BOLIVAR,7991,ESCUELA DE EDUCACIÓN BÁSICA PABLO GARCÍA ALARCÓN,NO,CALLE SIMON BOLIVAR,999999999,1,1,2,1,1,1,1,237,588167,9948002,-80.20766433,-0.47039683,NO,SI
13,MANABI,910,PEDERNALES,580,COJIMIES,8,GUACUCAL ARRIBA,7989,ESCUELA DE EDUCACION BASICA TENIENTE HUGO ORTIZ,NO,VIA A MARIANO,0,1,1,2,1,1,1,1,178,633365,10016614,-79.8015663,0.15027896,SI,SI
13,MANABI,910,PEDERNALES,580,COJIMIES,9,CHINDUL,7976,UNIDAD EDUCATIVA CONDOR MIRADOR,NO,AV. CONDOR MIRADOR,0,1,1,2,1,1,1,1,503,624885.3731,10025665.58,-79.87774978,0.23215966,NO,SI
13,MANABI,500,EL CARMEN,5300,EL CARMEN,9,LA Y DEL PARAISO,7987,ESCUELA DE EDUCACION GENERAL BASICA ALVARO PEREZ INTRIAGO,NO,LA Y DEL PARAISO - VIA PUERTO LIMON,0,1,1,2,1,1,1,1,239,676315,9957449,-79.41566939,-0.38482403,NO,SI
13,MANABI,490,JUNIN,5505,JUNIN,3,CAÑALES ARRIBA,8019,ESCUELA JOSE MARIA SOLORZANO CEVALLOS,NO,CAÑALES ARRIBA VIA ALGODON,0,1,1,2,1,1,1,1,268,587810,9889934,-80.21078043,-0.99570554,SI,SI
13,MANABI,485,BOLIVAR,5150,CALCETA,3,SAN MIGUEL DE SARAMPIÓN,7929,UNIDAD EDUCATIVA MARÍA ANGÉLICA HIDROVO,NO,SARAMPION 4 ESQUINAS,0,1,1,2,1,1,1,1,312,598554,9903872.9,-80.11425425,-0.86958675,NO,SI
13,MANABI,440,PORTOVIEJO,5030,ANDRES DE VERA,6,EL MAMEY,7970,UNIDAD EDUCATIVA FISCAL FRANCISCO PACHECO,NO,CALLE MEDARDO CEVALLOS,0,2,2,4,1,2,1,2,1080,561058,9882142,-80.45120122,-1.06624783,NO,NO
13,MANABI,460,24 DE MAYO,330,BELLAVISTA,3,JABONCILLO,7925,UNIDAD EDUCATIVA ANTONIO JOSE DE SUCRE CEDEÑO CORTEZ,NO,VIA A VALENTIN,0,1,1,2,1,1,1,1,675,575699,9853388,-80.31954719,-1.32634824,NO,NO
13,MANABI,440,PORTOVIEJO,3625,SAN PLACIDO,3,TABLADA DE MANCHA GRANDE,7986,ESCUELA DE EDUCACION BASICA PADRE JUAN DE VELASCO,NO,VIA A SAN PLACIDO,0,1,1,2,1,1,1,1,186,591362,9880056,-80.17883479,-1.08505752,NO,SI
13,MANABI,480,CHONE,6055,SANTA RITA,12,SAN ANDRÉS,8014,ESCUELA DE EDUCACION BASICA PLUTARCO ARTEAGA,NO,VIA A QUITO CHONE,0,2,2,4,1,2,1,2,908,606123,9926374,-80.04627971,-0.66602432,NO,NO
13,MANABI,480,CHONE,6055,SANTA RITA,13,NARCISO,8013,ESCUELA FISCAL MIXTA 14 DE AGOSTO,NO,VIA CHONE - CANUTO,0,1,1,2,1,1,1,1,280,602570,9919378,-80.07819515,-0.7293171,NO,SI
13,MANABI,440,PORTOVIEJO,50,ALHAJUELA /BAJO GRANDE,1,ALHAJUELA /BAJO GRANDE,2497,UNIDAD EDUCATIVA ALAJUELA BLOQUE 2 (EX ESCUELA PATRIA),NO,VIA MANTA QUEVEDO,0,3,3,6,5,7,5,7,1928,579961,9883611,-80.2813091,-1.05292323,NO,NO
13,MANABI,440,PORTOVIEJO,50,ALHAJUELA /BAJO GRANDE,1,ALHAJUELA /BAJO GRANDE,5075,UNIDAD EDUCATIVA ALAJUELA,SI,CALLE S/N CALLE PRINCIPAL Y VIA MANTA QUEVEDO,0,4,4,8,1,4,1,4,2800,581478,9883660,-80.26767512,-1.05247675,NO,NO
13,MANABI,440,PORTOVIEJO,770,CRUCITA,1,CRUCITA,2368,UNIDAD EDUCATIVA 25 DE MAYO,SI,CALLE 25 DEMAYO,0,8,9,17,1,8,1,9,5950,551182,9903147,-80.53999183,-0.87623036,NO,NO
13,MANABI,440,PORTOVIEJO,770,CRUCITA,1,CRUCITA,5606,ESCUELA DE EDUCACIÓN BÁSICA JUAN BENIGNO VELA,SI,AV. 25 DE MAYO Y CALLE JUAN BENIGNO VELA,52340058,6,6,12,9,14,10,15,3811,550922.6014,9902985.845,-80.542323,-0.87768862,NO,NO
13,MANABI,440,PORTOVIEJO,1925,CHIRIJOS,1,CHIRIJOS,2287,UNIDAD EDUCATIVA GUARANDA 43,NO,VÍA AL TIGRE,0,3,4,7,1,3,1,4,2201,584513,9885976,-80.24040312,-1.03151853,NO,NO
13,MANABI,440,PORTOVIEJO,2970,PUEBLO NUEVO,0,,2865,UNIDAD EDUCATIVA PUEBLO NUEVO,SI,VIA A JUNIN PARROQUIA PUERTO NUEVO,3029873,5,6,11,1,5,1,6,3638,578053,9891364,-80.29847252,-0.98278885,NO,NO
13,MANABI,440,PORTOVIEJO,3185,RIO CHICO,0,,2464,UNIDAD EDUCATIVA 3 DE MAYO,SI,10 DE AGOSTA VIA RIO CHICO-ROCAFUERTE,0,10,10,20,1,10,1,10,7000,565586,9889634,-80.41051673,-0.99846162,NO,NO
13,MANABI,440,PORTOVIEJO,3185,RIO CHICO,0,,5566,ESCUELA DE EDUCACION BASICA CARLOS MONTUFAR-ROSA ZARATE,SI,CALLE JUAN MONTALVO,52308293,5,5,10,13,17,13,17,3347,564762,9889884,-80.41792294,-0.99620124,NO,NO
13,MANABI,440,PORTOVIEJO,3185,RIO CHICO,0,,8018,CENTRO DE EDUCACION INICIAL CARLOS NAVIA MACIAS,NO,CALLE PRINCIPAL OLMEDO,0,2,2,4,11,12,11,12,1400,564865,9889862,-80.41699718,-0.99640011,NO,NO
13,MANABI,440,PORTOVIEJO,3625,SAN PLACIDO,1,SAN PLACIDO,2291,UNIDAD EDUCATIVA FISCOMISIONAL SANTA MAGDALENA,SI,CALLE PINCIPAL OLIVA MIRANDA Y VICENTE MENDOZA,52676004,6,6,12,1,6,1,6,4200,583982.123,9882448.268,-80.24516669,-1.06343328,NO,NO
13,MANABI,440,PORTOVIEJO,3625,SAN PLACIDO,1,SAN PLACIDO,2275,ESCUELA DE EDUCACIÓN BÁSICA CUENCA,SI,CALLE MANUEL CEDEÑO,52676241,5,6,11,7,11,7,12,3589,584006.2351,9882451.943,-80.24494999,-1.06339998,NO,NO
13,MANABI,440,PORTOVIEJO,5030,ANDRES DE VERA,1,ANDRES DE VERA,2969,UNIVERSIDAD PARTICULAR SAN GREGORIO,SI,AV. METROPOLITANA,2935052,15,15,30,26,40,26,40,10500,559053,9882459,-80.46922243,-1.06338315,NO,NO
13,MANABI,440,PORTOVIEJO,5030,ANDRES DE VERA,1,ANDRES DE VERA,4594,UNIDAD EDUCATIVA OLMEDO,SI,Av. Metropolitana Km. 1.5,0,15,15,30,11,25,11,25,10500,558904.6394,9882246.532,-80.47055556,-1.06530555,NO,NO
13,MANABI,440,PORTOVIEJO,5030,ANDRES DE VERA,1,ANDRES DE VERA,5293,UNIDAD EDUCATIVA PARTICULAR MANABI TECNOLOGICO,SI,AV BOLIVARIANA,0,8,8,16,49,56,49,56,5600,558479,9882473,-80.47438151,-1.06325738,NO,NO
13,MANABI,440,PORTOVIEJO,5030,ANDRES DE VERA,1,ANDRES DE VERA,5297,ESCUELA DE EDUCACION BASICA 24 DE MAYO NO. 2,SI,AV KENNEDY,0,8,8,16,41,48,41,48,5600,559057.829,9882718.257,-80.46917943,-1.06103767,NO,NO
13,MANABI,440,PORTOVIEJO,5030,ANDRES DE VERA,1,ANDRES DE VERA,6463,UNIDAD EDUCATIVA ANDRES DE VERA CAMPUS 2,NO,AV 15 DE ABRIL Y CALLE VICENTE MACIAS,0,3,3,6,8,10,8,10,2100,559927,9882522,-80.46136712,-1.06281182,NO,NO
13,MANABI,440,PORTOVIEJO,5030,ANDRES DE VERA,1,ANDRES DE VERA,6491,UNIDAD EDUCATIVA MIGUEL ITURRALDE CAMPUS 2,NO,CALLE ARMANDO FLOR Y AV OLIMPICA,0,7,5,12,74,80,73,77,3960,558433,9883080,-80.47479588,-1.05776598,NO,NO
13,MANABI,440,PORTOVIEJO,5030,ANDRES DE VERA,1,ANDRES DE VERA,6481,UNIDAD EDUCATIVA ANDRÉS DE VERA CAMPUS 1,SI,CALLE SAN IGNACIO Y 15 DE ABRIL,0,7,7,14,1,7,1,7,4900,559851,9882521,-80.46205019,-1.06282099,NO,NO
13,MANABI,440,PORTOVIEJO,5030,ANDRES DE VERA,1,ANDRES DE VERA,6499,ESCUELA DE EDUCACIÓN BÁSICA GRAN COLOMBIA,SI,CALLE PRINCIPAL EL CARMEN Y AV. BOLIVARIANA,0,10,10,20,57,66,57,66,7000,558541,9883043,-80.47382513,-1.05810055,NO,NO
13,MANABI,440,PORTOVIEJO,5030,ANDRES DE VERA,1,ANDRES DE VERA,6490,UNIDAD EDUCATIVA MIGUEL ITURRALDE,SI,CALLE ARMANDO FLOR Y AV OLIMPICA,0,7,6,13,67,73,67,72,4550,558519,9883181,-80.47402307,-1.05685211,NO,NO
13,MANABI,440,PORTOVIEJO,5265,COLON,1,COLON,4994,UNIDAD EDUCATIVA COLON,SI,CALLE PORTOVIEJO Y ABRAHAM ZAMBRANO,0,14,14,28,1,14,1,14,9800,565155.3308,9877360.315,-80.41436669,-1.10949998,NO,NO
13,MANABI,440,PORTOVIEJO,5265,COLON,1,COLON,6464,UNIDAD EDUCATIVA CAYETANO CEDEÑO,SI,VIA PORTOVIEJO - PACHINCHE,0,8,8,16,15,22,15,22,5417,565938,9877648,-80.40733262,-1.10689594,NO,NO
13,MANABI,440,PORTOVIEJO,5280,12 DE MARZO,1,12 DE MARZO,2197,UNIDAD EDUCATIVA FISCAL PORTOVIEJO,SI,AV UNIVERSITARIA,0,15,16,31,24,38,23,38,10850,560949,9883708,-80.45218339,-1.05208061,NO,NO
13,MANABI,440,PORTOVIEJO,5280,12 DE MARZO,1,12 DE MARZO,2950,UNIVERSIDAD TECNICA DE MANABI,SI,CALLE JOSE MARIA URBINA,52632692,15,15,30,1,15,1,15,10500,560735.2646,9884494.735,-80.45410564,-1.04496346,NO,NO
13,MANABI,440,PORTOVIEJO,5280,12 DE MARZO,1,12 DE MARZO,5023,"UNIDAD EDUCATIVA PARTICULAR ""INFORMATICA"" PORTOVIEJO",SI,ENTRE ALAJHUELA Y RAMOS IDUARTE,52631666,8,7,15,16,23,16,22,5250,561008.2725,9883846.367,-80.45165087,-1.05082873,NO,NO
13,MANABI,440,PORTOVIEJO,5280,12 DE MARZO,1,12 DE MARZO,6528,ESCUELA DE EDUCACION BASICA NACIONES UNIDAS,SI,CALLE ALAJHUELA Y CORONEL SABANDO,0,7,5,12,39,45,39,43,3762,561103,9883818,-80.45079943,-1.05108521,NO,NO
13,MANABI,440,PORTOVIEJO,5795,PORTOVIEJO,1,PORTOVIEJO - PARQUE CENTRAL,2246,UNIDAD EDUCATIVA PARTICULAR SANTA MARIANA DE JESUS,SI,CALLE CORDOVA,0,16,14,30,1,16,1,14,10500,561288,9883425,-80.44913606,-1.05464034,NO,NO
13,MANABI,440,PORTOVIEJO,5795,PORTOVIEJO,1,PORTOVIEJO - PARQUE CENTRAL,2269,UNIDAD EDUCATIVA PARTICULAR ROSA CEDEÑO DE GRANIZO,SI,MORALES Y BOLIVAR,52060219,6,7,13,17,22,15,21,4550,561234,9883124,-80.44962092,-1.05736353,NO,NO
13,MANABI,440,PORTOVIEJO,5795,PORTOVIEJO,1,PORTOVIEJO - PARQUE CENTRAL,4441,CASA DE LA CULTURA NUCLEO DE MANABI,SI,CALLE SUCRE Y GARCIA MORENO,2652243,11,12,23,23,33,22,33,8050,560720.224,9882849.734,-80.45423823,-1.0598456,NO,NO
13,MANABI,440,PORTOVIEJO,5795,PORTOVIEJO,1,PORTOVIEJO - PARQUE CENTRAL,5306,CLUB 12 DE MARZO,NO,CALLE GARCIA MORENO PEDRO GUAL,0,3,4,7,34,36,34,37,1995,560604.0312,9883102.619,-80.45528296,-1.05755797,NO,NO
13,MANABI,440,PORTOVIEJO,5845,PICOAZA,1,PICOAZA,2289,ESCUELA DE EDUCACION BASICA CARCHI IMBABURA,SI,CALLE EFREN FLORES Y VENEZUELA,0,9,9,18,1,9,1,9,6300,556379.8762,9885925.284,-80.49325328,-1.03202799,NO,NO
13,MANABI,440,PORTOVIEJO,5845,PICOAZA,1,PICOAZA,2290,UNIDAD EDUCATIVA GILLERMO SOTO ZATIZABAL ¨PICOAZA CAMPUS 2¨,SI,CALLE COMERCIO,0,7,7,14,10,16,10,16,4900,556142.1975,9885498.559,-80.49538889,-1.03588889,NO,NO
13,MANABI,440,PORTOVIEJO,5845,PICOAZA,1,PICOAZA,6514,UNIDAD EDUCATIVA PICOAZÁ,SI,AV. LA CULTURA,0,9,9,18,17,25,17,25,6144,556178,9884753,-80.49506603,-1.04263385,NO,NO
13,MANABI,550,TOSAGUA,6170,TOSAGUA,3,EL JUNCO,2324,UNIDAD EDUCATIVA GABRIELA MERO QUIJIJE,NO,EL JUNCO VIA LAS YUCAS,0,1,1,2,1,1,1,1,551,575708,9909319,-80.31957813,-0.82036066,NO,SI
13,MANABI,445,MONTECRISTI,7490,COLORADO,0,,2157,UNIDAD EDUCATIVA FISCAL JUAN LEON MERA,NO,CALLE SEGUNDA Y CALLE S/N/,0,5,4,9,1,5,1,4,2960,535509,9887794,-80.68084148,-1.01514596,NO,SI
13,MANABI,445,MONTECRISTI,7495,LEONIDAS PROAÑO,1,LEONIDAS PROAÑO,4671,UNIDAD EDUCATIVA KERLLY TORRES BLOQUE 2,SI,Ciudadela Las Colinas,52579245,7,6,13,7,13,6,11,4550,533723,9889423,-80.69689544,-1.0004097,NO,NO
13,MANABI,445,MONTECRISTI,7495,LEONIDAS PROAÑO,1,LEONIDAS PROAÑO,5119,UNIDAD EDUCATIVA KERLLY ANNABEL TORRES CEDEÑO,SI,VIA CIRCUNVALACION TRAMO 2 SECTOR LAS COLINAS 2,0,6,5,11,1,6,1,5,3850,533695.8645,9889047.271,-80.69713902,-1.003809,NO,NO
13,MANABI,445,MONTECRISTI,7495,LEONIDAS PROAÑO,1,LEONIDAS PROAÑO,6586,ESCUELA DE EDUCACIÓN BASICA MONSERRATE GONZALEZ LOPEZ,NO,CALLE GENERAL ULPIANO PAEZ,0,4,4,8,14,17,12,15,2400,534343,9889793,-80.69132321,-0.99706173,NO,NO
13,MANABI,445,MONTECRISTI,7500,GENERAL ELOY ALFARO DELGA,0,,2173,UNIDAD EDUCATIVA FISCAL ROCKE CANTOS BARBERAN,SI,CDLA LOS ÁNGELES KM 4.1/2 VÍA MANTA MONTECRISTI,52578115,6,5,11,1,6,1,5,3776,534691,9890382,-80.68819589,-0.99173266,NO,NO
13,MANABI,910,PEDERNALES,6430,PEDERNALES,6,SAN JACINTO EL TREBOL,8355,ESCUELA DE EDUCACION BASICA MARIA JACINTA,NO,VIA EL TREBOL - TRES CAMINOS,985841941,1,1,2,1,1,1,1,186,640431,10006690,-79.73808408,0.06051175,NO,SI
13,MANABI,910,PEDERNALES,580,COJIMIES,10,EL CHURO,8354,UNIDAD EDUCATIVA MONICA EDITH NAZARENO RUA,NO,VIA CAÑERAL Y VIA MALECON,,1,1,2,1,1,1,1,255,609886.1092,10025086.61,-80.0125228,0.22693244,NO,SI
13,MANABI,465,ROCAFUERTE,4750,SOSOTE,3,EL PUEBLITO,8360,UNIDAD EDUCATIVA ELOY UGALDE SANTANA,NO,VIA CRUCITA KM 17,52644908,1,1,2,1,1,1,1,253,556413.6059,9898730.516,-80.49296744,-0.91617989,NO,NO
13,MANABI,440,PORTOVIEJO,5265,COLON,4,ESTANCIA VIEJA,8359,UNIDAD EDUCATIVA MACHALA No. 30,NO,CALLE PRIMERO DE ENERO Y CALLE SIMON BUSTAMANTE,,1,1,2,1,1,1,1,461,566509.4654,9874309.572,-80.4021902,-1.13709693,NO,NO
13,MANABI,470,SANTA ANA,2135,LA UNION,3,CHICOMPE LA VICTORIA,8356,UNIDAD EDUCATIVA VICTORIA DE JUNÍN,NO,VIA CHICOMPE,,1,1,2,1,1,1,1,301,598461,9859598,-80.11497525,-1.27010634,NO,SI
13,MANABI,465,ROCAFUERTE,4750,SOSOTE,1,SOSOTE,7728,UNIDAD EDUCATIVA SIMON BOLIVAR,SI,SOSOTE VIA CRUCITA,52659126,5,4,9,1,5,1,4,2857,559088.471,9894187.528,-80.46892085,-0.95727634,NO,NO
13,MANABI,475,SUCRE,840,CHARAPOTO,5,LA LAGUNA,8361,UNIDAD EDUCATIVA FISCAL PIO JARAMILLO ALVARADO,NO,CALLE PRINCIPAL VA LA CORONA,,1,1,2,1,1,1,1,415,567400,9911307,-80.39424557,-0.80238772,NO,SI
13,MANABI,485,BOLIVAR,5150,CALCETA,4,TIGRE,8353,UNIDAD EDUCATIVA DR. MANUEL BENJAMIN CARRIÓN,NO,VIA AL DESVIO DE PACHINCHE,,1,1,2,1,1,1,1,303,610933,9893877,-80.00298476,-0.95998086,NO,SI
13,MANABI,480,CHONE,405,CHIBUNGA,6,MANDARINO,8358,ESCUELA DE EDUCACIÓN BÁSICA FEDERICO GONZÁLEZ SUÁREZ,NO,CALLE PRINCIPAL VIA EL CARMEN - PEDERNALES,,1,1,2,1,1,1,1,184,639199,9990975,-79.74915251,-0.08163242,NO,SI
13,MANABI,500,EL CARMEN,3632,SANTA MARIA,4,10 DE AGOSTO,8357,ESCUELA DE EDUCACION GENERAL BASICA MANUEL SALVATIERRA BARRO,NO,VIA A PUERTO GUALIPE,,1,1,2,1,1,1,1,252,660260,9925039,-79.55983633,-0.67797971,NO,SI
13,MANABI,460,24 DE MAYO,330,BELLAVISTA,2,EL ESFUERZO,2354,UNIDAD EDUCATIVA ANIBAL SAN ANDRES ROBLEDO,NO,VIA ALAS MERCEDES ENTRANDO POR LOS PALMARES,0,2,2,4,1,2,1,2,862,577367.0937,9846060.128,-80.30453458,-1.39263631,NO,SI
13,MANABI,910,PEDERNALES,580,COJIMIES,4,CHEVE ARRIBA,2466,UNIDAD EDUCATIVA JOSÉ CASIMIRO MACÍAS PAZMIÑO,NO,VÍA PRINCIPAL CHEVE ARRIBA,0,1,1,2,1,1,1,1,366,623346.607,10010324.22,-79.89158333,0.09338889,SI,SI
13,MANABI,550,TOSAGUA,6170,TOSAGUA,5,BOTIJAS AFUERA,2477,UNIDAD EDUCATIVA FISCAL MARÍA TERESA TERÁN DE CASTRO,NO,VIA PRIMAVERA - SAN ANTONIO,0,1,1,2,1,1,1,1,261,577057,9904806,-80.30744746,-0.861186,NO,SI
13,MANABI,450,MANTA,5570,LOS ESTEROS,2,EL PALMAR,2125,UNIDAD EDUCATIVA FISCAL EL PALMAR,SI,CALLE 2 Y AV 2,52380311,8,6,14,1,8,1,6,4685,534414.4574,9893465.831,-80.690684,-0.963833,NO,NO
13,MANABI,450,MANTA,5570,LOS ESTEROS,3,ALTAGRACIA,2141,UNIDAD EDUCATIVA FISCAL ALTAGRACIA,NO,AV LAS ACACIAS ENTRE CALLE 33 Y 34,0,6,5,11,1,6,1,5,3638,534080,9892964,-80.69368966,-0.96837341,NO,NO
13,MANABI,450,MANTA,5570,LOS ESTEROS,4,LA PRADERA,2124,UNIDA EDUCATIVA FISCAL LA PRADERA,SI,AV LA PRADERA CALLE P6 y P3,52582602,9,7,16,1,9,1,7,5193,534608.2221,9891694.317,-80.688941,-0.97986,NO,NO
13,MANABI,450,MANTA,5635,MANTA,2,SANTA MARTHA,2127,UNIDAD EDUCATIVA FISCAL MANTA,SI,"CALLE 8 ENTRE AV 26, Y 28",2620022,11,8,19,1,11,1,8,6364,530091,9894340,-80.7295434,-0.95592755,NO,NO
13,MANABI,450,MANTA,5635,MANTA,3,UNIVERSIDAD,6476,UNIDAD EDUCATIVA FISCOMISIONAL JUAN MONTALVO,SI,"CIUDADELA UNIVERSITARIA, CALLE U5",52628883,8,7,15,1,8,1,7,5084,528385.8645,9894955.031,-80.74486939,-0.95036443,NO,NO
13,MANABI,450,MANTA,6155,TARQUI,2,SAN PEDRO,3015,UNIDAD EDUCATIVA PORVENIR,SI,CALLE 217 - AV. 216,52928747,6,5,11,1,6,1,5,3621,531846,9892996,-80.71376865,-0.96808567,NO,NO
13,MANABI,450,MANTA,6155,TARQUI,3,JOCAY,2298,UNIDAD EDUCATIVA JORGE WASHINGTON,SI,CALLE J 17 Y CALLE J 6,52922118,8,6,14,1,8,1,6,4545,531192.8296,9893954.991,-80.71964,-0.95941,NO,NO
13,MANABI,450,MANTA,6155,TARQUI,4,MARIA AUXILIADORA NRO 2,2296,UNIDAD EDUCATIVA JOSÉ DE ANCHIETA FE Y ALEGRÍA Nro.3,NO,CALLE 304 ENTRE AV 216 Y 217,52922209,3,2,5,1,3,1,2,1807,531805,9892472,-80.71413676,-0.97282642,NO,NO
13,MANABI,450,MANTA,6745,ELOY ALFARO,2,TERESA DE CALCUTA,2180,UNIDAD EDUCATIVA PARTICULAR TERESA DE CALCUTA,SI,CALLE 309 ENTRE AV 220 Y 219,52923363,6,4,10,1,6,1,4,3172,531879.3702,9892045.94,-80.713468,-0.976681,NO,NO
13,MANABI,450,MANTA,6745,ELOY ALFARO,3,KIWANI,2204,UNIDAD EDUCATIVA FISCAL EMILIO BOWEN ROGGIERO,NO,AV 208 ENTRE CALLE 318 Y 317,52924688,2,2,4,1,2,1,2,1258,532833.086,9892220.059,-80.70489621,-0.97510497,NO,NO
13,MANABI,450,MANTA,6745,ELOY ALFARO,4,LA AURORA,2159,UNIDAD EDUCATIVA FISCAL MEDARDO MORA SIERRA,NO,BABAHOYO Y AV JOCAY,52924214,5,4,9,1,5,1,4,2856,533355,9891701,-80.70020487,-0.97980057,NO,NO
13,MANABI,495,PAJAN,1395,GUALE/STO.DOMINGO,0,,2468,UNIDAD EDUCATIVA FISCAL GUALE,SI,CALLE COMANDANTE MARTILLO,0,7,8,15,1,7,1,8,4740,584856.3579,9819797.362,-80.23713328,-1.63019998,NO,SI
13,MANABI,495,PAJAN,2090,LASCANO,0,,2470,COLEGIO NACIONAL 27 DE OCTUBRE,SI,NICOLAS SEGURA VIA GUALE Y EMILIO SANTANA,0,6,6,12,1,6,1,6,3944,585927.5,9830750.96,-80.22754082,-1.53110547,NO,SI
13,MANABI,495,PAJAN,5755,PAJAN,0,,2451,UNIDAD EDUCATIVA FISCAL PAJAN,SI,AV GUAYAQUIL Y FRAY GERARDO RUIZ,52649162,11,13,24,1,11,1,13,8400,563385.8772,9828696.749,-80.43016952,-1.54975333,NO,NO
13,MANABI,495,PAJAN,5755,PAJAN,0,,2320,ESCUELA DE EDUCACION BASICA 8 DE NOVIEMBRE,SI,CALLE MANUEL LORENZO,53028056,7,7,14,15,21,17,23,4900,563765.3,9827996.5,-80.42675697,-1.55608741,NO,NO
13,MANABI,495,PAJAN,5755,PAJAN,0,,6515,UNIDAD EDUCATIVA PARTICULAR NUESTRA SEÑORA DE LA MERCED,NO,CALLE ROCAFUERTE ENTRE SUCRE Y ALEJO LASCANO,0,3,4,7,22,24,24,27,2346,563849,9828328,-80.42600535,-1.55308819,NO,NO
13,MANABI,495,PAJAN,5755,PAJAN,0,,6487,UNIDAD EDUCATIVA MARÍA PIEDAD CASTILLO DE LEVÍ BLOQUE 3,NO,CALLE ROCAFUERTE ENTRE CALLE OLMEDO Y CALLE MANUEL LORENZO,0,3,3,6,12,14,14,16,2100,563725.7667,9828333.633,-80.42711318,-1.55303753,NO,NO
13,MANABI,500,EL CARMEN,1070,WILFRIDO LOOR MOREIRA,1,WILFRIDO LOOR M.,2385,UNIDAD EDUCATIVA FISCAL RUMIÑAHUI,NO,VÍA A LA PAVA,52394133,4,4,8,1,4,1,4,2564,658853.5286,9969401.816,-79.57255558,-0.27674487,NO,NO
13,MANABI,910,PEDERNALES,6430,PEDERNALES,1,PEDERNALES,2518,UNIDAD EDUCATIVA TECNICA AGROPECUARIO PEDERNALES,SI,SIMON BOLIVAR Y VIA JAMA-PEDERNALES,0,15,15,30,11,25,13,27,10500,605165.7567,10007154.73,-80.05494444,0.06472222,NO,NO
13,MANABI,910,PEDERNALES,6430,PEDERNALES,1,PEDERNALES,4227,UNIDAD EDUCATIVA CIUDAD DE PEDERNALES,SI,MARIA ELIZA TERCERA ETAPA,0,10,12,22,1,10,1,12,7700,605839.6432,10008911.19,-80.04888889,0.08061111,NO,NO
13,MANABI,910,PEDERNALES,6430,PEDERNALES,1,PEDERNALES,6492,UNIDAD EDUCATIVA 31 DE MARZO,NO,CALLE MANABI Y VICENTE CEVALLOS,0,4,5,9,26,29,28,32,3150,604822,10006838,-80.05803333,0.06185711,NO,NO
13,MANABI,910,PEDERNALES,6430,PEDERNALES,1,PEDERNALES,6484,UNIDAD EDUCATIVA PEDRO AGUSTIN LOPEZ RAMOS,SI,PROLONGACION DE LA CALLE LOJA,0,21,20,41,30,50,33,52,14052,606307.7291,10008549.33,-80.04468298,0.07733768,NO,NO
13,MANABI,970,OLMEDO,6495,OLMEDO /PUCA,1,OLMEDO,2144,UNIDAD EDUCATIVA FISCAL RIO PUCA,SI,AV MANABÍ Y PUCA,52334182,10,11,21,1,10,1,11,7350,588286.7537,9845868.785,-80.20638133,-1.39433607,NO,NO
13,MANABI,970,OLMEDO,6495,OLMEDO /PUCA,1,OLMEDO,5938,UNIDAD EDUCATIVA SIMÓN RODRIGUEZ,SI,AV. MANABÍ VIA A BALSAR,0,5,6,11,11,15,12,17,3488,588470.4625,9845807.7,-80.20472987,-1.39488811,NO,NO
13,MANABI,975,PUERTO LOPEZ,1920,SALANGO,1,SALANGO,1980,"ESCUELA EDUCACIÓN BÁSICA ""FELICISIMO LÓPEZ""",NO,LOS BALSEROS DEL SUR - LAS ORQUIDEAS,52574087,4,4,8,1,4,1,4,2443,518007.1717,9822441.512,-80.83811111,-1.60641667,NO,NO
13,MANABI,975,PUERTO LOPEZ,2305,MACHALILLA,1,MACHALILLA,2034,ESCUELA DE EDUCACIÓN BÁSICA FEDERICO GONZÁLEZ SUÁREZ,SI,CALLE JOSÉ MARÍA MENDOZA Y AV GUAYAQUIL,0,7,7,14,1,7,1,7,4458,526059.5345,9837167.255,-80.76573328,-1.47318328,NO,NO
13,MANABI,975,PUERTO LOPEZ,6575,PUERTO LOPEZ,0,,2096,UNIDAD EDUCATIVA PROVINCIA DE MANABÍ,SI,CALLE JONAS GONZALES SUAREZ,52300320,8,8,16,1,8,1,8,5600,520966.4514,9827915.842,-80.81151102,-1.55688703,NO,NO
13,MANABI,975,PUERTO LOPEZ,6575,PUERTO LOPEZ,0,,6864,ESCUELA DE EDUCACION BASICA CORONELA FILOMENA CHAVEZ MORA,NO,GENERAL CORDOVA Y ROCAFUERTE,997306315,4,5,9,14,17,14,18,2833,520915,9827528,-80.81197326,-1.56039596,NO,NO
13,MANABI,975,PUERTO LOPEZ,6575,PUERTO LOPEZ,0,,6509,UNIDAD EDUCATIVA ISIDORO BARRIGA,NO,AV. MACHALILLA ENTRE FEDERICO GONZÁLEZ Y ABDÓN CALDERÓN,0,5,5,10,9,13,9,13,3500,521145.4374,9827804.813,-80.80990185,-1.5578914,NO,NO
13,MANABI,495,PAJAN,460,CAMPOZANO,1,CAMPOZANO,2450,UNIDAD EDUCATIVA CAMPOZANO,SI,PEDRO CHAPELLIQUEN ENTRE SEGUNDO PACIFICO Y CALLE 3 DE AGOSTO,0,8,9,17,1,8,1,9,5726,567071.2999,9824262.333,-80.39702778,-1.58986111,NO,NO
13,MANABI,495,PAJAN,540,CASCOL,0,,2190,UNIDAD EDUCATIVA CASCOL,SI,AV 13 DE DICIEMBRE,0,5,6,11,1,5,1,6,3850,559960.4221,9816179.832,-80.46093328,-1.66299998,NO,NO
13,MANABI,495,PAJAN,540,CASCOL,0,,2201,ESCUELA EDUCACION BASICA MANUEL INOCENCIO PARRALES GUALES,SI,CALLE PONCE Y ENRIQUE,0,6,6,12,6,11,7,12,3937,560251.4131,9815953.153,-80.45831668,-1.66504998,NO,NO
13,MANABI,440,PORTOVIEJO,6585,SAN PABLO,0,,2295,ESCUELA DE EDUCACIÓN BÁSICA JUAN MONTALVO,SI,26 DE MAYO,52645823,6,5,11,6,11,7,11,3472,561543,9883940,-80.44684498,-1.04998079,NO,NO
13,MANABI,440,PORTOVIEJO,6585,SAN PABLO,0,,2273,UNIDAD EDUCATIVA PARTICULAR VICENTE AMADOR FLOR,SI,CALLE VENEZUELA,0,5,6,11,1,5,1,6,3850,561337,9883813,-80.44869627,-1.05113007,NO,NO
13,MANABI,440,PORTOVIEJO,6770,18 DE OCTUBRE,1,18 DE OCTUBRE - COLISEO ELOY ALFARO,2297,UNIDAD EDUCATIVA FRANKLIN DELANO ROOSEVELT,SI,ENTRE GARCÍA MORENO Y QUITO,0,6,5,11,1,6,1,5,3758,560329.9219,9883296.444,-80.45774692,-1.05580489,NO,NO
13,MANABI,440,PORTOVIEJO,6775,FRANCISCO PACHECO,1,FRANCISCO PACHECO,2370,UNIDAD EDUCATIVA PARTICULAR CRISTO REY,SI,CRISTO REY,52632558,5,5,10,1,5,1,5,3500,561670,9883375,-80.44570263,-1.05509206,NO,NO
13,MANABI,440,PORTOVIEJO,6775,FRANCISCO PACHECO,1,FRANCISCO PACHECO,8031,ESCUELA DE EDUCACION BASICA 18 DE OCTUBRE,NO,AV. GUAYAQUIL Y ELOY ALFARO,0,6,5,11,6,11,6,10,3322,561698.386,9883089.5,-80.44544704,-1.0576749,NO,NO
13,MANABI,445,MONTECRISTI,5665,MONTECRISTI,1,MONTECRISTI,2974,UNIDAD EDUCATIVA FISCAL NATIIVIDAD DELGADO DE ALFARO,SI,BARRIO SAN JOSE,52311465,8,9,17,40,47,41,49,5795,537950.9665,9883443.855,-80.65888889,-1.0545,NO,NO
13,MANABI,445,MONTECRISTI,5665,MONTECRISTI,1,MONTECRISTI,5321,UNIDAD EDUCATIVA 23 DE OCTUBRE,SI,CALLE MANTA Y 13 DE OCTUBRE,2310451,31,32,63,1,31,1,32,22050,537467.9388,9884558.76,-80.66323147,-1.0444138,NO,NO
13,MANABI,445,MONTECRISTI,5665,MONTECRISTI,1,MONTECRISTI,6533,CANCHA DEPORTIVA CANTONAL MONTECRISTI,NO,CALLE 9 DE JULIO,52310730,5,5,10,35,39,36,40,3500,537683.2292,9884740.708,-80.6612966,-1.04276747,NO,NO
13,MANABI,445,MONTECRISTI,5665,MONTECRISTI,1,MONTECRISTI,6497,UNIDAD EDUCATIVA FISCAL SUCRE ELOY ALFARO N° 1,NO,CALLE 10 DE AGOSTO,0,3,3,6,32,34,33,35,2100,537713.3542,9883833.677,-80.66102495,-1.05097347,NO,NO
13,MANABI,446,JARAMIJO,6755,JARAMIJO,0,,4651,UNIDAD EDUCATIVA ANIBAL SAN ANDRES ROBLEDO,SI,VIA COLISA CDA. NUEVA JARAMIJO,0,11,12,23,1,11,1,12,8050,540103,9893629,-80.6395564,-0.96235173,NO,NO
13,MANABI,446,JARAMIJO,6755,JARAMIJO,0,,6998,UNIDAD EDUCATIVA LUIS FELIPE CHÁVEZ # 76 BLOQUE #2,NO,CALLE 5 DE JUNIO Y CALLE 23 DE OCTUBRE,0,6,4,10,23,28,25,28,3077,540083,9895396,-80.6397378,-0.94636551,NO,NO
13,MANABI,446,JARAMIJO,6755,JARAMIJO,0,,7526,UNIDAD EDUCATIVA DRA. GUADALUPE LARRIVA,SI,VIA JARAMIJO-MANTA,0,11,12,23,12,22,13,24,8050,537134,9895015,-80.66624246,-0.94981513,NO,NO
13,MANABI,450,MANTA,1800,SANTA MARIANITA,0,,2167,"UNIDAD EDUCATIVA ""NAIDELYN NAOMI MERO ARCENTALES""",SI,BARRIO SAN ANTONIO - VIA PACOCHE,0,4,4,8,1,4,1,4,2720,516999,9890610,-80.84721182,-0.98968112,NO,NO
13,MANABI,450,MANTA,3550,SAN LORENZO,0,,2168,ESCUELA DE EDUCACIÓN BÁSICA TEODORO WOLF,SI,CALLE 10 DE AGOSTO Y CALLE PRINCIPAL,52558024,5,5,10,1,5,1,5,3473,510695.3995,9882246.515,-80.90386668,-1.06534998,NO,NO
13,MANABI,450,MANTA,5570,LOS ESTEROS,1,ESTEROS,2122,UNIDAD EDUCATIVA FISCAL JOSEFA MENDOZA DE MORA,SI,AV 106 Y CALLE 121,52382758,13,12,25,1,13,1,12,8750,533330.9325,9894522.177,-80.70042343,-0.95427694,NO,NO
13,MANABI,450,MANTA,5570,LOS ESTEROS,1,ESTEROS,6535,UNIDAD EDUCATIVA FISCAL BAHIA DE MANTA,SI,CALLE 114 Y 115,0,8,8,16,17,24,16,23,5600,532794,9894572,-80.70524934,-0.9538266,NO,NO
13,MANABI,450,MANTA,5570,LOS ESTEROS,1,ESTEROS,6469,UNIDAD EDUCATIVA FISCAL FELIX ALVARADO VERA,NO,CALLE 114 Y AV 104,0,3,3,6,14,16,13,15,2100,532663,9894591,-80.70642677,-0.9536548,NO,NO
13,MANABI,450,MANTA,5570,LOS ESTEROS,1,ESTEROS,6877,UNIDAD EDUCATIVA FISCAL 12 DE OCTUBRE,SI,CALLE 115 Y AV. 104,52384221,8,9,17,25,32,24,32,5858,532799.2062,9894737.588,-80.70520268,-0.9523285,NO,NO
13,MANABI,450,MANTA,5635,MANTA,1,MANTA - PEDRO FERMIN,2129,COLEGIO BACHILLERATO FISCAL LUIS ARBOLEDA MARTÍNEZ,SI,AV 30 Y CALLE 17,52621879,14,16,30,52,65,52,67,10500,529375,9894945,-80.73597915,-0.95045451,NO,NO
13,MANABI,450,MANTA,5635,MANTA,1,MANTA - PEDRO FERMIN,2182,ESCUELA FISCAL MANUELA CAÑIZARES,SI,CALLE 16 Y AV 7,52625390,7,6,13,11,17,11,16,4550,530382.6506,9895637.679,-80.726923,-0.944187,NO,NO
13,MANABI,450,MANTA,5635,MANTA,1,MANTA - PEDRO FERMIN,2185,ESCUELA DE EDUCACION BASICA CIUDAD DE MANTA,SI,AV 19 ENTRE CALLES 15 y 16,52621027,7,6,13,66,72,68,73,4550,530067,9895267,-80.72975976,-0.94754083,NO,NO
13,MANABI,450,MANTA,5635,MANTA,1,MANTA - PEDRO FERMIN,2188,UNIDAD EDUCATIVA FISCAL PEDRO FERMÍN CEVALLOS,SI,AV 3 entre calle 15 y 16,52924080,9,9,18,18,26,17,25,6300,530497.4834,9895780.698,-80.725891,-0.942893,NO,NO
13,MANABI,450,MANTA,5635,MANTA,1,MANTA - PEDRO FERMIN,2158,UNIDAD EDUCATIVA FISCAL CINCO DE JUNIO,SI,LUIS ARBOLEDA TORRES Y AV. DE LA CULTURA,52613422,10,10,20,1,10,1,10,7000,530548.4753,9894437.049,-80.72543173,-0.95504921,NO,NO
13,MANABI,450,MANTA,5635,MANTA,1,MANTA - PEDRO FERMIN,6862,UNIDAD EDUCATIVA FISCAL 4 DE NOVIEMBRE,SI,CALLE 21 Y AV 35,0,14,14,28,27,40,26,39,9800,529013.074,9895035.942,-80.73923216,-0.94963199,NO,NO
13,MANABI,450,MANTA,5635,MANTA,1,MANTA - PEDRO FERMIN,6470,UNIDAD EDUCATIVA REPUBLICA DEL ECUADOR,SI,CALLE 17 Y 19,0,11,12,23,41,51,40,51,8050,529174,9894901,-80.73778568,-0.95085272,NO,NO
13,MANABI,450,MANTA,5635,MANTA,1,MANTA - PEDRO FERMIN,6471,ESCUELA DE EDUCACIÓN BÁSICA LUIS TEODORO CANTOS,NO,CALLE 13,0,5,5,10,73,77,74,78,3500,530157,9894985,-80.72895066,-0.95009207,NO,NO
13,MANABI,450,MANTA,5635,MANTA,1,MANTA - PEDRO FERMIN,6517,ESCUELA DE EDUCATIVA BASICA FISCOMISIONAL FE Y ALEGRIA 1,SI,CALLE 8 AV 26,0,6,6,12,78,83,79,84,4028,530116,9894467,-80.72931879,-0.95477854,NO,NO
13,MANABI,450,MANTA,6135,SAN MATEO,0,,2148,CENTRO EDUCACION BASICA RIOBAMBA,SI,BARRIO LAS FLORES CALLE SAN MARTIN DE PORRES,0,6,6,12,1,6,1,6,3926,521037.334,9893713.628,-80.81091668,-0.96159998,NO,NO
13,MANABI,450,MANTA,6155,TARQUI,1,CENTRO DE TARQUI,2881,ESCUELA DE EDUCACIÓN BÁSICA FISCAL RAMÓN VIRGILIO AZÚA,SI,AV. 108 ENTRE CALLE 106 Y 108,0,5,6,11,26,30,29,34,3850,532026.3969,9894609.868,-80.71214848,-0.95348459,NO,NO
13,MANABI,450,MANTA,6155,TARQUI,1,CENTRO DE TARQUI,2976,"UNIDAD EDUCATIVA ""MARIA AUXILIADORA""",SI,CALLE 124 ENTE 109 Y 110,52381757,10,10,20,31,40,35,44,7000,532989,9893982,-80.70349625,-0.95916428,NO,NO
13,MANABI,450,MANTA,6155,TARQUI,1,CENTRO DE TARQUI,3026,UNIDAD EDUCATIVA FISCAL PEDRO BALDA CUCALON,SI,AV.113,52922137,13,15,28,1,13,1,15,9800,532714,9893254,-80.70596735,-0.96575083,NO,NO
13,MANABI,450,MANTA,6155,TARQUI,1,CENTRO DE TARQUI,2520,UNIDAD EDUCATIVA FISCOMISIONAL SAN JOSE,SI,AV 108 ENTRE CALLE 106 Y CALE 108,52380358,12,13,25,14,25,16,28,8750,531990.6216,9894549.023,-80.71246998,-0.95403509,NO,NO
13,MANABI,450,MANTA,6155,TARQUI,1,CENTRO DE TARQUI,6467,UNIDAD EDUCATIVA FISCOMISIONAL OSWALDO ALVAREZ BARBA FE Y ALEGRIA No 2,SI,CALLE ROCAFUERTE,0,7,6,13,68,74,72,77,4550,532788,9893496,-80.70530244,-0.96356136,NO,NO
13,MANABI,450,MANTA,6155,TARQUI,1,CENTRO DE TARQUI,6475,UNIDAD EDUCATIVA LEONIE AVIAT,SI,CALLE 108 - 110 Y AV 103 - 105,0,7,7,14,41,47,45,51,4900,532138,9894651,-80.71114544,-0.95311238,NO,NO
13,MANABI,450,MANTA,6155,TARQUI,1,CENTRO DE TARQUI,6485,UNIDAD EDUCATIVA GIRON,SI,BARRIO JOCAY J1 ENTRE J6 Y J3,52292285,10,9,19,48,57,52,60,6650,531635.914,9894127.072,-80.71565773,-0.95785282,NO,NO
13,MANABI,450,MANTA,6155,TARQUI,1,CENTRO DE TARQUI,6506,ESCUELA DE EDUCACION BASICA MARUJA CEDEÑO DE DELGADO,NO,AV. 4 DE NOVIEMBRE,0,4,4,8,58,61,61,64,2800,531803.238,9894093.282,-80.71415382,-0.9581584,NO,NO
13,MANABI,450,MANTA,6155,TARQUI,1,CENTRO DE TARQUI,6508,UNIDAD EDUCATIVA DR JOSE MARIA EGAS,SI,BARRIO JOCAY CALLE J16 ENTRE J1 Y J3,0,6,7,13,62,67,65,71,4550,531940,9893653,-80.71292429,-0.96214161,NO,NO
13,MANABI,450,MANTA,6155,TARQUI,1,CENTRO DE TARQUI,6474,UNIDAD EDUCATIVA UMIÑA,SI,CALLE 304 AV 201,0,7,7,14,75,81,78,84,4772,532446,9893247,-80.7083761,-0.96581437,NO,NO
13,MANABI,450,MANTA,6745,ELOY ALFARO,1,CENTRO ELOY ALFARO,2192,UNIDAD EDUCATIVA CARLOS POLIT ORTIZ,SI,319-A Y AV. 214,52926201,9,8,17,1,9,1,8,5950,532772.983,9891595.667,-80.70543592,-0.980754,NO,NO
13,MANABI,450,MANTA,6745,ELOY ALFARO,1,CENTRO ELOY ALFARO,6875,ESCUELA DE EDUCACION BASICA FISCAL GABRIEL GARCIA MARQUEZ,SI,CALLE 319 Y AV. 220,52926300,7,6,13,10,16,9,14,4550,532511.463,9890895.529,-80.70778589,-0.98708847,NO,NO
13,MANABI,450,MANTA,6745,ELOY ALFARO,1,CENTRO ELOY ALFARO,6876,ESCUELA DE EDUCACIÓN BÁSICA 26 DE JUNIO,SI,CALLE 326 Y AV. 221 Y 222,0,9,8,17,17,25,15,22,5950,532834.3083,9890523.004,-80.70488387,-0.99045851,NO,NO
13,MANABI,450,MANTA,6745,ELOY ALFARO,1,CENTRO ELOY ALFARO,6457,UNIDAD EDUCATIVA FISCAL PAQUISHA,SI,CALLE 321 Y AV 221,0,14,14,28,26,39,23,36,9643,532639,9890668,-80.70663941,-0.98914686,NO,NO
13,MANABI,455,JIPIJAPA,105,AMERICA /LA CERA,0,,2118,"ESCUELA EDUCACIÓN BÁSICA ""MOÍSES SÁENZ""",SI,LA AMERICA,0,4,5,9,1,4,1,5,2836,552188,9841522,-80.530859,-1.43374881,NO,SI
13,MANABI,455,JIPIJAPA,560,LA UNION,0,,2030,UNIDAD EDUCATIVA LA UNIÓN,NO,VÍA NOBOA AV. PRINCIPAL,0,3,3,6,1,3,1,3,1712,562490,9838672,-80.43824616,-1.45951126,NO,SI
13,MANABI,455,JIPIJAPA,1880,JULCUY,0,,2038,"UNIDAD EDUCATIVA ""BELISARIO QUEVEDO""",NO,AVENIDA PACIFICO ACEBO,0,3,3,6,1,3,1,3,1905,541606.13,9836893.11,-80.62597567,-1.47564428,NO,SI
13,MANABI,455,JIPIJAPA,2810,PEDRO PABLO GOMEZ,0,,2040,ESCUELA DE EDUCACION BASICA ISIDRO AYORA ECUADOR,SI,CALLE PRINCIPAL VÍA A SAN PABLO Y CALLE COMERCIO,0,5,7,12,1,5,1,7,3922,548914,9820435,-80.560251,-1.62452837,NO,SI
13,MANABI,455,JIPIJAPA,2990,PUERTO CAYO,1,PUERTO CAYO,2032,UNIDAD EDUCATIVA PUERTO CAYO,SI,CALLE 7 Y AV 7,52387205,4,5,9,1,4,1,5,2884,529181.3703,9851086.552,-80.73768328,-1.34724998,NO,NO
13,MANABI,455,JIPIJAPA,4490,MEMBRILLAL,0,,5071,UNIDAD EDUCATIVA LEOPOLDO N. CHAVEZ,NO,AV. SANTA TERESITA Y AV PRINCIPAL,0,2,2,4,1,2,1,2,1195,537261.6673,9863102.25,-80.66506299,-1.23853365,NO,SI
13,MANABI,455,JIPIJAPA,5485,JIPIJAPA,1,JIPIJAPA,2094,"UNIDAD EDUCATIVA FISCAL ""ALEJO LASCANO""",SI,COTOPAXI Y OLMEDO,52600388,15,16,31,1,15,1,16,10850,546460.5126,9850500.595,-80.58235924,-1.35252933,NO,NO
13,MANABI,455,JIPIJAPA,5485,JIPIJAPA,1,JIPIJAPA,2095,UNIDAD EDUCATIVA QUINCE DE OCTUBRE,SI,COTOPAXI y 5 DE JUNIO,52600330,20,20,40,16,35,17,36,14000,546423,9850124,-80.58269586,-1.35593645,NO,NO
13,MANABI,455,JIPIJAPA,5485,JIPIJAPA,1,JIPIJAPA,4618,UNIDAD EDUCATIVA FISCAL DANIEL LOPEZ,SI,CALLE COTOPAXI Y OLMEDO,52600326,9,11,20,36,44,37,47,6866,547376.532,9850992.511,-80.57412593,-1.34807752,NO,NO
13,MANABI,460,24 DE MAYO,330,BELLAVISTA,1,BELLAVISTA,2494,UNIDAD EDUCATIVA FISCAL BELLAVISTA,SI,CRISTO DEL CONSUELO Y 4 DE OCTUBRE,52303233,5,5,10,1,5,1,5,3357,579405.8464,9851058.067,-80.28622222,-1.34741667,NO,NO
13,MANABI,460,24 DE MAYO,1570,ARQ.SIXTO DURAN BALLEN,0,,2260,UNIDAD EDUCATIVA LAS MERCEDES,NO,VIA PAJAN - OLMEDO,0,4,5,9,1,4,1,5,2966,580581.7548,9836279.187,-80.27561111,-1.48111111,NO,SI
13,MANABI,460,24 DE MAYO,2555,NOBOA,1,NOBOA,2437,ESCUELA DE EDUCACION BASICA FISCAL DIEGO NOBOA,SI,CALLE DIEGO NOBOA Y DELFÍN GÓMEZ,0,4,5,9,1,4,1,5,3150,567330.6689,9844110.241,-80.39474548,-1.4103015,NO,NO
13,MANABI,460,24 DE MAYO,2555,NOBOA,1,NOBOA,6421,ESCUELA DE EDUCACION BASICA FISCAL DIEGO NOBOA BLOQUE 2,NO,CALLE JUAN MONTALVO,0,4,5,9,5,8,6,10,2705,567301,9844162,-80.39501229,-1.40983332,NO,NO
13,MANABI,460,24 DE MAYO,6105,SUCRE,0,,2259,ESCUELA DE EDUCACION BASICA FISCAL 15 DE FEBRERO,SI,OLMEDO ENTRE COMERCIO Y 15 DE FEBRERO,52344463,8,9,17,1,8,1,9,5950,564775.1092,9858299.684,-80.41774777,-1.28193844,NO,NO
13,MANABI,460,24 DE MAYO,6105,SUCRE,0,,2438,ESCUELA DE EDUCACION BASICA FISCAL LOJA,SI,AV. LA MERCED ENTRE SUCRE Y BOLIVAR,52344584,7,7,14,9,15,10,16,4900,564430.881,9858509.529,-80.4208423,-1.28004072,NO,NO
13,MANABI,460,24 DE MAYO,6105,SUCRE,0,,4981,ESCUELA DE EDUCACION BASICA PICHINCHA,SI,SUCRE Y1 DE ENERO,2344734,6,6,12,16,21,17,22,3892,564961,9858507,-80.41607731,-1.28006251,NO,NO
13,MANABI,445,MONTECRISTI,7460,ANIBAL SAN ANDRES,2,PEPA DE HUSO-LA SEQUITA,6480,UNIDAD EDUCATIVA FISCAL SEFORA ELOY ALFARO N° 180,NO,SECTOR CENTRAL - PEPA DE HUSO,0,2,2,4,1,2,1,2,1360,546203,9886554,-80.58472278,-1.02635331,NO,SI
13,MANABI,476,JAMA,6750,JAMA,5,COLORADO,6441,UNIDAD EDUCATIVA VEINTE DE MARZO,NO,VIA JAMA - CONVENTO,0,1,1,2,1,1,1,1,459,598956.3625,9972824.888,-80.11073197,-0.24583194,NO,SI
13,MANABI,495,PAJAN,460,CAMPOZANO,2,SANTA BÁRBARA,6526,ESCUELA GENERAL BASICA LEONIDAS PLAZA GUITIERREZ,NO,VIA ALTO GRANDE,0,1,1,2,1,1,1,1,256,564433.4939,9822644.47,-80.42073677,-1.60450439,NO,SI
13,MANABI,470,SANTA ANA,6725,LODANA,2,CAMINO NUEVO,6516,ESCUELA DE EDUCACIÓN BASICA CIUDAD DE QUITO,NO,VIA CAMINO NUEVO - QUEBRADA GRANDE,0,1,1,2,1,1,1,1,239,561637,9867208,-80.44597156,-1.20135258,NO,SI
13,MANABI,910,PEDERNALES,580,COJIMIES,7,PAVÓN,5786,ESCUELA DE EDUCACIÓN BÁSICA RAMON LOOR ACOSTA,NO,VIA QUAZA - PAVÓN,0,1,1,2,1,1,1,1,122,631377.6021,10026284.14,-79.81941667,0.23775,SI,SI
13,MANABI,500,EL CARMEN,5300,EL CARMEN,3,EL PORVENIR,6450,UNIDAD EDUCATIVA ELIAS CEDEÑO JERVES,NO,COLON VERDUGA,0,2,2,4,1,2,1,2,893,663410.802,9960663.938,-79.5316021,-0.355768,NO,SI
13,MANABI,500,EL CARMEN,5300,EL CARMEN,4,ALEJANDRINO VELÁSQUEZ,6448,UNIDAD EDUCATIVA SALVADOR ALLENDE,NO,VIA A LA 25,0,1,1,2,1,1,1,1,505,652663.5375,9945712.9,-79.62813325,-0.49101058,SI,SI
13,MANABI,450,MANTA,7545,URBIMANTA,0,,8366,COLEGIO REPLICA MANTA,NO,VIA CIRCUNVALACION CALLE 311,,3,2,5,1,3,1,2,1839,531230,9891516,-80.7193041,-0.98147596,NO,NO
13,MANABI,490,JUNIN,5505,JUNIN,2,MONTAÑITA,6456,UNIDAD EDUCATIVA VICENTE ROCAFUERTE,NO,CALLE JUNIN-MONTAÑITA,0,1,1,2,1,1,1,1,321,582491.0937,9903885.26,-80.25860938,-0.86950625,NO,SI
13,MANABI,480,CHONE,6055,SANTA RITA,6,CARRASCO,4591,UNIDAD EDUCATIVA TIWINTZA,NO,Vía Principal Comunidad San Pedro,0,1,1,2,1,1,1,1,614,642981.0169,9928589.836,-79.71509301,-0.64590635,SI,SI
13,MANABI,500,EL CARMEN,3635,EL PARAISO / LA 14,2,EL ROSARIO,4590,ESCUELA DE EDUCACION BASICA CIUDAD DE RIOBAMBA,NO,Calle Tomas Mena,0,1,1,2,1,1,1,1,444,675159.9688,9952972.164,-79.42603782,-0.4253139,SI,SI
13,MANABI,445,MONTECRISTI,7495,LEONIDAS PROAÑO,2,TIERRA SANTA,4630,UNIDAD EDUCATIVA TIERRA SANTA,NO,ELOY ALFARO Y PRIMERO DE ENERO,0,4,3,7,1,4,1,3,2022,531957.444,9888952.336,-80.71276387,-1.00466931,NO,NO
13,MANABI,465,ROCAFUERTE,5885,ROCAFUERTE,5,SAN ELOY,4628,UNIDAD EDUCATIVA VICENTE ROCAFUERTE,NO,Via Rocafuerte Charapotó,0,1,1,2,1,1,1,1,594,560197.9916,9901981.622,-80.45895957,-0.8867625,NO,NO
13,MANABI,475,SUCRE,3445,SAN ISIDRO,2,SAN MIGUEL DE PIQUIGUA,6857,UNIDAD EDUCATIVA VICENTE ROCAFUERTE,NO,VIA A SAN MIGUEL DE PIQUIGUA,0,1,1,2,1,1,1,1,444,581436.5729,9958046.094,-80.26815416,-0.37953892,NO,SI
13,MANABI,475,SUCRE,3445,SAN ISIDRO,3,9 DE OCTUBRE,6873,ESCUELA DE EDUCACION BASICA CIRA CLEOTILDE DELGADO,NO,VIA A LAS BRISAS,0,1,1,2,1,1,1,1,269,587792.671,9954122.778,-80.21103397,-0.41502593,SI,SI
13,MANABI,440,PORTOVIEJO,1925,CHIRIJOS,2,TRES CAMINOS,6872,ESCUELA EDUCACIÓN BÁSICA TRINIDAD DE LA CRUZ,NO,VIA A LA TABLADA DE TIGRE,0,1,1,2,1,1,1,1,246,594130,9886915,-80.15397443,-1.02300212,SI,SI
13,MANABI,975,PUERTO LOPEZ,2305,MACHALILLA,2,AGUA BLANCA,6854,ESCUELA DE EDUCACIÓN BÁSICA GUARDIANA DE LOS SABERES SEÑORÍO DE SALANGOME,NO,VIA A JULCUY VIA PRINCIPAL,0,1,1,2,1,1,1,1,240,528825,9830778,-80.740866,-1.5309851,NO,NO
13,MANABI,470,SANTA ANA,6030,SANTA ANA,2,PEMINCHE,6855,ESCUELA DE EDUCACION BASICA BLANCA ANGELICA CEDEÑO,NO,VIA A PEMINCHE EN MEDIO,0,1,1,2,1,1,1,1,340,579802,9867910,-80.28270346,-1.19496367,NO,SI
13,MANABI,470,SANTA ANA,6030,SANTA ANA,3,CHAMUCAME,6869,UNIDAD EDUCATIVA SALUSTIDIO GILER ALAVA,NO,VIA A CHAMUCAME EN MEDIO,0,1,1,2,1,1,1,1,299,574028,9861659,-80.33458642,-1.25152748,NO,SI
13,MANABI,470,SANTA ANA,6030,SANTA ANA,4,VISQUIJE,6871,CASA COMUNAL DE LA ASOCIACION DE TRABAJADORES VISQUIJE,NO,VIA A SANTA ANA - OLMEDO KM 9,0,1,1,2,1,1,1,1,391,578150,9859500,-80.29753169,-1.27104933,NO,SI
13,MANABI,500,EL CARMEN,3632,SANTA MARIA,2,LA PALIZADA,4233,UNIDAD EDUCATIVA CIUDAD DE ROCAFUERTE,NO,VIA LA BRAMADORA-SANTA MARIA,0,2,2,4,1,2,1,2,1262,657101,9939540,-79.58825291,-0.54683327,NO,SI
13,MANABI,500,EL CARMEN,3632,SANTA MARIA,1,SANTA MARIA,5546,UNIDAD EDUCATIVA SANTA MARIA BLOQUE 2,SI,OCTAVIO CAMPUZANO Y CALLE RAMON ROSADO,53019404,9,9,18,1,9,1,9,6184,654820.9548,9926028.196,-79.60870657,-0.6690472,NO,NO
13,MANABI,500,EL CARMEN,3632,SANTA MARIA,3,SANTA TERESA,4238,UNIDAD EDUCATIVA CIUDAD DE JIPIJAPA,NO,28 DE JULIO,0,3,3,6,1,3,1,3,1727,651308.009,9910314.554,-79.64022622,-0.81118181,NO,SI
13,MANABI,500,EL CARMEN,3635,EL PARAISO / LA 14,1,LA 14/EL PARAISO,4236,UNIDAD EDUCATIVA FISCAL JUAN ANTONIO VEGA ARBOLEDA,SI,AV CARLOS JULIO Y CALLE JUAN RIVAS,52965114,11,11,22,1,11,1,11,7456,665466,9934895,-79.51308885,-0.58882549,NO,NO
13,MANABI,500,EL CARMEN,3635,EL PARAISO / LA 14,3,EL DESCANSO,4231,ESCUELA EDUCACION BASICA REPUBLICA DE ECUADOR,NO,VIA BRAMADORA - LA 14,0,3,4,7,1,3,1,4,2216,665184.407,9941282.418,-79.51563326,-0.53105677,NO,SI
13,MANABI,485,BOLIVAR,5150,CALCETA,2,SAN PABLO DE SEVERINO,2953,ESCUELA FISCAL GENERAL PINTANG,NO,VIA A LA ESCUELA DE FORMACION DE POLICIAS,0,1,1,2,1,1,1,1,512,606431,9890871,-80.04343515,-0.98718482,SI,SI
13,MANABI,230,FLAVIO ALFARO,1600,NOVILLO,6,LOS VIVERES DE LA POLVOSA,5364,UNIDAD EDUCATIVA VICENTE AMADOR FLOR,NO,VIA PALMA DE COCO CAÑALES,0,1,1,2,1,1,1,1,232,621610.39,9980193.06,-79.90717953,-0.17916678,SI,SI
13,MANABI,480,CHONE,6055,SANTA RITA,7,TABLADA DE SÁNCHEZ,5373,UNIDAD EDUCATIVA DEL MILENIO CARLOS MARIA CASTRO,NO,VIA CHONE TRES PUNTAS,0,1,1,2,1,1,1,1,462,616512.9544,9925642.362,-79.95291449,-0.67262348,NO,SI
13,MANABI,470,SANTA ANA,2135,LA UNION,2,CHICOMPE,5368,UNIDAD EDUCATIVA FISCAL REPÚBLICA DEL ECUADOR,NO,CHICOMPE EN MEDIO-VIA CHICOMPE ARRIBA,0,1,1,2,1,1,1,1,394,591584.8899,9859572.871,-80.17677722,-1.27035422,SI,SI
13,MANABI,476,JAMA,6750,JAMA,4,BIGUA,5375,ESCUELA DE EDUCACION BASICA FISCAL JULIO ENRIQUE PAREDES,NO,VIA JAMA - CALLE LEONIDAS MENDOZA,0,1,1,2,1,1,1,1,281,577574,9970979,-80.30287209,-0.26254251,NO,SI
13,MANABI,475,SUCRE,840,CHARAPOTO,4,SAN JACINTO,2357,UNIDAD EDUCATIVA DIANA ESTHER GUERRERO VARGAS,NO,AV. COSTA DEL SOL,53022689,2,2,4,1,2,1,2,1238,554041,9912965,-80.51430747,-0.78740397,NO,NO
13,MANABI,480,CHONE,405,CHIBUNGA,4,BOCA DE BARBUDAL,2309,UNIDAD BASICA MANUEL DEL JESUS REAL,NO,VIA A CONVENTO,53018485,1,1,2,1,1,1,1,263,622709,9984341,-79.89731038,-0.14164547,SI,SI
13,MANABI,480,CHONE,405,CHIBUNGA,5,SANTA ROSA DE CUCHARA,2310,ESCUELA DE EDUCACIÓN BÁSICA LIBERTADOR SIMÓN BOLIVAR,NO,VÍA EL CARMEN PEDERNALES KM31 MARGEN IZQUIERDO,0,1,1,2,1,1,1,1,249,648382,9989170,-79.66664767,-0.0979557,SI,SI
13,MANABI,480,CHONE,3350,SAN ANTONIO / DEL PELUDO,3,BRAVOS CHICOS,2463,UNIDAD EDUCATIVA RAQUEL INTRIAGO DE HIDALGO,NO,VÍA BOYACÁ,0,2,2,4,1,2,1,2,810,594230,9928386,-80.15315604,-0.64784281,NO,SI
13,MANABI,470,SANTA ANA,1610,HONORATO VASQUEZ,3,LA CHONTILLA 1,5377,UNIDAD EDUCATIVA 9 DE OCTUBRE,NO,VIA POZA HONDA- SAN SEBASTIAN,0,1,1,2,1,1,1,1,302,605118.3619,9877178.017,-80.05519444,-1.11105556,SI,SI
13,MANABI,910,PEDERNALES,580,COJIMIES,5,LOS ZENGUES,2484,ESCUELA DE EDUCACION BASICA FISCAL 30 DE JULIO,NO,VIA LOS ZENGUES - PEDERNALES,997181105,1,1,2,1,1,1,1,111,645128.6156,10028666.18,-79.69586588,0.25928425,SI,SI
13,MANABI,440,PORTOVIEJO,770,CRUCITA,3,SAN SILVESTRE,2255,ESCUELA DE EDUCACION BÁSICA DARIO GUEVARA,NO,VIA CORREAGUA - LAS GILCES,0,1,1,2,1,1,1,1,378,555134,9907536,-80.50447842,-0.83651873,NO,NO
13,MANABI,470,SANTA ANA,1105,SAN PABLO,1,SAN PABLO,2469,ESCUELA DE EDUCACION BASICA FISCAL LUIS FELIPE BORJA,SI,PADRE ALBERTO FERRI,0,6,6,12,1,6,1,6,3708,603683.7908,9866467.869,-80.06805556,-1.20794444,SI,SI
13,MANABI,470,SANTA ANA,1610,HONORATO VASQUEZ,1,HONORATO VASQUEZ,4672,UNIDAD EDUCATIVA FISCAL HONORATO VASQUEZ,SI,ELOY ALFARO Y SIMON BOLIVAR,52615308,6,7,13,1,6,1,7,4475,586530.6254,9877222.741,-80.22224999,-1.11069998,NO,NO
13,MANABI,470,SANTA ANA,2135,LA UNION,1,LA UNION,5233,UNIDAD EDUCATIVA LA UNION,SI,VIA A LA UNION PUEBLO NUEVO,0,7,9,16,1,7,1,9,5458,594656.7353,9866299.687,-80.14918697,-1.20949265,NO,NO
13,MANABI,470,SANTA ANA,6030,SANTA ANA,1,SANTA ANA,2161,UNIDAD EDUCATIVA PARTICULAR SIMÓN BOLÍVAR,SI,AV LUIS ALBERTO GILER Y HORACIO HIDROVO PEÑA HERRERA,52640049,5,4,9,26,30,28,31,2845,569495.8594,9866707.33,-80.37533328,-1.20586668,NO,NO
13,MANABI,470,SANTA ANA,6030,SANTA ANA,1,SANTA ANA,2162,ESCUELA DE EDUCACIÓN BÁSICA FISCAL ÁNGEL ARTEAGA CAÑARTE,SI,HORACIO HIDROVO,52640234,7,8,15,9,15,9,16,5250,570037,9866380,-80.37046873,-1.20882681,NO,NO
13,MANABI,470,SANTA ANA,6030,SANTA ANA,1,SANTA ANA,5183,UNIDAD EDUCATIVO DEL MILENIO 9 DE OCTUBRE,SI,ELOY ALFARO Y MALECON,52640996,8,8,16,1,8,1,8,5600,570063.69,9866653,-80.37022941,-1.206357,NO,NO
13,MANABI,470,SANTA ANA,6030,SANTA ANA,1,SANTA ANA,7937,UNIDAD EDUCATIVA ALBERTINA RIVAS MEDINA,SI,VIA SANTA ANA - POZA HONDA,0,10,11,21,16,25,17,27,7350,570294.17,9867161.6,-80.36815887,-1.20175536,NO,NO
13,MANABI,470,SANTA ANA,6725,LODANA,1,LODANA,2523,UNIDAD EDUCATIVA LODANA,NO,VIA SANTA ANA-PORTOVIEJO,52336119,3,3,6,1,3,1,3,1602,568191,9869984,-80.38706817,-1.17622614,NO,NO
13,MANABI,475,SUCRE,840,CHARAPOTO,1,CHARAPOTO,2374,UNIDAD EDUCATIVA FISCAL CHARAPOTO,SI,ELOY ALFARO Y 12 DE OCTUBRE,52670220,8,10,18,16,23,15,24,5778,557306.8276,9907132.495,-80.48494999,-0.84016668,NO,NO
13,MANABI,475,SUCRE,840,CHARAPOTO,1,CHARAPOTO,2427,ESCUELA DE EDUCACIÓN BÁSICA FISCAL CHARAPOTO Nro.75,SI,JP SANCHEZ Y ELENA SANTOS,52670004,15,14,29,1,15,1,14,10150,557213,9907254,-80.48579339,-0.83906754,NO,NO
13,MANABI,475,SUCRE,3445,SAN ISIDRO,1,SAN ISIDRO,2588,UNIDAD EDUCATIVA FISCAL SAN ISIDRO,SI,9 DE OCTUBRE,52400085,10,10,20,1,10,1,10,7000,590740.2548,9957817.43,-80.18454999,-0.38159998,NO,NO
13,MANABI,475,SUCRE,3445,SAN ISIDRO,1,SAN ISIDRO,6511,ESCUELA DE EDUCACION BASICA ANTONIO ELIAS CEDEÑO JERVES,SI,RECINTOS DOS CAMINOS,0,5,5,10,11,15,11,15,3355,589607,9957862,-80.1947335,-0.38119774,NO,NO
13,MANABI,475,SUCRE,5095,BAHIA DE CARAQUEZ,0,,2430,UNIDAD EDUCATIVA LA INMACULADA,SI,VIRGILIO RATIS Y MATHEUS,52693306,8,7,15,1,8,1,7,5250,564206.9555,9933673.038,-80.42296669,-0.60004998,NO,NO
13,MANABI,475,SUCRE,5095,BAHIA DE CARAQUEZ,0,,2423,UNIDAD EDUCATIVA ELOY ALFARO,SI,CALLE SALINAS,52690043,10,11,21,9,18,8,18,7350,563895.7501,9933701.625,-80.42576345,-0.59979165,NO,NO
13,MANABI,475,SUCRE,5095,BAHIA DE CARAQUEZ,0,,6465,UNIDAD EDUCATIVA NOCTURNA PCEI BAHIA DE CARAQUEZ,NO,AV VELASCO IBARRA,0,4,4,8,19,22,19,22,2633,563913,9932442,-80.42560723,-0.61118727,NO,NO
13,MANABI,475,SUCRE,5580,LEONIDAS PLAZA G.,1,LEONIDAS PLAZA G.,2444,UNIDAD EDUCATIVA FANNY DE BAIRD,SI,CALLE ESMERALDAS,52398884,10,9,19,1,10,1,9,6358,563676.2865,9931160.252,-80.42773329,-0.62278328,NO,NO
13,MANABI,476,JAMA,6750,JAMA,1,JAMA,2907,UNIDAD EDUCATIVA BRASIL LEONIDAS GARCIA,SI,AV ANTONIO CHICA VALENCIA,0,9,8,17,10,18,11,18,5626,582137,9977758,-80.26187155,-0.20121353,NO,NO
13,MANABI,476,JAMA,6750,JAMA,1,JAMA,4229,UNIDAD EDUCATIVA DEL MILENIO JAMA,SI,AVENIDA FABIAN ALARCON,0,9,10,19,1,9,1,10,6650,581941,9978190,-80.26363299,-0.1973055,NO,NO
13,MANABI,477,SAN VICENTE,470,CANOA,0,,3103,UNIDAD EDUCATIVA ELIAS CEDEÑO JERVES,SI,CALLE A CIUDADELA ORO VERDE,52588039,6,7,13,1,6,1,7,4330,560850,9948723,-80.45314697,-0.46389773,NO,NO
13,MANABI,477,SAN VICENTE,6785,SAN VICENTE,1,SAN VICENTE,2356,UNIDAD EDUCATIVA FISCAL SAN VICENTE,SI,LUIS FARIAS Y 29 DE MAYO,52674147,15,15,30,1,15,1,15,10500,566139.368,9934891.516,-80.40560173,-0.58902476,NO,NO
13,MANABI,477,SAN VICENTE,6785,SAN VICENTE,1,SAN VICENTE,6483,ESCUELA DE EDUCACIÓN BÁSICA 12 DE OCTUBRE,SI,AV. PACIFICO VELEZ,0,7,7,14,16,22,16,22,4400,565823,9934779,-80.40844474,-0.59004298,NO,NO
13,MANABI,480,CHONE,380,BOYACA,0,,2428,UNIDAD EDUCATIVA JUAN CRUZ AIZPRUA,SI,MIGUEL PÁRRAGAY ELOY ALFARO,0,5,6,11,1,5,1,6,3784,591425.8834,9937039.231,-80.17836669,-0.56956668,NO,NO
13,MANABI,480,CHONE,405,CHIBUNGA,1,CHIBUNGA,2305,UNIDAD EDUCATIVA FRANK VARGAS PAZZOS,SI,VIA INGRESO A LA CABECERA PARROQUIAL,0,3,4,7,1,3,1,4,2177,631617.8226,9989097.555,-79.81726669,-0.09861668,NO,NO
13,MANABI,480,CHONE,495,CANUTO,1,CANUTO,2500,UNIDAD EDUCATIVA CARLOS POMERIO ZAMBRANO,SI,FLORIDA VIA CALCETA,52938158,9,9,18,1,9,1,9,6300,596846.2358,9911536.155,-80.12961669,-0.80026668,NO,NO
13,MANABI,480,CHONE,495,CANUTO,1,CANUTO,5985,UNIDAD EDUCATIVA DR. LUIS CORDERO CRESPO,NO,CALLE ATAHUALPA,0,5,5,10,10,14,10,14,3146,597047,9911534,-80.1278125,-0.80028579,NO,NO
13,MANABI,480,CHONE,640,CONVENTO,1,CONVENTO,2462,UNIDAD EDUCATIVA DR. JOSE MARIA EGAS,SI,CALLE 1° DE MAYO Y AV FRANK VARGAS PAZZO,0,8,9,17,1,8,1,9,5874,607076.2958,9969321.711,-80.03776669,-0.27751668,NO,NO
13,MANABI,480,CHONE,1160,ELOY ALFARO,1,ELOY ALFARO,2329,UNIDAD EDUCATIVA MANUEL CASTILLO HIDALGO,SI,CALLE 16 DE AGOSTO,253027746,4,5,9,1,4,1,5,2728,602434.2381,9955524.298,-80.07946669,-0.40233328,NO,NO
13,MANABI,480,CHONE,3170,RICAURTE,1,RICAURTE,2301,UNIDAD EDUCATIVA COLON ARTEAGA GARCIA,SI,VIA CHONE-QUITO KM 17 1/2,53028089,6,6,12,1,6,1,6,3919,606613.9492,9935717.711,-80.04188329,-0.58149998,NO,NO
13,MANABI,480,CHONE,3350,SAN ANTONIO / DEL PELUDO,1,SAN ANTONIO /DEL PELUDO,2442,UNIDAD EDUCATIVA MORALES ASCAZUBI,SI,YON GREY,52546098,9,9,18,1,9,1,9,6069,592816.3282,9922044.012,-80.16584999,-0.70521668,NO,NO
13,MANABI,480,CHONE,5250,CHONE,0,,2347,UNIDAD EDUCATIVA SAN CAYETANO DE CHONE,SI,AV MARCOS ARAY DUEÑAS,52695875,11,11,22,13,23,13,23,7700,599872,9922802,-80.10244627,-0.69834791,NO,NO
13,MANABI,480,CHONE,5250,CHONE,0,,2954,"UNIDAD EDUCATIVA ""EUGENIO ESPEJO""",SI,MALECON 5 DE JUNIO Y KENEDY,0,10,10,20,35,44,34,43,7000,600297.5327,9923047.044,-80.09862273,-0.69613047,NO,NO
13,MANABI,480,CHONE,5250,CHONE,0,,2971,UNIVERSIDAD LAICA ELOY ALFARO MANABI DE CHONE,SI,AV. ELOY ALFARO,52696301,14,12,26,61,74,59,70,9100,600119,9922798,-80.10022665,-0.69838367,NO,NO
13,MANABI,480,CHONE,5250,CHONE,0,,2429,UNIDAD EDUCATIVA AURELIO SALAZAR,SI,AV MARCOS ARAY DUEÑAS,52698661,8,7,15,45,52,44,50,5250,600112,9922796,-80.10028955,-0.69840177,NO,NO
13,MANABI,480,CHONE,5250,CHONE,0,,2496,UNIDAD EDUCATIVA AUGUSTO SOLORZANO HOYOS,SI,AVENIDA ELOY ALFARO,5697888,12,12,24,1,12,1,12,8400,599992.347,9923078.819,-80.10136527,-0.69584354,NO,NO
13,MANABI,480,CHONE,5250,CHONE,0,,2426,UNIDAD EDUCATIVA REPÚBLICA DE MÉXICO,SI,AV ELOY ALFARO,52699903,8,8,16,53,60,51,58,5600,600339.0373,9923179.378,-80.09824999,-0.69493328,NO,NO
13,MANABI,480,CHONE,5250,CHONE,0,,4661,UNIDAD EDUCATIVA MAGALY MASSON DEL VALLE,SI,Av. Eloy Alfaro,52361825,11,10,21,24,34,24,33,7350,599892.579,9922965.255,-80.10226162,-0.69687104,NO,NO
13,MANABI,480,CHONE,5250,CHONE,0,,7001,UNIDAD EDUCATIVA JULIA GONZALEZ BARBERAN,NO,CALLE JULIA GONZALEZ,0,6,4,10,75,80,71,74,3380,600438.8425,9923339.162,-80.09735338,-0.69348767,NO,NO
13,MANABI,480,CHONE,6055,SANTA RITA,1,SANTA RITA,2323,UNIDAD EDUCATIVA PARTICULAR EL BEJUCAL,SI,AV CARLOS ALBERTO ARAY,52698855,10,10,20,8,17,8,17,6626,603334.298,9922721.446,-80.07133301,-0.69907053,NO,NO
13,MANABI,480,CHONE,6055,SANTA RITA,1,SANTA RITA,2277,UNIDAD EDUCATIVA IBARRA 2,SI,EMILIO HIDALGO,0,7,7,14,1,7,1,7,4900,601974.8295,9922985.61,-80.08354999,-0.69668328,NO,NO
13,MANABI,485,BOLIVAR,240,MEMBRILLO,0,,2256,UNIDAD EDUCATIVA FISCAL MEMBRILLO,SI,AV PLINIO ZAMBRANO MEZA,0,7,7,14,1,7,1,7,4540,619353,9906451,-79.92735157,-0.84621724,NO,SI
13,MANABI,485,BOLIVAR,3110,QUIROGA,0,,2254,UNIDAD EDUCATIVA FISCAL DR WILFRIDO LOOR MOREIRA,SI,AV ESTUDIANTIL Y CALLE BOLIVAR,52616541,7,7,14,1,7,1,7,4614,600499.508,9902065.427,-80.09676669,-0.88593328,NO,SI
13,MANABI,485,BOLIVAR,5150,CALCETA,1,CALCETA,2321,UNIDAD EDUCATIVA PARTICULAR PABLO VI,SI,JUAN MOLTALVO,52685256,8,9,17,10,17,12,20,5950,593525.489,9906359.035,-80.15944913,-0.8471068,NO,NO
13,MANABI,485,BOLIVAR,5150,CALCETA,1,CALCETA,2436,UNIDAD EDUCATIVA PARTICULAR MERCEDES,SI,AV SIXTO DURAN BALLEN,52685566,5,5,10,1,5,1,5,3500,593297.6881,9906265.193,-80.16149614,-0.84795617,NO,NO
13,MANABI,485,BOLIVAR,5150,CALCETA,1,CALCETA,2467,UNIDAD EDUCATIVA JOSE DE SAN MARTIN,SI,FLAVIO ALFARO,0,4,6,10,6,9,6,11,3500,593502.1063,9906167.386,-80.15965889,-0.84884056,NO,NO
13,MANABI,485,BOLIVAR,5150,CALCETA,1,CALCETA,2465,UNIDAD EDUCATIVA FISCAL SIMON BOLIVAR,SI,CÉSAR OVIDIO VILLAMAR,2686361,8,8,16,27,34,30,37,5600,593043.66,9906654,-80.16377978,-0.84443939,NO,NO
13,MANABI,485,BOLIVAR,5150,CALCETA,1,CALCETA,6433,UNIDAD EDUCATIVA 13 DE OCTUBRE,SI,AV ESTUDIANTIL,53025684,10,7,17,35,44,38,44,5769,592689,9910500,-80.16697428,-0.80964789,NO,NO
13,MANABI,485,BOLIVAR,5150,CALCETA,1,CALCETA,6434,UNIDAD EDUCATIVA ATAHUALPA,SI,CDLA. CAMILO PONCE,52680450,9,9,18,18,26,21,29,6300,593929,9906287,-80.15582274,-0.84775766,NO,NO
13,MANABI,490,JUNIN,5505,JUNIN,1,JUNIN,2302,UNIDAD EDUCATIVA FISCOMISIONAL MARIA MERCEDES,SI,VICENTE MENDOZA Y CORONEL GARCIA 304,52689906,7,8,15,1,7,1,8,5250,588479,9897522,-80.20478386,-0.92705992,NO,NO
13,MANABI,490,JUNIN,5505,JUNIN,1,JUNIN,4216,ESCUELA GENERAL BASICA JUNIN NRO. 60,SI,8 DE NOVIEMBRE Y 11 DE FEBRERO,52689189,8,9,17,19,26,20,28,5590,588441,9897266,-80.20512485,-0.92937588,NO,NO
13,MANABI,490,JUNIN,5505,JUNIN,1,JUNIN,6510,UNIDAD EDUCATIVA CARLOS A. GARCÍA MORA,SI,CDLA 10 DE AGOSTO Y CALLE VELASCO IBARRA,0,11,11,22,8,18,9,19,7700,588454.4,9896845.8,-80.20500357,-0.93317715,NO,NO
13,MANABI,440,PORTOVIEJO,5030,ANDRES DE VERA,2,EL FLORON,2244,UNIDAD EDUCATIVA FISCAL PEDRO ZAMBRANO IZAGUIRRE,SI,"MARTHA BUCARAN, CALLE LOS ALMENDROS",0,6,5,11,1,6,1,5,3654,560726.053,9880762.412,-80.45418251,-1.07872932,NO,NO
13,MANABI,440,PORTOVIEJO,5030,ANDRES DE VERA,3,SAN ALEJO,2253,UNIDAD EDUCATIVA FISCAL CRISTOBAL COLÓN,NO,AV DEL EJÉRCITO VÍA A PICOAZA,0,6,4,10,1,6,1,4,3382,557715,9883716,-80.48125014,-1.05201324,NO,NO
13,MANABI,440,PORTOVIEJO,5030,ANDRES DE VERA,4,SAN GREGORIO,2247,UNIDAD EDUCATIVA MATHIUS QUINTANILLA SIERRA,NO,PRIMERA ENTRADA MARIO LOOR BALDA,0,4,3,7,1,4,1,3,2062,556008.2834,9881554.1,-80.49658676,-1.07157433,NO,NO
13,MANABI,440,PORTOVIEJO,5265,COLON,2,PACHINCHE EN MEDIO,2381,SEDE SOCIAL DE LA COMUNA CAMPESINO PAULO EMILIO MACIAS,NO,VIA PICHINCHA A DENTRO,0,3,2,5,1,3,1,2,1552,569108,9873026,-80.37883209,-1.14870412,NO,NO
13,MANABI,440,PORTOVIEJO,770,CRUCITA,2,LOS RANCHOS - ARENALES,2257,ESCUELA FISCAL DE EDUCACION BASICA EUGENIO ESPEJO,NO,VIA LOS RANCHOS - ARENALES,0,3,3,6,1,3,1,3,1847,552108,9905148,-80.53167163,-0.8581263,NO,NO
13,MANABI,480,CHONE,6055,SANTA RITA,2,PUEBLITO (RIO GRANDE),4955,UNIDAD EDUCATIVA JOSÉ MELQUÍADES ALARCÓN,NO,EL PUEBLITO DE RIO GRANDE,0,1,1,2,1,1,1,1,453,609133,9924543,-80.01922835,-0.68258214,NO,SI
13,MANABI,500,EL CARMEN,5300,EL CARMEN,2,LA BRAMADORA,2443,UNIDAD EDUCATIVA UNION Y PROGRESO EX HORACIO HIDROVO PEÑERRERA,SI,PADRE JOSE MARIA PINTO,0,5,5,10,1,5,1,5,3556,660330.927,9947415.165,-79.55924999,-0.47559998,NO,SI
13,MANABI,475,SUCRE,840,CHARAPOTO,2,SAN ALEJO,2555,ESCUELA DE EDUCACIÓN GENERAL BÁSICA GUSTAVO AVELLAN FLORES,NO,ESPIRITU FLORES,0,1,1,2,1,1,1,1,309,554081.5715,9914504.931,-80.51394444,-0.77347222,NO,NO
13,MANABI,445,MONTECRISTI,5665,MONTECRISTI,2,LOS BAJOS DE PECHICHE,2170,UNIDAD EDUCATIVA DR. DANIEL ACOSTA ROSALES,NO,CALLE 6 DE MARZO,0,4,4,8,1,4,1,4,2682,535661,9880277,-80.67946839,-1.08315318,NO,SI
13,MANABI,445,MONTECRISTI,5665,MONTECRISTI,4,BAJO DE LA PALMA,2145,UNIDAD EDUCATIVA LUIS A. MARTINEZ,NO,LOS MANGOS,2552125,3,3,6,1,3,1,3,1706,533751.5521,9880874.786,-80.69663144,-1.07774669,NO,SI
13,MANABI,465,ROCAFUERTE,4750,SOSOTE,2,EL HIGUERON,7726,ESCUELA DE EDUCACIÓN BÁSICA LUIS URDANETA,NO,CALLE 30 DE SEPTIEMBRE,0,2,1,3,1,2,1,1,828,555571.148,9903542.206,-80.50054495,-0.87264987,NO,NO
13,MANABI,477,SAN VICENTE,6785,SAN VICENTE,2,SALINAS,2445,UNIDAD EDUCATIVA SALINAS ex ESC. ED. BÁSICA FISCAL TELMO VITERI SILVA,NO,1ero DE MAYO,0,1,1,2,1,1,1,1,665,578200,9928706,-80.29720985,-0.64497006,NO,NO
13,MANABI,476,JAMA,6750,JAMA,3,RAMBUCHE,5341,CASA COMUNAL RAMBUCHE,NO,VIA SAN VICENTE-JAMA,0,1,1,2,1,1,1,1,372,575009.4252,9967283.117,-80.32591595,-0.29597926,NO,SI
13,MANABI,480,CHONE,495,CANUTO,2,SAN PABLO DE TARUGO,2502,UNIDAD EDUCATIVA DEL MILENIO TEMISTOCLE CHICA SALDARRIAGA,NO,SAN PABLO,0,1,1,2,1,1,1,1,257,604038,9913263,-80.06499144,-0.78463118,NO,SI
13,MANABI,480,CHONE,3170,RICAURTE,3,SESME,2505,ESCUELA FISCAL MIXTA DEMETRIO ZAMBRANO VERA,NO,VÍA CHONE FLAVIO ALFARO,0,1,1,2,1,1,1,1,436,606983,9944493,-80.03857953,-0.50211794,NO,SI
13,MANABI,480,CHONE,3170,RICAURTE,4,COLORADO,2993,"ESCUELA DE EDUCACION BASICA ""PETRA VERDUGA DE ALCIVAR""",NO,VIA DANDA CHONE-FLAVIO ALFARO,0,1,1,2,1,1,1,1,558,602803,9938471,-80.07613239,-0.55659914,NO,SI
13,MANABI,480,CHONE,3170,RICAURTE,5,NUEVO BACHILLERO,2562,ESCUELA FISCAL MIXTA DR AMADO AIZPRUA PARRAGA,NO,VIA NUEVO ORIZONTE,0,1,1,2,1,1,1,1,97,635186,9937694,-79.7851508,-0.56357419,SI,SI
13,MANABI,480,CHONE,6055,SANTA RITA,5,QUEBRADA DEL BEJUCO,2319,UNIDAD EDUCATIVA LEON TOLSTOY,NO,VIA BEJUCO PLATANAL,0,1,1,2,1,1,1,1,594,604647,9920691,-80.0595331,-0.71743572,NO,SI
13,MANABI,500,EL CARMEN,1070,WILFRIDO LOOR MOREIRA,2,TEODOMIRO,2499,ESCUELA DE EDUCACION BASICA TEDDY GARDEL BUENAVENTURA,NO,VIA PAMBILAR,0,1,1,2,1,1,1,1,423,640978,9960640,-79.73314594,-0.35601459,NO,SI
13,MANABI,500,EL CARMEN,1980,SAN PEDRO DE SUMA,3,LAS MERCEDES DE AGUAS SUCIA,2949,"ESCUELA FISCAL MIXTA ""ULPIANO PAEZ""",NO,VIA EL CARMEN-PEDERNALES,0,2,2,4,1,2,1,2,1151,665981,9979250,-79.50853231,-0.18766772,NO,SI
13,MANABI,550,TOSAGUA,6170,TOSAGUA,2,EL TAMBO,2279,UNIDAD EDUCATIVA “JOSÉ MARÍA HUERTA”,NO,VÍA AL TAMBO,0,1,1,2,1,1,1,1,312,584177,9915681,-80.24347808,-0.76279305,NO,NO
13,MANABI,550,TOSAGUA,6170,TOSAGUA,4,CERRO VERDE,2346,UNIDAD EDUCATIVA JACINTO SANTOS VERDUGA,NO,ENTRADA EN SITIO AL VIENTO,0,1,1,2,1,1,1,1,534,573492,9915760,-80.33950264,-0.76209428,NO,NO
13,MANABI,840,PICHINCHA,1060,SAN SEBASTIAN,3,BOCA DE CAÑA,2281,ESCUELA FISCAL MIXTA 10 DE JULIO,NO,VÍA A LOS 4 CAMINOS,3045241,1,1,2,1,1,1,1,288,613861,9876554,-79.97662162,-1.11667396,NO,SI
13,MANABI,840,PICHINCHA,1065,BARRAGANETE,3,EL DIQUE,5342,CASA COMUNAL EL DIQUE,NO,VIA A MEMBRILLO,0,1,1,2,1,1,1,1,416,627469.5604,9909246.517,-79.85442326,-0.82090947,SI,SI
13,MANABI,910,PEDERNALES,580,COJIMIES,3,ELOY ALFARO,2048,ESCUELA FISCAL MIXTA ANTONIO DELGADO VERA,NO,RÍO TIGUA,0,1,1,2,1,1,1,1,519,624272.9081,10029385.12,-79.88325,0.26580556,NO,SI
13,MANABI,910,PEDERNALES,1030,10 DE AGOSTO,2,SANTA TERESA,6566,UNIDAD EDUCATIVA SANTA TERESA,NO,VIA AL COLEGIO PABLO ANIBAL VELA,0,2,1,3,1,2,1,1,789,611567,9989022,-79.99742555,-0.0993061,NO,SI
13,MANABI,840,PICHINCHA,1065,BARRAGANETE,4,CABECERA DE RIO SALAZAR,2352,UNIDAD EDUCATIVA BÁSICA QUINCHE CHAVARRÍA DE INTRIAGO,NO,VÍA BARRAGANETE,0,1,1,2,1,1,1,1,438,627094.11,9914861.74,-79.85781097,-0.77011802,SI,SI
13,MANABI,480,CHONE,3170,RICAURTE,6,RIO SANTO,5359,CASA COMUNAL RIO SANTO,NO,AV PRINCIPAL RIO SANTO,52650913,1,1,2,1,1,1,1,183,610399.5172,9934864.616,-80.00786521,-0.58921111,NO,SI
13,MANABI,480,CHONE,3170,RICAURTE,7,LAS GARZAS,5348,UNIDAD EDUCATIVA CARMELINA TEÓFILA MOREIRA,NO,ENTRADA A GARRAPATILLA-SAN FRANCISCO-LA ENSILLADA,53027765,1,1,2,1,1,1,1,324,623829,9939076,-79.88719933,-0.55109372,SI,SI
13,MANABI,480,CHONE,405,CHIBUNGA,3,SAN FRANCISCO DE YAHUILA,2308,UNIDAD EDUCATIVA 22 DE AGOSTO,NO,VIA PEDERNALES,0,2,2,4,1,2,1,2,1319,630525.4177,9996535.995,-79.82708333,-0.03133333,NO,SI
13,MANABI,465,ROCAFUERTE,5885,ROCAFUERTE,4,EL RESBALÓN,2384,"UNIDAD EDUCATIVA ""FEDERICO GONZALEZ SUAREZ""",NO,VIA ROCAFUERTE EL RODEO,0,3,3,6,1,3,1,3,1872,562508,9893242,-80.43818616,-0.96582546,NO,NO
13,MANABI,440,PORTOVIEJO,5265,COLON,3,LOS ÁNGELES,2265,ESCUELA EDUCACION BASICA PORTOVIEJO Nro. 25,NO,1ERO DE JUNIO,52420888,3,2,5,1,3,1,2,1551,565291.226,9878767.579,-80.41314776,-1.09676849,NO,NO
13,MANABI,470,SANTA ANA,1610,HONORATO VASQUEZ,2,LA SAIBA,4625,ESCUELA FISCAL 24 DE JULIO,NO,Vía LA TAMBORA,0,1,1,2,1,1,1,1,139,598497.362,9874328.331,-80.11469141,-1.13685291,SI,SI
13,MANABI,445,MONTECRISTI,7460,ANIBAL SAN ANDRES,1,ANIBAL SAN ANDRES,2169,UNIDAD EDUCATIVA ANIBAL SAN ANDRES Nro.1,NO,CALLE FLAVIO ALFARO,0,3,3,6,1,3,1,3,2054,538039.711,9884512.849,-80.65809229,-1.0448286,NO,SI
13,MANABI,455,JIPIJAPA,7465,DR. MIGUEL MORAN LUCIO,0,,2099,"UNIDAD EDUCATIVA FISCAL ""JIPIJAPA""",SI,VILLAMIL Y TUNGURAHUA,52602825,8,7,15,1,8,1,7,5172,547294.396,9851366.895,-80.57486483,-1.34469059,NO,NO
13,MANABI,455,JIPIJAPA,7470,MANUEL INOCENCIO PARRALES,0,,2044,UNIDAD EDUCATIVA MANUEL INOCENCIO PARRALES IGUALES,SI,CALLE PEDRO VICENTE MALDONADO,52600465,5,4,9,1,5,1,4,2960,545017.1183,9850080.376,-80.59533328,-1.35633328,NO,NO
13,MANABI,455,JIPIJAPA,7475,SAN LORENZO DE JIPIJAPA,0,,4374,ESCUELA DE EDUCACION BASICA FRANCISCA VERA ROBLES,SI,CALLE SUCRE ENTRE COLON Y SANTISTEBAN,52600230,7,6,13,1,7,1,6,4550,546843,9851031,-80.57892189,-1.34773015,NO,NO
13,MANABI,455,JIPIJAPA,7475,SAN LORENZO DE JIPIJAPA,0,,7953,ESCUELA DE EDUCACION BASICA ONCE DE SEPTIEMBRE,NO,PARRALES Y GUALE ENTRE MONTUFAR Y ANTEPARA,0,5,5,10,8,12,7,11,3440,547407.58,9851232.23,-80.57384721,-1.34590873,NO,NO
13,MANABI,440,PORTOVIEJO,5845,PICOAZA,2,MEJIA,5361,UNIDAD EDUCATIVA ESMERALDAS,NO,AV LAS PEÑAS,0,3,3,6,1,3,1,3,1709,558657.8682,9891000.454,-80.47278647,-0.98611009,NO,NO
13,MANABI,440,PORTOVIEJO,6910,SIMON BOLIVAR,0,,2369,UNIDAD EDUCATIVA PAULO EMILIO MACIAS SABANDO,SI,PAOLO EMILIO MACIAS,0,8,7,15,1,8,1,7,4959,563069.7387,9880144.383,-80.43311665,-1.08431664,NO,NO
13,MANABI,500,EL CARMEN,1980,SAN PEDRO DE SUMA,1,SAN PEDRO DE SUMA,2367,CENTRO DE EVENTO SOCIALES CULTURALES Y DEPORTIVO SOCRATES FARIAS,NO,PABLO MENDOZA ROBLES,0,3,3,6,1,3,1,3,1751,662265,9975942,-79.54191343,-0.21758931,NO,SI
13,MANABI,500,EL CARMEN,5300,EL CARMEN,1,EL CARMEN,2349,UNIDAD EDUCATIVA EL CARMEN,SI,VIA CHONE Y LIBERTAD,52660117,27,28,55,1,27,1,28,19250,672216.2951,9969724.863,-79.45250752,-0.27380807,NO,NO
13,MANABI,500,EL CARMEN,5300,EL CARMEN,1,EL CARMEN,4657,UNIDAD EDUCATIVA TACIO CASTILLO DÍAZ,SI,S GARCIA MORENO Y FRANCISCO PACHECO,53019763,5,6,11,28,32,29,34,3850,671533.7146,9969181.591,-79.45863889,-0.27872222,NO,NO
13,MANABI,500,EL CARMEN,5300,EL CARMEN,1,EL CARMEN,5367,UNIDAD EDUCATIVA 3 DE JULIO PABELLON I,SI,AVENIDA 3 DE JULIO,53018326,7,7,14,44,50,46,52,4900,670444.1928,9969398.482,-79.46842697,-0.27676194,NO,NO
13,MANABI,500,EL CARMEN,5300,EL CARMEN,1,EL CARMEN,5507,UNIVERSIDAD LAICA ELOY ALFARO EXT EL CARMEN,SI,AV. 3 DE JULIO,52660695,11,11,22,33,43,35,45,7700,670964.8659,9968884.889,-79.46374884,-0.28140628,NO,NO
13,MANABI,500,EL CARMEN,5300,EL CARMEN,1,EL CARMEN,5356,UNIDAD EDUCATIVA 3 DE JULIO - PABELLON II,SI,AVENIDA 3 DE JULIO,53018326,5,6,11,51,55,53,58,3850,670466.455,9969403.082,-79.46822698,-0.27672031,NO,NO
13,MANABI,500,EL CARMEN,5300,EL CARMEN,1,EL CARMEN,6436,UNIDAD EDUCATIVA MANUEL ESPINALES SANTANA BLOQUE 1,SI,AV 3 DE JULIO,0,8,8,16,56,63,59,66,5600,670401.0083,9969786.175,-79.46881537,-0.27325567,NO,NO
13,MANABI,500,EL CARMEN,5300,EL CARMEN,1,EL CARMEN,6447,UNIDAD EDUCATIVA ALIDA ZAMBRANO GARCIA,SI,VIA A VENADO-NUEVO NARANJAL LOTIZACION EL ROSADO,0,15,15,30,64,78,67,81,10500,670041,9969326,-79.47204902,-0.27741794,NO,NO
13,MANABI,500,EL CARMEN,5300,EL CARMEN,1,EL CARMEN,7005,UNIDAD EDUCTIVA DR. LUIS AVEIGA BARBERAN BLOQUE 1,SI,AV. 3 DE JULIO,0,14,14,28,79,92,82,95,9437,672210.6927,9969377.942,-79.45255744,-0.27694563,NO,NO
13,MANABI,500,EL CARMEN,6195,4 DE DICIEMBRE,0,,2441,UNIDAD EDUCATIVA 5 DE JUNIO,SI,AV CHONE,0,6,5,11,1,6,1,5,3642,668171.2041,9972389.135,-79.48884999,-0.24971668,NO,SI
13,MANABI,550,TOSAGUA,265,BACHILLERO,0,,2454,UNIDAD EDUCATIVA FISCAL MIGUEL DE LETAMENDI,SI,SANTIAGO VERA,0,5,5,10,1,5,1,5,3266,587590.6494,9915322.211,-80.21279999,-0.76603328,NO,NO
13,MANABI,550,TOSAGUA,2030,ANGEL PEDRO GILER,0,,2434,UNIDAD EDUCATIVA ANIBAL GONZALES ALAVA,SI,GRANDE CENTENO,0,6,7,13,1,6,1,7,4288,587109.8209,9909473.464,-80.21711111,-0.81894444,NO,NO
13,MANABI,550,TOSAGUA,6170,TOSAGUA,1,TOSAGUA,4626,UNIDAD EDUCATIVA CATOLICA PEDRO SCHUMACHER,SI,Calle San Pedro,52330149,7,6,13,1,7,1,6,4550,584817.1685,9913784.355,-80.237722,-0.77995001,NO,NO
13,MANABI,550,TOSAGUA,6170,TOSAGUA,1,TOSAGUA,4602,UNIDAD EDUCATIVA FISCAL EUGENIO ESPEJO,SI,CALLE EUGENIO ESPEJO,52330444,8,9,17,8,15,7,15,5950,585402.3628,9913009.772,-80.23246172,-0.7869563,NO,NO
13,MANABI,550,TOSAGUA,6170,TOSAGUA,1,TOSAGUA,5567,UNIDAD EDUCATIVA MAGDALENA DAVALOS N°32,SI,CALLE MAGDALENA DAVALOS Y SALVADOR ESPINOZA,52330349,8,9,17,16,23,16,24,5950,584811.6172,9913217.898,-80.23777096,-0.78507447,NO,NO
13,MANABI,550,TOSAGUA,6170,TOSAGUA,1,TOSAGUA,6028,UNIDAD EDUCATIVA JOSE VICENTE LUQUE,SI,ABDON BERMUDEZ,52330508,7,8,15,31,37,31,38,4988,585403.922,9912796.687,-80.23244735,-0.78888397,NO,NO
13,MANABI,550,TOSAGUA,6170,TOSAGUA,1,TOSAGUA,6512,UNIDAD EDUCATIVA FISCAL CARLOS JULIO AROSEMENA TOLA,SI,CALLE MAGDALENA DAVALOS,52330108,7,6,13,24,30,25,30,4550,584861,9913394,-80.23732746,-0.78348128,NO,NO
13,MANABI,840,PICHINCHA,1060,SAN SEBASTIAN,1,SAN SEBASTIAN,2345,UNIDAD EDUCATIVA SEBASTIAN MUÑOZ,SI,VÍA MANTA QUEVEDO KM 103,52615258,6,6,12,1,6,1,6,3872,609836.9217,9883139.869,-80.01280556,-1.05711111,NO,SI
13,MANABI,840,PICHINCHA,1065,BARRAGANETE,1,BARRAGANETE,2299,UNIDAD EDUCATIVA FISCAL ERNESTO VELASQUEZ KUFFO,SI,SANTA MARIANITA DEL JESUS,0,6,7,13,1,6,1,7,4253,644966.452,9913953.871,-79.69721669,-0.77828328,NO,SI
13,MANABI,840,PICHINCHA,6550,PICHINCHA /GERMUD,1,PICHINCHA /GERMUD,2312,UNIDAD EDUCATIVA PICHINCHA BLOQUE MIGUEL DE CERVANTES,SI,VÍA MANTA QUEVEDO,0,8,8,16,1,8,1,8,5600,631156.6664,9884273.133,-79.8212164,-1.04679307,NO,NO
13,MANABI,840,PICHINCHA,6550,PICHINCHA /GERMUD,1,PICHINCHA /GERMUD,2313,DISTRITO DE EDUCACION 13D08 PICHICNHA EX COLEGIO AMINTA DOLORES,SI,VIA MANTA QUEVEDO,0,5,5,10,17,21,21,25,3500,631270.2535,9883912.41,-79.82019444,-1.05005556,NO,NO
13,MANABI,840,PICHINCHA,6550,PICHINCHA /GERMUD,1,PICHINCHA /GERMUD,2276,UNIDAD EDUCATIVA PICHINCHA,SI,VÍA MANTA QUEVEDO,0,8,12,20,9,16,9,20,7000,631021.316,9884447.461,-79.82243329,-1.04521668,NO,NO
13,MANABI,840,PICHINCHA,6550,PICHINCHA /GERMUD,1,PICHINCHA /GERMUD,6860,UNIDA EDUCATIVA PARTICULAR SANTA GEMA,SI,WASHINTON GILER- BARRIO LA TAMBITA,0,6,5,11,22,27,26,30,3530,631783.4256,9884035.054,-79.81558333,-1.04894444,NO,NO
13,MANABI,910,PEDERNALES,580,COJIMIES,1,COJIMIES,6567,UNIDAD EDUCATIVA SUCRE MIELES,SI,ENTRADA A COJIMIES,0,9,10,19,1,9,1,10,6455,606978,10040104,-80.03864199,0.362782,NO,SI
13,MANABI,910,PEDERNALES,785,ATAHUALPA,0,,2556,UNIDAD EDUCATIVA 12 DE OCTUBRE,NO,12 DE OCTUBRE,0,4,4,8,1,4,1,4,2772,614785,9997024,-79.96851217,-0.02692041,NO,SI
13,MANABI,910,PEDERNALES,1030,10 DE AGOSTO,1,10 DE AGOSTO,2163,COLISEO 10 DE AGOSTO,SI,AV SUCRE ARNULFO CEVALLOS,53027003,5,6,11,1,5,1,6,3717,603217.302,9983923.132,-80.07244999,-0.14543328,NO,SI
13,MANABI,455,JIPIJAPA,5485,JIPIJAPA,2,SANCAN,2033,"ESCUELA DE EDUCACIÓN BÁSICA FISCAL ""ANTONIO NEUMANE""",NO,YUMBER MADRID,52600931,2,2,4,1,2,1,2,1012,546425.702,9860879.983,-80.58268764,-1.2586268,NO,SI
13,MANABI,480,CHONE,405,CHIBUNGA,2,SAN JUAN DE BUA,2306,UNIDAD EDUCATIVA BOCANA DEL BUA,NO,ELIECER BRAVO,0,2,2,4,1,2,1,2,1180,655134,9997854,-79.60598831,-0.01940975,NO,SI
13,MANABI,480,CHONE,3170,RICAURTE,2,PAVON,5335,JUNTA DE AGUA PAVON,NO,VIA CHONE-QUITO,0,1,1,2,1,1,1,1,646,606621.6995,9939195.84,-80.0418188,-0.5500367,NO,SI
13,MANABI,480,CHONE,1160,ELOY ALFARO,2,CUCUY,3003,UNIDAD EDUCATIVA CAYAMBE,NO,VIA CHONE SAN ISIDRO,53023884,2,2,4,1,2,1,2,1020,595107.4614,9949714.264,-80.14529841,-0.45489977,NO,SI
13,MANABI,480,CHONE,3350,SAN ANTONIO / DEL PELUDO,2,BARQUERO,2440,UNIDAD EDUCATIVA BARQUERO,NO,AV LA ESPERANZA,53021530,1,1,2,1,1,1,1,752,583410.7554,9926522.606,-80.25038001,-0.66471546,NO,NO
13,MANABI,910,PEDERNALES,6430,PEDERNALES,3,CAÑAVERAL DEL NARANJO,2560,UNIDAD EDUCATIVA CAÑAVERAL DEL NARANJO,NO,VIA CAÑAVERAL DEL NARANJO-DÓGOLA,0,1,2,3,1,1,1,2,802,631394.0987,10007247.41,-79.81927778,0.06555556,NO,SI
13,MANABI,970,OLMEDO,6495,OLMEDO /PUCA,2,LA FLORIDA,2166,ESCUELA FISCAL MIXTA CRISTOBAL COLÓN,NO,LA FLORIDA,0,1,1,2,1,1,1,1,221,581745,9847333,-80.26518653,-1.38110924,NO,SI
13,MANABI,975,PUERTO LOPEZ,1920,SALANGO,2,LAS TUNAS,2043,"UNIDAD EDUCATIVA ""JAIME ROLDOS AGUILERA""",NO,CIUDADELA CARLOS MANUEL JARA,0,1,1,2,1,1,1,1,676,520049.0564,9817313.907,-80.81975,-1.65280556,NO,NO
13,MANABI,230,FLAVIO ALFARO,5480,FLAVIO ALFARO,4,LA CODICIA,2480,UNIDAD EDUCATIVA MARISCAL SUCRE,NO,CALLE ROSARIO PAZMIÑO,53029459,1,1,2,1,1,1,1,627,622466,9966413,-79.89948173,-0.30381567,NO,SI
13,MANABI,230,FLAVIO ALFARO,5480,FLAVIO ALFARO,5,LA LAGUNA DE CUCHARA,2453,UNIDAD EDUCATIVA YAHUARCOCHA,NO,VÍA LA RONCADERA- LA LAGUNA DE CUCHARA,0,1,1,2,1,1,1,1,334,648917.0371,9976254.082,-79.66183333,-0.21477778,SI,SI
13,MANABI,230,FLAVIO ALFARO,1600,NOVILLO,5,BOCA DE TIGRE,2491,"ESCUELA DE EDUCACION BASICA ""DR. CAMILO GALLEGOS DOMINGUEZ""",NO,VIA LAS YUCAS - NOVILLO,3018068,1,1,2,1,1,1,1,121,645035,9984500,-79.69671635,-0.14019684,SI,SI
13,MANABI,910,PEDERNALES,580,COJIMIES,6,CORAZÓN DE BORDONES,2488,ESCUELA DE EDUCACION BASICA CRISTOBAL COLON,NO,VIA BORDONES,0,1,1,2,1,1,1,1,128,636231.6222,10021633.75,-79.77580749,0.1956823,SI,SI
13,MANABI,840,PICHINCHA,6550,PICHINCHA /GERMUD,2,EL AJO,2471,ESCUELA DE EDUCACION BASICA LUS ANTONIO MONTESDEOCA ZAMBRANO,NO,VIA PICHINCHA,0,1,1,2,1,1,1,1,515,625852,9904653,-79.86894649,-0.86246438,SI,SI
13,MANABI,480,CHONE,6055,SANTA RITA,8,EL CEIBO,6817,UNIDAD EDUCATIVA LEONARDO MESIAS ZAMBRANO,NO,SITIO EL CEIBO,0,1,1,2,1,1,1,1,534,633429,9933626,-79.80092998,-0.60037381,SI,SI
13,MANABI,480,CHONE,6055,SANTA RITA,9,SAN PEDRO DE LIMÓN,6812,UNIDAD EDUCATIVA UNIÓN Y PROGRESO,NO,VIA A LA TIGRA,0,1,1,2,1,1,1,1,453,644203,9934072,-79.70412554,-0.59631751,SI,SI
13,MANABI,480,CHONE,6055,SANTA RITA,10,SAN PEDRO DE ORO,6818,UNIDAD EDUCATIVA SAN PEDRO,NO,VIAL AL MATE,0,1,1,2,1,1,1,1,252,642752,9931753,-79.71715775,-0.61729599,SI,SI
13,MANABI,480,CHONE,6055,SANTA RITA,11,PLATANALES,6821,UNIDAD EDUCATIVA FRANCISCO GILBERTO BRAVO BASURTO,NO,SITIO PLATANALES,0,1,1,2,1,1,1,1,169,611447,9917568,-79.99842103,-0.74567304,SI,SI
13,MANABI,480,CHONE,3170,RICAURTE,8,LOS ÁNGELES,6816,ESCUELA EDUCACION BASICA JACINTO CUSTODIO LOOR,NO,SITIO LOS ANGELES,0,1,1,2,1,1,1,1,399,615320,9933190,-79.96364789,-0.60435127,NO,SI
13,MANABI,480,CHONE,3170,RICAURTE,9,LA LAGUNA DE RIO PLATA,6851,ESCUELA DE EDUCACION BASICA JOSE MARIA SANTANA,NO,SITIO LA LAGUNA,0,1,1,2,1,1,1,1,135,630172,9936550,-79.83020061,-0.57393142,SI,SI
13,MANABI,470,SANTA ANA,1105,SAN PABLO,2,AGUA FRÍA EN MEDIO,6870,UNIDAD EDUCATIVA LEONIDAS FERNANDEZ,NO,VIA A AGUAS ARRIBA,0,1,1,2,1,1,1,1,292,608518,9870700,-80.02462164,-1.16964543,SI,SI
13,MANABI,475,SUCRE,5580,LEONIDAS PLAZA G.,2,SAN AGUSTÍN,6858,UNIDAD EDUCATIVA JULIO LARREA,NO,SITIO SAN AGUSTIN KM 20,0,1,1,2,1,1,1,1,701,575137,9923604,-80.32472969,-0.69112992,NO,SI
13,MANABI,230,FLAVIO ALFARO,5480,FLAVIO ALFARO,8,LA AVISPA,6868,ESCUELA FISCAL PEDRO ANTONIO OSTAIZA VELEZ,NO,VIA PUERTO ALTO,0,1,1,2,1,1,1,1,173,635382.7666,9955408.949,-79.78341135,-0.40333761,SI,SI
13,MANABI,500,EL CARMEN,5300,EL CARMEN,5,SAN PABLO RIO DE ORO,6823,UNIDAD EDUCATIVA SAN PABLO RIO DE ORO,NO,SITIO SAN PABLO,0,1,1,2,1,1,1,1,408,648035.3951,9944810.779,-79.66971345,-0.49917859,SI,SI
13,MANABI,500,EL CARMEN,5300,EL CARMEN,6,FLOR DE MANABI,6824,UNIDAD EDUCATIVA MANUEL ESPINALES SANTANA,NO,VIA PUERTO CAMILO,0,1,1,2,1,1,1,1,348,650390.9519,9950326.122,-79.64855937,-0.44928921,NO,SI
13,MANABI,500,EL CARMEN,5300,EL CARMEN,7,BOCA DE ONZA,6825,UNIDAD EDUCATIVA RAMON JUSTINO ZAMBRANO,NO,VIA POPUSA,0,1,1,2,1,1,1,1,639,668690.8826,9958494.228,-79.48416335,-0.37538339,NO,SI
13,MANABI,500,EL CARMEN,5300,EL CARMEN,8,SAN RAMON DE TIGRILLO,6867,UNIDAD EDUCATIVA DR. JOSE MARIA VELASCO IBARRA,NO,VIA A SAN RAMON DE TIGRILLO,0,2,2,4,1,2,1,2,862,659423.3774,9960931.638,-79.56742557,-0.35335246,NO,SI
13,MANABI,910,PEDERNALES,6430,PEDERNALES,4,PUNTA BLANCA,6853,ESCUELA DE EDUCACION BASICA SIMÓN BOLIVAR,NO,SITIO PUNTA BLANCA,0,1,1,2,1,1,1,1,162,637170,10002092,-79.7673835,0.01892257,SI,SI
13,MANABI,445,MONTECRISTI,1545,LA PILA,0,,2342,UNIDAD EDUCATIVA FISCAL LA PILA,SI,VÍA PANAMERICANA Y CHE GUEVARA,52315028,5,5,10,1,5,1,5,3009,546035.3061,9877589.66,-80.58621917,-1.1074543,NO,NO
13,MANABI,455,JIPIJAPA,1115,EL ANEGADO,0,,2093,"UNIDAD EDUCATIVA FISCAL ""EL ANEGADO""",SI,AV 17 DE ABRIL,52615762,4,4,8,1,4,1,4,2800,551350.1104,9837325.416,-80.53838328,-1.47171668,NO,NO
13,MANABI,455,JIPIJAPA,1115,EL ANEGADO,0,,6494,UNIDAD EDUCATIVA LUIS AUGUSTO MENDOZA MOREIRA,NO,ENTRADA PRINCIPAL AL BARRIO SAN PEDRO,0,3,4,7,5,7,5,8,2174,551728.838,9837323.544,-80.53497875,-1.4717329,NO,NO
13,MANABI,840,PICHINCHA,1065,BARRAGANETE,5,EL MORAL-TRES PUNTAS,5374,CASA COMUNAL TRES PUNTAS,NO,VIA A BARRAGANETE,0,1,1,2,1,1,1,1,277,624250,9922795,-79.88338537,-0.69836398,NO,SI
13,MANABI,840,PICHINCHA,6550,PICHINCHA /GERMUD,3,CAÑALES,5362,UNIDAD EDUCATIVA DR. LUIS DUEÑAS VERA,NO,CALLE FLORESITA,0,1,1,2,1,1,1,1,428,626752,9894089,-79.86082912,-0.95801852,NO,SI
13,MANABI,440,PORTOVIEJO,5845,PICOAZA,3,HIGUERON ADENTRO,5360,ESCUELA DE EDUCACION BASICA FISCAL GUAYAQUIL Nº 2,NO,VIA HIGUERON ADENTRO,0,1,1,2,1,1,1,1,535,558203,9889116,-80.476872,-1.00315921,NO,NO
13,MANABI,910,PEDERNALES,580,COJIMIES,2,BECHE,2373,UNIDAD EDUCATIVA VICTOR MANUEL PEÑAHERRERA,NO,VIA PEDERNALES - ESMERALDAS KM 22,0,2,2,4,1,2,1,2,1041,620551.4165,10020061.74,-79.91669444,0.18147222,NO,SI
13,MANABI,910,PEDERNALES,6430,PEDERNALES,2,SERRANO,5352,ESCUELA FISCAL 24 DE SEPTIEMBRE,NO,VIA CALDERON-SERRANO-MATAMBA,0,1,1,2,1,1,1,1,177,647727.3807,10013786.21,-79.67252778,0.12469444,SI,SI
13,MANABI,910,PEDERNALES,6430,PEDERNALES,5,ESTERO SECO,6856,ESCUELA EDUCACION BASICA ELOY ALFARO DELGADO,NO,VIA AL CARMEN,0,1,1,2,1,1,1,1,324,626283,9999536,-79.86520126,-0.00419712,NO,SI
13,MANABI,480,CHONE,640,CONVENTO,2,JAMITA,6852,ESCUELA DE EDUCACION BASICA RIO JAMA,NO,SITIO JAMITA,0,1,1,2,1,1,1,1,158,615070,9968321,-79.96593863,-0.28656284,SI,SI
13,MANABI,480,CHONE,1160,ELOY ALFARO,4,MUCHIQUE 1,6810,ESCUELA DE EDUCACION BASICA SAN NICOLAS,NO,VIA A LA SIERRITA,0,1,1,2,1,1,1,1,257,592902,9958675,-80.16512527,-0.37384023,SI,SI
13,MANABI,480,CHONE,1160,ELOY ALFARO,6,BOCA DE CAÑALES,6849,ESCUELA DE EDUCACION BASICA GENERAL ELOY ALFARO,NO,VIA A CIRIACO,0,1,1,2,1,1,1,1,71,615003,9962236,-79.96653524,-0.34160676,SI,SI
13,MANABI,440,PORTOVIEJO,50,ALHAJUELA /BAJO GRANDE,2,TABLADA DE LAS CRUCES,6874,ESCUELA EDUCACION BASICA MORENO SANTIAGO,NO,TABLADA LAS CRUCES- VIA ALHAJUELA,0,1,1,2,1,1,1,1,245,580410,9879329,-80.27726461,-1.09165964,SI,SI
13,MANABI,440,PORTOVIEJO,5280,12 DE MARZO,2,FORESTAL,2241,UNIDAD EDUCATIVA CLUB ROTARIO PORTOVIEJO,NO,CALLE SAN CAYETANO KM 2.1/2 VÍA CRUCITA,0,4,3,7,1,4,1,3,2027,559547,9886709,-80.46478892,-1.02493311,NO,NO
13,MANABI,440,PORTOVIEJO,6770,18 DE OCTUBRE,2,EL MAESTRO,2486,ESCUELA DE EDUCACION BASICA ENA ALI GUILLEN VELEZ,NO,ATANASIO SANTOS,0,7,5,12,1,7,1,5,3891,559362,9885166,-80.46644933,-1.03889274,NO,NO
13,MANABI,440,PORTOVIEJO,6770,18 DE OCTUBRE,3,EL PERIODISTA,2292,ESCUELA DE EDUCACIÓN BÁSICA PEDRO GUAL,SI,PEDRO ZAMBRANO BARERA,0,7,5,12,1,7,1,5,3760,559098,9884235,-80.4688207,-1.0473158,NO,NO
13,MANABI,440,PORTOVIEJO,6770,18 DE OCTUBRE,4,MUNICIPAL,2286,UNIDAD EDUCATIVA FEDERICO BRAVO BAZURTO,NO,VICENTE MENDOZA Y JORGE POLIT,0,4,3,7,1,4,1,3,2416,559260.756,9887853.883,-80.46736332,-1.01457591,NO,NO
13,MANABI,480,CHONE,1160,ELOY ALFARO,5,SAN AGUSTÍN,6819,UNIDAD EDUCATIVA AGUSTINA ARAGUNDI,NO,VIA A ELOY ALFARO - SAN ISIDRO,0,1,1,2,1,1,1,1,331,597106,9961256,-80.12735064,-0.35048815,SI,SI
13,MANABI,440,PORTOVIEJO,5030,ANDRES DE VERA,5,URUGUAY,2250,UNIDAD EDUCATIVA URUGUAY,SI,26 DE SEPTIEMBRE Y AV C. URUGUAY,418797,9,7,16,1,9,1,7,5312,561461.9657,9882498.386,-80.447571,-1.063023,NO,NO
13,MANABI,440,PORTOVIEJO,6775,FRANCISCO PACHECO,2,FATIMA,2317,UNIDAD EDUCATIVA PEDRO ZAMBRANO BARCIA,NO,21 DE NOVIEMBRE,0,2,2,4,1,2,1,2,1048,562455,9882596,-80.43864591,-1.06213828,NO,NO
13,MANABI,440,PORTOVIEJO,6775,FRANCISCO PACHECO,3,NUEVO PORTOVIEJO,2446,ESCUELA DE EDUCACIÓN BÁSICA JOSE DE VASCONCELLOS,NO,VIA PANCHICHE,0,2,2,4,1,2,1,2,1114,563134,9881281,-80.43254098,-1.07403375,NO,NO
13,MANABI,440,PORTOVIEJO,5795,PORTOVIEJO,2,RAFAEL MARIA MENDOZA,5285,DISTRITO EDUCATIVO 13 D01 PORTOVIEJO,NO,CALLE SUCRE Y FRANCISCO PACHECO,0,1,1,2,1,1,1,1,464,560789,9882852,-80.45362009,-1.05982499,NO,NO
13,MANABI,230,FLAVIO ALFARO,5480,FLAVIO ALFARO,6,EL DESCANSO DE LOS ROMEROS,2487,"UNIDAD EDUCATIVA ""EL DESCANSO DE LOS ROMEROS""",NO,CALLE JULIA ROMANA VERA,0,1,1,2,1,1,1,1,346,627194,9946985,-79.85697619,-0.47954714,NO,SI
13,MANABI,230,FLAVIO ALFARO,5480,FLAVIO ALFARO,7,LA MATUTINA,2481,ESCUELA DE EDUCACION BASICA ISIDRO ABIGAIL ANDRADE LOOR,NO,VIA MATUTINA - FLAVIO ALFARO,0,1,1,2,1,1,1,1,142,628846.79,9941097.13,-79.84211603,-0.53280304,SI,SI
13,MANABI,500,EL CARMEN,1980,SAN PEDRO DE SUMA,2,PUERTO NUEVO,2433,UNIDAD EDUCATIVA CRISTOBAL COLON,NO,VIA PEDERNALES KM 25,0,2,2,4,1,2,1,2,1170,654000.7988,9987917.975,-79.61616667,-0.10927778,NO,SI
13,MANABI,440,PORTOVIEJO,3625,SAN PLACIDO,2,EL PROGRESO,2272,ESCUELA FISCAL 27 DE OCTUBRE,NO,VÍA TELECON,0,1,1,2,1,1,1,1,694,609475.761,9884650.79,-80.01605556,-1.04344444,NO,SI
13,MANABI,840,PICHINCHA,1065,BARRAGANETE,2,RIO VENDIDO,2545,UNIDAD EDUCATIVA BRAULIO HIDALGO LOOR,NO,ENTRADA LAS 3 PUNTAS VIA CHIVERA,0,1,1,2,1,1,1,1,335,627636.061,9926060.519,-79.85296643,-0.66881844,SI,SI
13,MANABI,230,FLAVIO ALFARO,1600,NOVILLO,2,SAN AGUSTIN RIO DE LAS VACAS,2515,"ESCUELA DE EDUCACION BASICA ""12 DE OCTUBRE""",NO,SAN AGUSTIN,0,1,1,2,1,1,1,1,284,634784,9985583,-79.78881793,-0.13040578,SI,SI
13,MANABI,455,JIPIJAPA,2990,PUERTO CAYO,2,CANTA GALLO,2023,ESCUELA DE EDUCACION GENERAL BASICA AMERICA,NO,SITIO MOTETE CANTA GALLO --MOTOTE,52387084,1,1,2,1,1,1,1,375,528346.4095,9857162.813,-80.74519444,-1.29227778,NO,SI
13,MANABI,230,FLAVIO ALFARO,5480,FLAVIO ALFARO,2,LA CRESPA,2512,UNIDAD EDUCATIVA ESPERANZA ALCIVAR DE HERRERA,NO,VIA PALANCA,52353433,1,2,3,1,1,1,2,765,637992.989,9962927.137,-79.75996821,-0.3353307,NO,SI
13,MANABI,480,CHONE,1160,ELOY ALFARO,3,LAS PIEDRAS,2448,UNIDAD EDUCATIVA BASICA FISCAL PASCACIO FLORES DE VALGAS,NO,VIA ZAPALLO CONVENTO,0,1,1,2,1,1,1,1,600,606187,9958188,-80.045748,-0.37823341,NO,SI
13,MANABI,840,PICHINCHA,1060,SAN SEBASTIAN,2,LA AZUCENA,2282,UNIDAD EDUCATIVA EUGENIO ESPEJO,NO,VÍA MANTA-QUEVEDO,53045306,2,2,4,1,2,1,2,1263,614146,9881767,-79.97407633,-1.0695172,NO,SI
13,MANABI,475,SUCRE,840,CHARAPOTO,3,SAN CLEMENTE,2364,ESCUELA DE EDUCACIÓN BÁSICA REMIGIO CRESPO TORAL,NO,VÍA BAHÍA,0,2,2,4,1,2,1,2,1144,554522,9915667,-80.50998741,-0.76295857,NO,NO
13,MANABI,480,CHONE,6055,SANTA RITA,3,PUERTO EL MATE,2325,ESCUELA MERCEDES AVEIGA DE ZAMBRANO,NO,VÍA AL RÍO,0,2,2,4,1,2,1,2,880,649760.524,9924288.364,-79.65416906,-0.68479638,SI,SI
13,MANABI,480,CHONE,6055,SANTA RITA,4,ÑAUSE,2316,UNIDAD EDUCATIVA BÁSICA MANUEL ACOSTA MERO,NO,CAPILLA DE ÑAUSE,0,1,1,2,1,1,1,1,320,627687,9929490,-79.85251576,-0.63779704,SI,SI
14,MORONA SANTIAGO,927,SEVILLA DON BOSCO,7540,SEVILLA DON BOSCO,15,CENTRO NUWENTS,7974,ESCUELA 24 DE MAYO,NO,CENTRO NUWENTS,0,1,1,2,1,1,1,1,154,855492.611,9698857.357,-77.80336111,-2.72025,SI,SI
14,MORONA SANTIAGO,795,HUAMBOYA,875,CHIGUAZA,3,SAN JUAN,2716,"ESCUELA FISCAL BILINGUE ""NAAKAM""",NO,VIA MACAS - PUYO KM 44,,1,1,2,1,1,1,1,462,844695.0757,9780368.033,-77.90198368,-1.98415006,NO,SI
14,MORONA SANTIAGO,797,TIWINTZA,6890,SANTIAGO,2,TAYUNTS,3412,ESCUELA NAMPIR,NO,VIA PRINCIPAL PATUCA ZONA TAYUNTS,3042396,1,1,2,1,1,1,1,121,817858.774,9663851.678,-78.14068059,-3.03740611,NO,NO
14,MORONA SANTIAGO,925,SAN JUAN BOSCO,3920,SAN CARLOS DE LIMON,2,NUMPATKAIN,3090,ESCUELA SAN JOSE,NO,ASOCIACION NUMPATKAIN,0,1,1,2,1,1,1,1,214,806891.2351,9636649.85,-78.23861111,-3.28347222,SI,SI
14,MORONA SANTIAGO,926,TAISHA,2285,MACUMA,5,KUSUTKA,3388,UNIDAD EDUCATIVA 28 DE NOVIEMBRE,NO,A LADO DE LA PISTA,1111111,1,1,2,1,1,1,1,175,873661.4975,9767757.963,-77.64169444,-2.09752778,SI,SI
14,MORONA SANTIAGO,927,SEVILLA DON BOSCO,7540,SEVILLA DON BOSCO,13,TUYUNTZA NORTE,7973,CECIB DE EDUCACION BASICA TAYUNTS,NO,TUYUNTZA NORTE,0,1,1,2,1,1,1,1,42,845819.8403,9698989.257,-77.89025568,-2.71928691,SI,SI
14,MORONA SANTIAGO,595,GUALAQUIZA,350,BOMBOIZA,8,KAYAMAS,2938,ESCUELA FISCAL BILINGUE SANTA TERESA,NO,COMUNIDAD KAYAMAS,3049010,1,1,2,1,1,1,1,196,763257.0739,9618320.567,-78.63058333,-3.45016667,NO,SI
14,MORONA SANTIAGO,600,LIMON INDANZA,3760,SANTA SUSANA DE CHIVIAZA,3,PUPUNAS,2630,ESCUELA JUAN SHARUP,NO,PUPUNAS,0,1,1,2,1,1,1,1,101,793868.0596,9682196.771,-78.35672222,-2.87216667,NO,SI
14,MORONA SANTIAGO,610,SUCUA,6110,SUCUA,3,SAIP,2622,UNIDAD EDUCATIVA COMUNITARIA INTERCULTURAL BILINGUE VICENTE WAMPUTSAR,NO,VÍA YUKUTEIS,0,1,1,2,1,1,1,1,236,819883.609,9726209.917,-78.12383523,-2.47391188,NO,NO
14,MORONA SANTIAGO,605,SANTIAGO,1365,SAN FCO. DE CHINIMBIMI,3,YAKUANK,4234,CASA COMUNAL YAKUANK,NO,Centro de la Comunidad,99119656,1,1,2,1,1,1,1,111,809648.5823,9695094.712,-78.21516667,-2.75527778,NO,SI
14,MORONA SANTIAGO,795,HUAMBOYA,875,CHIGUAZA,7,TSEMANTSMAN SAN JOSÉ,2733,CENTRO EDUCATIVO BÁSICO JUANA OLIVA RIVERA,NO,VIA MACAS- PUYO KM 26,0,1,1,2,1,1,1,1,253,832146.591,9768291.424,-78.01445967,-2.09346884,NO,SI
14,MORONA SANTIAGO,797,TIWINTZA,1295,SAN JOSE DE MORONA,8,LA UNIÓN,3410,ESCUELA DE EDUCACIÓN BÁSICA AMAZÓNICO 25 DE JUNIO,NO,via principal centro poblado,3058506,1,1,2,1,1,1,1,91,874023.0183,9683306.669,-77.63652187,-2.86023948,NO,SI
14,MORONA SANTIAGO,926,TAISHA,595,HUASAGA /WAMPUIK,4,IPIAK,3351,CASA COMUNAL IPIAK,NO,s/n,1111111,1,1,2,1,1,1,1,115,928784.0434,9726382.319,-77.14598538,-2.46986061,SI,SI
14,MORONA SANTIAGO,926,TAISHA,1205,TUTINENTZA,9,PUTUNTS,2745,CASA COMUNAL - NUNKUI,NO,via taisha - nunkui,311220,1,1,2,1,1,1,1,174,898104.6297,9712279.557,-77.42101363,-2.59797515,NO,SI
14,MORONA SANTIAGO,926,TAISHA,1205,TUTINENTZA,10,JEMPENTS,3367,CASA COMUNAL JEMPENTS,NO,junto a la pista,1111111,1,1,2,1,1,1,1,125,890777.1318,9696113.676,-77.48638889,-2.74413889,SI,SI
14,MORONA SANTIAGO,926,TAISHA,1205,TUTINENTZA,11,PUKAR,3385,CASA COMUAL PUKAR,NO,s/n,1111111,1,1,2,1,1,1,1,42,872622.2966,9691097.143,-77.64930556,-2.78991667,SI,SI
14,MORONA SANTIAGO,926,TAISHA,1205,TUTINENTZA,12,PUTUIM,3368,CECIB WAJARI,NO,s/n,111111111,1,1,2,1,1,1,1,92,891047.1102,9707509.694,-77.48425987,-2.64122601,SI,SI
14,MORONA SANTIAGO,926,TAISHA,1205,TUTINENTZA,13,SHUAR CHIWIAS,3386,CECIB SAN JUAN,NO,s/n,1111111,1,1,2,1,1,1,1,105,889517.9761,9704613.646,-77.49791667,-2.66741667,SI,SI
14,MORONA SANTIAGO,926,TAISHA,1205,TUTINENTZA,14,SHUAR KAPITIAN,3370,CASA COMUNAL SHUAR KAPITIAN,NO,s/n,111111111,1,1,2,1,1,1,1,42,884958.2119,9698056.229,-77.53869444,-2.72675,SI,SI
14,MORONA SANTIAGO,926,TAISHA,2285,MACUMA,6,YAMPUNA NORTE,3373,CECIB SHARUP AYUI,NO,s/n,1111111,1,1,2,1,1,1,1,191,887912.226,9764505.942,-77.51370603,-2.12661294,SI,SI
14,MORONA SANTIAGO,926,TAISHA,6700,TAISHA,8,CANGAIME SUR,3397,CASA ADMINISTRATIVA CANGAIME SUR,NO,cangaime sur,111111111,1,1,2,1,1,1,1,47,877988.4436,9728442.04,-77.60201957,-2.45251181,SI,SI
14,MORONA SANTIAGO,926,TAISHA,6700,TAISHA,9,ISHPINK,3398,CECIB RAFAEL WAJAI,NO,s/n,1111111,1,1,2,1,1,1,1,116,899292.3332,9743673.271,-77.41110781,-2.31448203,SI,SI
14,MORONA SANTIAGO,926,TAISHA,4575,PUMPUENTSA,1,PUMPUENTSA,2731,CASA COMUNAL PUMPUENTSA,NO,s/n,3111217,2,2,4,1,2,1,2,1055,907935.2826,9725903.403,-77.33310257,-2.47471768,NO,SI
14,MORONA SANTIAGO,926,TAISHA,4575,PUMPUENTSA,5,SEBASTIAN,3393,CECIB DE EDUCACION BASICA AIJ,NO,junto a la pista,1111111,1,1,2,1,1,1,1,135,927286.5729,9707473.527,-77.15891667,-2.64058333,SI,SI
14,MORONA SANTIAGO,926,TAISHA,4575,PUMPUENTSA,6,ACHUAR WICHIM,3394,CASA COMUNAL ACHUAR WICHIM,NO,s/n,111111111,1,1,2,1,1,1,1,158,903475.2219,9696164.024,-77.3723689,-2.74334178,SI,SI
14,MORONA SANTIAGO,595,GUALAQUIZA,2565,NUEVA TARQUI,0,,2968,UNIDAD EDUCATIVA NUEVA TARQUI,NO,"NUEVA TARQUI, AV. AMAZONAS",,1,1,2,1,1,1,1,699,759681.8891,9617370.645,-78.66272222,-3.45883333,NO,SI
14,MORONA SANTIAGO,605,SANTIAGO,3565,SAN LUIS DEL ACHO,0,,3248,ESCUELA GENERAL BASICA GABRIELA MISTRAL,NO,VÍA PRINCIPAL,3043130,1,1,2,1,1,1,1,580,802232.3497,9693350.539,-78.28177778,-2.77119444,NO,NO
14,MORONA SANTIAGO,926,TAISHA,595,HUASAGA /WAMPUIK,3,ACHUAR WACHIRPAS,3361,CECIB KUYACH,NO,s/n,111111111,1,1,2,1,1,1,1,96,966449.6858,9715046.493,-76.80769444,-2.57111111,SI,SI
14,MORONA SANTIAGO,926,TAISHA,1205,TUTINENTZA,8,SHUAR ETSA,3384,ESPACIO CUBIERTO SHAUR ETSA,NO,s/n,1111111,1,1,2,1,1,1,1,65,881531.2515,9680038.623,-77.56899493,-2.88955156,SI,SI
14,MORONA SANTIAGO,610,SUCUA,180,ASUNCION,2,SAN JOSE SUR,2647,CASA COMUNAL SAN JOSÉ SUR,NO,SN,0,1,1,2,1,1,1,1,191,814985.0378,9721120.326,-78.16774466,-2.51999677,NO,NO
14,MORONA SANTIAGO,927,SEVILLA DON BOSCO,7540,SEVILLA DON BOSCO,11,UCHICH SUANTS,7969,ESCUELA CECIB SAN PEDRO,NO,UCHICH SUANTS,0,1,1,2,1,1,1,1,60,844035.3762,9725066.536,-77.90686111,-2.48375,SI,SI
14,MORONA SANTIAGO,927,SEVILLA DON BOSCO,7540,SEVILLA DON BOSCO,12,TSENKUSH,7963,ESCUELA SAN JUAN BOSCO,NO,TSENKUSH,0,1,1,2,1,1,1,1,58,864255.4341,9696130.56,-77.72458333,-2.74466667,SI,SI
14,MORONA SANTIAGO,595,GUALAQUIZA,350,BOMBOIZA,7,SHAIME,3329,ESCUELA DE EDUCACION BASICA CELIANO MONGE,NO,SHAIME - ENTRADA GUISMI,,1,1,2,1,1,1,1,74,755030,9604665,-78.70428787,-3.5737907,NO,NO
14,MORONA SANTIAGO,925,SAN JUAN BOSCO,2750,PAN DE AZUCAR,0,,2639,CANCHA CUBIERTA PAN DE AZUCAR,NO,troncal amazónica y 8 de octubre,3042039,1,1,2,1,1,1,1,285,775683,9659527,-78.51972817,-3.07743672,NO,NO
14,MORONA SANTIAGO,925,SAN JUAN BOSCO,3920,SAN CARLOS DE LIMON,1,SAN CARLOS DE LIMON,2636,ESCUELA JOSE JOAQUIN DE OLMEDO,NO,SN,0,1,1,2,1,1,1,1,451,785053.9382,9645535.058,-78.43516667,-3.20369444,SI,SI
14,MORONA SANTIAGO,926,TAISHA,595,HUASAGA /WAMPUIK,1,HUASAGA /WAMPUIK,3341,UNIDAD EDUCATIVA TAKI,NO,huasaga,1111111,2,2,4,1,2,1,2,1247,942442.2053,9710263.55,-77.02297222,-2.61497222,SI,SI
14,MORONA SANTIAGO,926,TAISHA,1205,TUTINENTZA,1,TUTINENTZA,2763,UNIDAD EDUCATIVA TUTINENTZA,NO,via taisha- tutinentza,3111215,3,4,7,1,3,1,4,2164,892469.1403,9717555.698,-77.47174318,-2.55047555,NO,SI
14,MORONA SANTIAGO,926,TAISHA,2285,MACUMA,1,MACUMA,1629,UNIDAD EDUCATIVA ANTONIO SAMANIEGO,SI,UWI TUTS GONZALO,37111198,6,6,12,1,6,1,6,3681,867250.3477,9761955.923,-77.69913889,-2.15005556,NO,SI
14,MORONA SANTIAGO,926,TAISHA,6700,TAISHA,1,TAISHA,4004,UNIDAD EDUCATIVA TAISHA,SI,Shakaim Y Etsa,73900115,4,3,7,1,4,1,3,2450,888304.3898,9736509.942,-77.50958333,-2.37941667,NO,NO
14,MORONA SANTIAGO,926,TAISHA,6700,TAISHA,1,TAISHA,7999,UNIDAD EDUCATIVA TAISHA BLOQUE 2,NO,calle amazonas,0,3,4,7,5,7,4,7,2288,888304.3898,9736509.942,-77.50958333,-2.37941667,NO,NO
14,MORONA SANTIAGO,595,GUALAQUIZA,5425,GUALAQUIZA,2,TUCUMBAZA,2966,ESPACIO CUBIERTO TUCUMBATZA,NO,VIA A WAKAMBEIS,,1,1,2,1,1,1,1,58,771098,9639066,-78.56051982,-3.26247484,NO,SI
14,MORONA SANTIAGO,795,HUAMBOYA,875,CHIGUAZA,4,SAN JUAN BOSCO,2623,UNIDAD EDUCATIVA TUNTA,NO,SAN JUAN BOSCO,0,1,1,2,1,1,1,1,379,841204.8807,9777719.193,-77.93327778,-2.00813889,NO,NO
14,MORONA SANTIAGO,610,SUCUA,180,ASUNCION,3,SUNKANTS,2646,ESCUELA ACACHU,NO,s/n via a huacumi,1111111,1,1,2,1,1,1,1,132,802580.4703,9722483.534,-78.27922222,-2.50791667,NO,SI
14,MORONA SANTIAGO,797,TIWINTZA,6890,SANTIAGO,4,PEÑAS,6865,ESPACIO CUBIERTO PEÑAS,NO,VIA A KAPUTNA,99667671,1,1,2,1,1,1,1,148,841001.3392,9667034.728,-77.93277491,-3.00807691,NO,NO
14,MORONA SANTIAGO,925,SAN JUAN BOSCO,3920,SAN CARLOS DE LIMON,3,WAAPIS,8001,ESPACIO CUBIERTO DE WAAPIS,NO,PUENTE COLGANTE ENTRE TSUNTSUIM Y NAYAP,0,1,1,2,1,1,1,1,162,787371.19,9637534.36,-78.41414732,-3.27595011,SI,SI
14,MORONA SANTIAGO,927,SEVILLA DON BOSCO,7540,SEVILLA DON BOSCO,16,UYUNTS,8025,ESCUELA GONZALO DIAZ DE PINEDA,NO,MACAS-PUYO,0,1,1,2,1,1,1,1,180,829637.6125,9757584.393,-78.03680556,-2.19025,NO,NO
14,MORONA SANTIAGO,927,SEVILLA DON BOSCO,7540,SEVILLA DON BOSCO,17,NUMPAIM,7964,UECIB PADRE ANGEL ROUBY,NO,NUMPAIM,0,1,1,2,1,1,1,1,104,856079.31,9705599.67,-77.79824996,-2.65933332,SI,SI
14,MORONA SANTIAGO,927,SEVILLA DON BOSCO,7540,SEVILLA DON BOSCO,18,DON BOSCO,7965,CASA COMUNAL DON BOSCO,NO,FRENTE AL ESTADIO,0,1,1,2,1,1,1,1,86,869952.15,9688173.25,-77.67321406,-2.81639302,SI,SI
14,MORONA SANTIAGO,927,SEVILLA DON BOSCO,7540,SEVILLA DON BOSCO,19,CHAPIS,7982,CASA COMUNAL CHAPIS,NO,CHAPIS,0,1,1,2,1,1,1,1,49,844886.5,9685976.68,-77.89833333,-2.83686111,SI,SI
14,MORONA SANTIAGO,927,SEVILLA DON BOSCO,7540,SEVILLA DON BOSCO,20,ANTUASH,7984,CASA COMUNAL ANTUASH,NO,ANTUASH,0,1,1,2,1,1,1,1,95,865920.57,9705517.9,-77.70985538,-2.65983798,SI,SI
14,MORONA SANTIAGO,926,TAISHA,1205,TUTINENTZA,15,LIBERTAD SUR,2790,ESCUELA SOR MARIA TRONCATI,NO,s/n,3058563,1,1,2,1,1,1,1,81,881674.6931,9689976.01,-77.56797222,-2.79980556,SI,SI
14,MORONA SANTIAGO,927,SEVILLA DON BOSCO,7540,SEVILLA DON BOSCO,6,MUTINTS,8011,ESCUELA ETSA,NO,MUTINTS,0,1,1,2,1,1,1,1,196,838019,9758945,-77.96155822,-2.17780605,NO,NO
14,MORONA SANTIAGO,797,TIWINTZA,1295,SAN JOSE DE MORONA,7,RIO AMAZONAS,4007,EDUCACIÓN BÁSICA CHURAI RIO AMAZONAS,NO,Centro Poblado,111111111,1,1,2,1,1,1,1,90,848249.3115,9681938.368,-77.86802194,-2.87325927,SI,SI
14,MORONA SANTIAGO,795,HUAMBOYA,875,CHIGUAZA,6,COOP. 5 DE NOVIEMBRE,3027,CASA COMUNAL COOP. 5 DE NOVIEMBRE,NO,FRENTE AL ESTADIO,,1,1,2,1,1,1,1,116,835534.7733,9773742.522,-77.98412589,-2.04416184,NO,SI
14,MORONA SANTIAGO,605,SANTIAGO,1365,SAN FCO. DE CHINIMBIMI,2,PANIA,2712,ESCUELA RIO PANIA,NO,ENTRA DE PANIA,0,1,1,2,1,1,1,1,126,810045.2449,9702207.049,-78.21175,-2.691,NO,SI
14,MORONA SANTIAGO,927,SEVILLA DON BOSCO,7540,SEVILLA DON BOSCO,7,PANKINTS CUTUCU,8020,ESCUELA SANTA CECILIA,NO,PANKINTS CUTUCU,0,1,1,2,1,1,1,1,135,858296.1478,9711378.418,-77.77847222,-2.60708333,SI,SI
14,MORONA SANTIAGO,615,PALORA,3420,SANGAY,2,CHINIMPI,2727,ESCUELA 10 DE AGOSTO,NO,10 de agosto y klen tourner,0,1,1,2,1,1,1,1,309,840057.7768,9800723.292,-77.94394444,-1.80033333,NO,SI
14,MORONA SANTIAGO,605,SANTIAGO,2795,PATUCA,2,IPIAKIM,2644,CASA COMUNAL IPIAKIM,NO,VIA TIWINTZA,0,1,1,2,1,1,1,1,117,806919.0001,9682977,-78.23943857,-2.86483723,NO,SI
14,MORONA SANTIAGO,925,SAN JUAN BOSCO,6445,SAN JUAN BOSCO,2,CALAGLAS,2650,CASA COMUNAL KALAGLAS,NO,MANUEL MEJIA Y MANUEL MORALES,0,1,1,2,1,1,1,1,136,771472,9643115,-78.55724434,-3.22586875,NO,SI
14,MORONA SANTIAGO,610,SUCUA,1635,HUAMBI,2,CENTRO SHUAR KUMPAS,2666,ESCUELA EUDOFILO ALVAREZ,NO,CALLE PRINCIPAL CUMPAS,1111111,1,1,2,1,1,1,1,325,817199.0914,9715932.078,-78.14775,-2.56683333,NO,NO
14,MORONA SANTIAGO,611,LOGROÑO,4300,YAUPI,4,SANTIAGO TUKUP,3322,CECIB RIO YAUPI,NO,centro -VIA PRINCIPAL,0,1,1,2,1,1,1,1,102,844066.6037,9680038.228,-77.90555556,-2.89052778,NO,SI
14,MORONA SANTIAGO,611,LOGROÑO,525,SHIMPIS,2,COMUNA GRANDE,2744,ESCUELA 5 DE SEPTIEMBRE,NO,VIA PRINCIPAL COMUNA GRANDE,0,1,1,2,1,1,1,1,504,815317.7614,9712211.182,-78.16457828,-2.6004931,NO,NO
14,MORONA SANTIAGO,797,TIWINTZA,1295,SAN JOSE DE MORONA,5,PANINTS,3405,ESCUELA PANINTS,NO,via a san jose de morona comunidad la libertad,1111111,1,1,2,1,1,1,1,250,879324.5633,9690127.438,-77.58908333,-2.7985,SI,SI
14,MORONA SANTIAGO,925,SAN JUAN BOSCO,6445,SAN JUAN BOSCO,1,SAN JUAN BOSCO,1051,UNIDAD EDUCATIVA FISCOMISIONAL PROF. POLIVIO SAQUICELA,SI,BENJAMIN MALDONADO Y ROSA AURELIA MALDONADO,0,3,3,6,1,3,1,3,1768,774343,9655212,-78.53168601,-3.11646637,NO,NO
14,MORONA SANTIAGO,797,TIWINTZA,1295,SAN JOSE DE MORONA,4,PUERTO MORONA,3403,ESCUELA FISCAL PUERTO MORONA,NO,via mendes morona,73058601,1,1,2,1,1,1,1,220,862355.597,9676001.369,-77.74113889,-2.92652778,NO,SI
14,MORONA SANTIAGO,926,TAISHA,6700,TAISHA,4,SHINKIATAM,4011,UNIDAD EDUCATIVA AYUMPU,NO,VIA A TUTINENTZA,96094299,1,1,2,1,1,1,1,246,894094.8273,9727503.286,-77.45738889,-2.46061111,NO,SI
14,MORONA SANTIAGO,611,LOGROÑO,4300,YAUPI,3,TUMPAIM,3317,ESCUELA SAN JUAN BOSCO,NO,s/n,0,1,1,2,1,1,1,1,111,843899.6696,9699133.657,-77.90750895,-2.71802702,SI,SI
14,MORONA SANTIAGO,927,SEVILLA DON BOSCO,7540,SEVILLA DON BOSCO,5,UUNT SUANTS,7933,ESPACIO CUBIERTO DE UUNT SUANTS,NO,UUNT SUANTS,0,1,1,2,1,1,1,1,94,837626.6607,9749720.419,-77.96491151,-2.26115177,SI,SI
14,MORONA SANTIAGO,926,TAISHA,1205,TUTINENTZA,5,KUSUIMI,3366,UECIB RIO KUSUIM,NO,s/n,111111111,1,1,2,1,1,1,1,81,869478.2479,9698146.009,-77.67772222,-2.72633333,SI,SI
14,MORONA SANTIAGO,927,SEVILLA DON BOSCO,7540,SEVILLA DON BOSCO,21,COMUNIDAD DE SANTA ANA,7993,UNIDAD EDUCATIVA ANGEL NOGUERA VILLARREAL,NO,VIA 18 DE FEBRERO,0,1,1,2,1,1,1,1,325,822833.9055,9745274.969,-78.09769282,-2.30159207,NO,NO
14,MORONA SANTIAGO,795,HUAMBOYA,875,CHIGUAZA,8,CENTRO SHUAR KAYAMENTSA,5448,MINI ESPACIO CUBIERTO DE KAYAMENTSA,NO,CENTRO POBLADO,0,1,1,2,1,1,1,1,112,858201.8413,9781951.657,-77.78074283,-1.96961234,SI,SI
14,MORONA SANTIAGO,926,TAISHA,595,HUASAGA /WAMPUIK,5,PAKINTS,5450,ESPACIO CUBIERTO PAKINTS,NO,S/N,73110813,1,1,2,1,1,1,1,61,914464.9354,9742774.078,-77.27490341,-2.32224631,SI,SI
14,MORONA SANTIAGO,926,TAISHA,1205,TUTINENTZA,16,NAYANTS,5449,ESPACIO CUBIERTO NAYANTS,NO,SIN DIRECCIÓN,73058740,1,1,2,1,1,1,1,112,890672.4273,9682791.914,-77.48696982,-2.86443696,SI,SI
14,MORONA SANTIAGO,615,PALORA,3420,SANGAY,3,PAQUISHA,6886,CECIB DE EDUCACIÓN BÁSICA 25 DE JUNIO,NO,VIA REDONDEL PAQUISHA SANGAY,0,1,1,2,1,1,1,1,286,838569,9803156,-77.95734744,-1.77837782,NO,SI
14,MORONA SANTIAGO,926,TAISHA,6700,TAISHA,7,SASAIMI,3396,CECIB YANKUAM,NO,s/n,1111111,1,1,2,1,1,1,1,104,908089.9501,9749611.341,-77.33227778,-2.26066667,SI,SI
14,MORONA SANTIAGO,610,SUCUA,6110,SUCUA,1,SUCUA,1217,UNIDAD EDUCATIVA FISCOMISIONAL RIO UPANO,SI,8 DE DICIEMBRE Y SOR MARIA TRONCATI,2740165,6,4,10,13,18,13,16,3280,814664.895,9728075.846,-78.17075503,-2.4571527,NO,NO
14,MORONA SANTIAGO,610,SUCUA,6110,SUCUA,1,SUCUA,1113,UNIDAD EDUCATIVA SUCUA,NO,"AV. ORIENTAL, EFREN ZUÑIGA Y LUIS SANGURIMA",72740182,4,4,8,1,4,1,4,2800,814927.127,9728524.875,-78.16840771,-2.45309024,NO,NO
14,MORONA SANTIAGO,610,SUCUA,6110,SUCUA,1,SUCUA,6320,ESCUELA DE EDUCACIÓN BÁSICA FISCOMISIONAL MERCEDES NAVARRETE,SI,CARLOS OLSON Y SOR MARIA TRONCATTI,0,8,8,16,5,12,5,12,5600,814681.9375,9728184.188,-78.17060399,-2.45617339,NO,NO
14,MORONA SANTIAGO,610,SUCUA,6110,SUCUA,2,SAN PABLO,2658,CECIB DE EDUCACIÓN BÁSICA LUIS NAJAR,NO,Via Sucua - San Luis - SEVILLA,0,1,1,2,1,1,1,1,62,820877,9730492,-78.114994,-2.43520119,NO,NO
14,MORONA SANTIAGO,926,TAISHA,6700,TAISHA,11,CHIARENTSA,5451,CASA COMUNAL CHIARENTSA,NO,AVENIDA A LA COMUNIDAD MASHIANT,0,1,1,2,1,1,1,1,113,899397.7829,9739438.622,-77.41006416,-2.35271549,SI,SI
14,MORONA SANTIAGO,926,TAISHA,595,HUASAGA /WAMPUIK,6,COMUNIDAD ACHUAR SHUIN MAMUS,5452,CASA COMUNAL ACHUAR SHUIN MAMUS,NO,AVENIDA DE LA COMUNIDAD IPIAK,71030031,1,1,2,1,1,1,1,85,940641.9668,9726821.771,-77.03958416,-2.46557938,SI,SI
14,MORONA SANTIAGO,926,TAISHA,4575,PUMPUENTSA,8,COMUNIDAD ACHUAR SETUCH,5453,CECIB DE EDUCACION BASICA ANTUNISH,NO,JUNTO A LA PISTA,0,1,1,2,1,1,1,1,63,913318.5586,9690547.141,-77.28383333,-2.79377778,SI,SI
14,MORONA SANTIAGO,926,TAISHA,4575,PUMPUENTSA,9,COMUNIDAD ACHUAR KUPIT,5432,CECIB YAMPITS,NO,CENTRO POBLADO,0,1,1,2,1,1,1,1,72,919746.5553,9706945.851,-77.22658333,-2.64555556,SI,SI
14,MORONA SANTIAGO,797,TIWINTZA,6890,SANTIAGO,3,COMUNIDAD MAYAIK,5447,ESPACIO CUBIERTO MAYAIK,NO,CENTRO COMUNAL,72623107,1,1,2,1,1,1,1,146,833932.9019,9661407.606,-77.99615394,-3.05909311,SI,SI
14,MORONA SANTIAGO,926,TAISHA,6700,TAISHA,6,SHAINKIAM,3395,CECIB SANTA ISABEL,NO,s/n,1111111,1,1,2,1,1,1,1,104,867758.9594,9708545.94,-77.69341667,-2.63244444,SI,SI
14,MORONA SANTIAGO,926,TAISHA,2285,MACUMA,7,CENTRO SHUAR KANKAIM NORTE,3399,UNIDAD EDUCATIVA ECUADOR AMAZONICA,NO,S/N,111111111,1,1,2,1,1,1,1,479,871636.199,9744926.082,-77.65941667,-2.30377778,NO,SI
14,MORONA SANTIAGO,595,GUALAQUIZA,350,BOMBOIZA,3,AYANTAS,3162,ESCUELA RÍO ZAMORA,NO,s/n,0,1,1,2,1,1,1,1,111,779707.5465,9615785.813,-78.48255556,-3.47269444,SI,SI
14,MORONA SANTIAGO,595,GUALAQUIZA,350,BOMBOIZA,4,CHUMPIAS,3314,CENTRO DE ACOPIO CHUMPIAS,NO,CHUMPIAS,,1,1,2,1,1,1,1,370,771813,9609890,-78.55342606,-3.52617213,NO,SI
14,MORONA SANTIAGO,795,HUAMBOYA,6390,HUAMBOYA,2,NAMAKIM,2711,COLISEO DE NAMAKIM,NO,via pablo sexto,,1,1,2,1,1,1,1,291,842856.9299,9791881.855,-77.91867593,-1.88016475,NO,SI
14,MORONA SANTIAGO,600,LIMON INDANZA,3760,SANTA SUSANA DE CHIVIAZA,2,LA ESPERANZA,3155,ESCUELA 24 DE JULIO,NO,CENTRO DE COMUNIDAD,0,1,1,2,1,1,1,1,59,806772.3132,9668449.008,-78.24043514,-2.99612285,SI,SI
14,MORONA SANTIAGO,600,LIMON INDANZA,3320,SAN ANTONIO,2,YANGUZA,2612,ESCUELA JUAN SMITH,NO,SN,3961400,1,1,2,1,1,1,1,223,791357.8082,9663677.185,-78.37889244,-3.03959052,NO,SI
14,MORONA SANTIAGO,926,TAISHA,1205,TUTINENTZA,4,KAPANTINENTSA,3364,CECIB DE EDUCACIÓN BÁSICA ANTONIO WAMPUTSRIK,NO,junto a la pista,1111111,1,1,2,1,1,1,1,97,891658.1467,9703352.447,-77.47866667,-2.67875,NO,SI
14,MORONA SANTIAGO,926,TAISHA,4575,PUMPUENTSA,7,JUYUKAMENTSA,2791,CECIB PABLO JUWAU,NO,PISTA DE ATERRIZAJE,111111111,1,1,2,1,1,1,1,88,917907.8064,9698677.373,-77.24286111,-2.72025,SI,SI
14,MORONA SANTIAGO,796,PABLO SEXTO,6870,PABLO SEXTO,2,LA OCTAVA,2713,ESCUELA DE EDUCACION BASICA 25 DE DICIEMBRE,NO,OCTAVA,0,1,1,2,1,1,1,1,123,826826.719,9790006.694,-78.06258386,-1.89735712,NO,NO
14,MORONA SANTIAGO,615,PALORA,715,CUMANDA,2,OTO AROSEMENA 1,2675,CASA ADMINISTRATIVA OTTO AROSEMENA 1,NO,Via cumanda palora,0,1,1,2,1,1,1,1,105,828298,9821831,-78.04982288,-1.60979693,NO,NO
14,MORONA SANTIAGO,600,LIMON INDANZA,3320,SAN ANTONIO,5,WARINTZA,3159,UNIDAD EDUCATIVA CORDILLERA DEL CONDOR,NO,WARINTZA,72742247,1,1,2,1,1,1,1,348,804756.9442,9649470.898,-78.25811111,-3.16766667,SI,SI
14,MORONA SANTIAGO,927,SEVILLA DON BOSCO,7540,SEVILLA DON BOSCO,8,MIAZAL,7955,CASA COMUNAL MIAZAL,NO,Comunidad Miazal,0,1,1,2,1,1,1,1,77,856076.6897,9709382.143,-77.79836111,-2.62516667,SI,SI
14,MORONA SANTIAGO,797,TIWINTZA,1295,SAN JOSE DE MORONA,3,CENTRO CHAU,3402,CASAS COMUNAL CHAU,NO,s/n,1111111,1,1,2,1,1,1,1,136,859014.2185,9687429.68,-77.77144796,-2.82338744,SI,SI
14,MORONA SANTIAGO,927,SEVILLA DON BOSCO,7540,SEVILLA DON BOSCO,2,SAN LUIS DE ININKIS,8027,ESPACIO CUBIERTO DE SAN LUIS DE ININKIS,NO,SAN LUIS DE ININKIS,0,1,1,2,1,1,1,1,552,820141.5279,9735527.72,-78.12169675,-2.38971433,NO,SI
14,MORONA SANTIAGO,927,SEVILLA DON BOSCO,7540,SEVILLA DON BOSCO,4,SANTA ROSA,7990,UNIDAD EDUCATIVA FRANCISCO DE ORELLANA,NO,PADRE ANGEL BACALATTE,0,1,1,2,1,1,1,1,425,825770.38,9756983.27,-78.0715278,-2.19575003,NO,SI
14,MORONA SANTIAGO,595,GUALAQUIZA,350,BOMBOIZA,2,TINK,3323,ESPACIO CUBIERTO DON BOSCO,NO,TINK,,1,1,2,1,1,1,1,149,782416,9631414,-78.45856505,-3.33138085,NO,SI
14,MORONA SANTIAGO,595,GUALAQUIZA,5425,GUALAQUIZA,3,PROVEEDURIA,2947,ESCUELA MIGUEL DE SANTIAGO,NO,PROVEEDURA Y JAIME MEJIA,,1,1,2,1,1,1,1,83,779452.215,9622921.054,-78.48502128,-3.40821076,NO,SI
14,MORONA SANTIAGO,595,GUALAQUIZA,350,BOMBOIZA,5,MONTERREY,3316,ESCUELA FISCAL JUAN JOSÉ ÁVILA,NO,ENTRADA GUISME - MONTERREY,,1,1,2,1,1,1,1,92,758828.8937,9606856.829,-78.67016002,-3.55389136,NO,SI
14,MORONA SANTIAGO,926,TAISHA,6700,TAISHA,2,LA LIBERTAD,2734,ESCUELA DE EDUCACION BASICA GENERAL PROAÑO,NO,via pumpuentsa,73110896,1,1,2,1,1,1,1,72,901581.432,9731596.451,-77.39027778,-2.42347222,NO,SI
14,MORONA SANTIAGO,926,TAISHA,6700,TAISHA,3,PIMPINTS,2762,UNIDAD EDUCATIVA NUNKUI,NO,junto al aeropuerto,3111450,1,1,2,1,1,1,1,273,893086.1288,9748113.551,-77.46691667,-2.27452778,NO,SI
14,MORONA SANTIAGO,926,TAISHA,2285,MACUMA,2,YUWINTS,3371,UNIDAD EDUCATIVA RIO NAPO,NO,s/n,1111111,1,1,2,1,1,1,1,148,880944.1981,9760157.126,-77.57616667,-2.16602778,SI,SI
14,MORONA SANTIAGO,926,TAISHA,2285,MACUMA,3,MAMAYAK,3389,CECIB RIO PASTAZA,NO,s/n,111111111,1,1,2,1,1,1,1,161,866844.3437,9774541.397,-77.70302176,-2.03639003,SI,SI
14,MORONA SANTIAGO,926,TAISHA,4575,PUMPUENTSA,2,WAZAKENTZA,3390,UNIDAD EDUCATIVA FISCOMISIONAL ACHUAR,NO,vicario p.,1111111,1,1,2,1,1,1,1,170,923177.339,9717908.543,-77.19608333,-2.5465,SI,SI
14,MORONA SANTIAGO,926,TAISHA,4575,PUMPUENTSA,3,MASHUMARENTZA,3392,CECIB RUMIÑAHUI,NO,s/n,111111111,1,1,2,1,1,1,1,85,920345.8502,9694684.927,-77.22086111,-2.75622222,SI,SI
14,MORONA SANTIAGO,926,TAISHA,1205,TUTINENTZA,2,TUKUP,3347,CASA ADMINISTRATIVA TUKUP,NO,s/n,73101555,1,1,2,1,1,1,1,292,891512.9469,9691398.014,-77.47965562,-2.78670137,SI,SI
14,MORONA SANTIAGO,926,TAISHA,1205,TUTINENTZA,3,YAMANUNKA,2732,UNIDAD EDUCATIVA KANUS,NO,VIA PUERTO NUNKUI,3111383,1,1,2,1,1,1,1,298,897226.7116,9708294.229,-77.42879393,-2.63398288,NO,SI
14,MORONA SANTIAGO,611,LOGROÑO,4300,YAUPI,2,YAAP,3311,ESCUELA CUMANDA,NO,CALLE ALBINO PUENCHIR,0,1,1,2,1,1,1,1,213,829478.5061,9689395.703,-78.0368527,-2.80633552,SI,SI
14,MORONA SANTIAGO,795,HUAMBOYA,875,CHIGUAZA,2,SAN PABLO,2747,UNIDAD EDUCATIVA INTERCULTURAL BILINGUE TOBÍAS CELESTINO ZANIMBA GAVILANEZ,NO,VIA PRINCIPAL MACAS - PUYO KM 35,0,1,1,2,1,1,1,1,321,838520.0967,9774624.936,-77.95733333,-2.03613889,NO,SI
14,MORONA SANTIAGO,927,SEVILLA DON BOSCO,7540,SEVILLA DON BOSCO,10,SAN JOSE DE KUSUIM,7967,CASA COMUNAL KUSUIM,NO,SAN JOSE DE KUSUIM,0,1,1,2,1,1,1,1,51,870995.6151,9693360.309,-77.66397375,-2.76951829,SI,SI
14,MORONA SANTIAGO,927,SEVILLA DON BOSCO,7540,SEVILLA DON BOSCO,9,SHUAR KURINUNKA,7945,ESCUELA SAN MIGUEL KURINUNKA,NO,SHUAR KURINUNKA,0,1,1,2,1,1,1,1,95,863504.14,9720544.34,-77.73190718,-2.52417249,SI,SI
14,MORONA SANTIAGO,595,GUALAQUIZA,350,BOMBOIZA,6,SHUAR SAKANAS,2936,ESCUELA DE EDUCACIÓN BÁSICA MILTON PATIÑO,NO,Via Kayawas,3058903,1,1,2,1,1,1,1,161,760015,9617190,-78.65972172,-3.46045883,NO,SI
14,MORONA SANTIAGO,795,HUAMBOYA,875,CHIGUAZA,5,SHUAR TUNA CHIWIAS-MARIA AUXILIADORA,2730,ESPACIO CUBIERTO SHUAR TUNA CHIWIAS-MARIA AUXILIADORA,NO,MARIA AUXILIADORA,0,1,1,2,1,1,1,1,327,833985.5997,9782124.838,-77.99817559,-1.96845634,NO,SI
14,MORONA SANTIAGO,927,SEVILLA DON BOSCO,7540,SEVILLA DON BOSCO,3,UUNT WICHIM,8006,ESCUELA FISCAL CARLOS ZABALA RIVADENEIRA,NO,ENTRADA DE WICHIM,0,1,1,2,1,1,1,1,184,833059,9761365,-78.00614527,-2.15603168,NO,NO
14,MORONA SANTIAGO,795,HUAMBOYA,6390,HUAMBOYA,3,SHUAR PANKINTS,2738,ESCUELA UKUKUI,NO,VIA ARUTAM MIRADO,0,1,1,2,1,1,1,1,212,843793.2658,9785536.647,-77.91016667,-1.93747222,NO,SI
14,MORONA SANTIAGO,600,LIMON INDANZA,3320,SAN ANTONIO,4,LA VICTORIA,2632,ESCUELA RIO BLANCO,NO,SN,23961400,1,1,2,1,1,1,1,57,793899.5212,9660475.176,-78.35597222,-3.06847222,NO,SI
14,MORONA SANTIAGO,600,LIMON INDANZA,3320,SAN ANTONIO,3,YUNGUMAS,3157,ESCUELA CUARENTA Y UNO,NO,centro,3961400,1,1,2,1,1,1,1,99,806210.3991,9664200.494,-78.24538924,-3.0345275,SI,SI
14,MORONA SANTIAGO,926,TAISHA,595,HUASAGA /WAMPUIK,2,KAIPTASH,3346,UNIDAD EDUCATIVA KAMIJIU,NO,kaiptash,1111111,1,1,2,1,1,1,1,186,931112.433,9707704.757,-77.12458333,-2.63838889,SI,SI
14,MORONA SANTIAGO,926,TAISHA,4575,PUMPUENTSA,4,ACHUAR SAAPAPENTSA,3391,CECIB KAASAP,NO,s/n,1111111,1,1,2,1,1,1,1,221,904217.4199,9686769.904,-77.36544444,-2.82813889,SI,SI
14,MORONA SANTIAGO,926,TAISHA,1205,TUTINENTZA,6,SHUAR KASHAI,3363,CECIB ANTONIO CHUMAP,NO,junto a la pista,1111111,1,1,2,1,1,1,1,77,885019.7516,9701184.343,-77.53822222,-2.6985,SI,SI
14,MORONA SANTIAGO,926,TAISHA,1205,TUTINENTZA,7,SHIRAMENTSA,3365,CECIB DON BOSCO,NO,junto a la pista,1111111,1,1,2,1,1,1,1,248,882868.6369,9695312.338,-77.55738889,-2.75158333,SI,SI
14,MORONA SANTIAGO,926,TAISHA,6700,TAISHA,5,TINTIUKENTSA,2746,CECIB SUKU,NO,taisha- nunkui,73111026,1,1,2,1,1,1,1,99,901262.83,9721175.19,-77.39288359,-2.51757453,NO,SI
14,MORONA SANTIAGO,797,TIWINTZA,1295,SAN JOSE DE MORONA,6,KAANK GRANDE,3407,ESCUELA SHAIM,NO,junto al patio,1111111,1,1,2,1,1,1,1,81,846910.17,9684295.392,-77.88011111,-2.852,SI,SI
14,MORONA SANTIAGO,610,SUCUA,6110,SUCUA,4,CENTRO SHUAR YUKUTAIS,8294,UNIDAD EDUCATIVA NUNKUI,NO,VIA A SUCUA,,1,1,2,1,1,1,1,177,818326.76,9722262.02,-78.13774444,-2.50961464,NO,NO
14,MORONA SANTIAGO,615,PALORA,155,ARAPICOS,0,,2726,ESCUELA DE EDUCACION BASICA ISABEL DE GODIN,NO,ARAPICOS,0,1,1,2,1,1,1,1,682,839570.2614,9794227.268,-77.94822222,-1.85902778,NO,SI
14,MORONA SANTIAGO,615,PALORA,715,CUMANDA,1,CUMANDA,2707,ESCUELA CALICUCHIMA,NO,12 DE FEBRERO Y ELOY ALFARO,0,1,1,2,1,1,1,1,379,818644.9145,9838468.902,-78.13669444,-1.45958333,NO,NO
14,MORONA SANTIAGO,615,PALORA,1685,16 DE AGOSTO,0,,2740,ESCUELA DE EDUCACIÓN BÁSICA RIO PALORA,NO,VIA TUNAIMI Y VIA SAN RAMON,33031372,2,2,4,1,2,1,2,1129,843340.1052,9806687.606,-77.9145645,-1.74640161,NO,SI
14,MORONA SANTIAGO,615,PALORA,3420,SANGAY,1,SANGAY,2681,UNIDAD EDUCATIVA FRAY SEBASTIAN ROSERO,NO,AV. CRUZ VELIN MADERO,0,2,2,4,1,2,1,2,1023,835796.9567,9802224.651,-77.98222222,-1.78683333,NO,SI
14,MORONA SANTIAGO,615,PALORA,5760,PALORA,0,,424,ESCUELA DE EDUCACION BASICA SANGAY,NO,CARLOS ALZAMORA E ING. HUGO CASTILLO,312439,2,2,4,1,2,1,2,1400,837743.047,9811631.83,-77.96488564,-1.70181563,NO,NO
14,MORONA SANTIAGO,615,PALORA,5760,PALORA,0,,6054,UNIDAD EDUCATIVA PALORA,SI,AV. CUMANDA,2312157,4,4,8,3,6,3,6,2868,837941.0244,9810701.861,-77.96309501,-1.71021456,NO,NO
14,MORONA SANTIAGO,795,HUAMBOYA,875,CHIGUAZA,1,CHIGUAZA,2709,ESCUELA 29 DE JUNIO,SI,VIA PURISIMA,0,2,2,4,1,2,1,2,1400,835560.3132,9773712.251,-77.98389603,-2.0444349,NO,NO
14,MORONA SANTIAGO,795,HUAMBOYA,875,CHIGUAZA,1,CHIGUAZA,8311,COLISEO DEL GAD PARROQUIAL CHIGUAZA,NO,SN,73048345,2,2,4,3,4,3,4,1141,835559.04,9773724.69,-77.98390768,-2.04432253,NO,NO
14,MORONA SANTIAGO,796,PABLO SEXTO,6870,PABLO SEXTO,1,PABLO SEXTO,477,UNIDAD EDUCATIVA 12 DE FEBRERO,NO,AV. GUAPAN Y AUGUSTO ABAD,0,3,3,6,1,3,1,3,1746,830873.5,9786750.76,-78.02619469,-1.92671181,NO,NO
14,MORONA SANTIAGO,795,HUAMBOYA,6390,HUAMBOYA,1,HUAMBOYA,1190,UNIDAD EDUCATIVA HUAMBOYA,SI,EL DORADO Y 10 DE AGOSTO,0,4,4,8,1,4,1,4,2730,834508.69,9784719.788,-77.99352025,-1.9450033,NO,NO
14,MORONA SANTIAGO,925,SAN JUAN BOSCO,710,SAN JACINTO DE WAKAMBEIS,0,,8002,ESCUELA DE EDUCACIÓN BASICA VICENTE ROCAFUERTE,NO,SANTIAGO NANGAMA Y MIGUEL RUIZ,0,1,1,2,1,1,1,1,261,776740.9,9637986.03,-78.50974997,-3.27211111,NO,SI
14,MORONA SANTIAGO,925,SAN JUAN BOSCO,1785,SANTIAGO DE PANANZA,0,,2637,ESCUELA JUAN PIO MONTUFAR,NO,24 DE NOVIEMBRE Y HUMBERTO BRITO,0,1,1,2,1,1,1,1,383,779608.6036,9651006.84,-78.48425,-3.15436111,NO,SI
14,MORONA SANTIAGO,590,MORONA,65,ALSHI /9 DE OCTUBRE,0,,2659,PEDRO VICENTE MALDONADO,NO,9 DE OCTUBRE,0,1,1,2,1,1,1,1,484,806041.3294,9754377.224,-78.24869444,-2.21963889,NO,SI
14,MORONA SANTIAGO,590,MORONA,1250,CUCHAENTZA,0,,2649,UNIDAD EDUCATIVA ALFREDO PÉREZ GUERRERO,SI,KM16 VIA MACUMA-TAISHA,0,3,3,6,1,3,1,3,1821,848787.2703,9765109.798,-77.86497222,-2.12191667,NO,SI
14,MORONA SANTIAGO,797,TIWINTZA,1295,SAN JOSE DE MORONA,1,SAN JOSE DE MORONA,3376,UNIDAD EDUCATIVA REAL AUDIENCIA DE QUITO,NO,AVENIDA SAN JOSE DE MORONA VIA A MACAS BLOQUE NRO 1,3058466,3,4,7,1,3,1,4,2284,870280.3044,9681120.459,-77.67008333,-2.88008333,NO,SI
14,MORONA SANTIAGO,590,MORONA,1345,GRAL. PROAÑO,0,,2625,ESCUELA FACUNDO BAYAS,NO,Av. 2 de abril y José Ushpa,0,4,4,8,1,4,1,4,2526,818689,9749369,-78.13499771,-2.26467505,NO,NO
14,MORONA SANTIAGO,590,MORONA,1730,RIO BLANCO,0,,2613,ESCUELA EDUCACIÓN BÁSICA ANTONIO GRANDA CENTENO,NO,maximilano castillo y jacinto naranjo,0,3,3,6,1,3,1,3,1933,816391.589,9740348.774,-78.15547222,-2.34622222,NO,NO
14,MORONA SANTIAGO,590,MORONA,3440,SAN ISIDRO,0,,2667,UNIDAD EDUCATIVA PROCER JOSE CUERO Y CAICEDO,NO,6 DE SEPTIEMBRE & SALOMÓN ZABALA,27056122,2,2,4,1,2,1,2,879,815313.1395,9754845.415,-78.16541667,-2.21525,NO,SI
14,MORONA SANTIAGO,927,SEVILLA DON BOSCO,7540,SEVILLA DON BOSCO,1,SEVILLA DON BOSCO,7994,ESCUELA DE EDUCACIÓN BÁSICA CARLOMAGNO ANDRADE,NO,9 DE OCTUBRE E ISIDRO IJISAM,0,5,5,10,10,14,9,13,3419,823001,9743626,-78.09616165,-2.3164882,NO,NO
14,MORONA SANTIAGO,927,SEVILLA DON BOSCO,7540,SEVILLA DON BOSCO,1,SEVILLA DON BOSCO,8016,UNIDAD EDUCATIVA INTERCULTURAL BILINGUE DOMINGO SAVIO,SI,AV DOMINGO COMIN,0,3,3,6,1,3,1,3,2100,822251,9744272,-78.10291034,-2.31066513,NO,NO
14,MORONA SANTIAGO,927,SEVILLA DON BOSCO,7540,SEVILLA DON BOSCO,1,SEVILLA DON BOSCO,8024,CENTRO DE EDUCACION BASICA JUAN LEON MERA,NO,DOMINGO COMIN Y ANGEL ROUBY,712146,6,5,11,4,9,4,8,3850,822231.2195,9744016.705,-78.10308333,-2.31297222,NO,NO
14,MORONA SANTIAGO,590,MORONA,4360,ZUNAC,0,,2770,COLISEO CENTRAL ZUÑAC,NO,5 DE ABRIL ENTRE WASSHINGTON Y SATURDINO,0,1,1,2,1,1,1,1,233,793724,9757909,-78.35940256,-2.18792346,NO,SI
14,MORONA SANTIAGO,590,MORONA,4485,SINAI,0,,2617,UNIDAD EDUCATIVA SINAÍ,NO,Miguel Angel Saant,0,2,2,4,1,2,1,2,1037,827539.3953,9768192.163,-78.05583333,-2.09444444,NO,NO
14,MORONA SANTIAGO,590,MORONA,5615,MACAS,0,,1257,UNIDAD EDUCATIVA DON BOSCO,SI,DON BOSCO Y 10 DE AGOSTO,2702882,5,5,10,19,23,18,22,3500,820788.205,9744854.76,-78.1160605,-2.30542643,NO,NO
14,MORONA SANTIAGO,590,MORONA,5615,MACAS,0,,1260,UNIVERSIDAD CATOLICA DE CUENCA SEDE MACAS,SI,CAPITAN JOSE VILLANUEVA Y SOR MARIA TRONCATTI,0,4,4,8,24,27,23,26,2635,820081,9744144,-78.12240007,-2.31186157,NO,NO
14,MORONA SANTIAGO,590,MORONA,5615,MACAS,0,,1268,COLEGIO BACHILLERATO MACAS,NO,HERNANDO DE BENAVENTE Y PEDRO NOGUERA,0,4,4,8,5,8,4,7,2800,820736.128,9746435.477,-78.11655696,-2.2911446,NO,NO
14,MORONA SANTIAGO,590,MORONA,5615,MACAS,0,,6301,UNIDAD EDUCATIVA FISCOMISIONAL MARIA AUXILIADORA,NO,SIMON BOLIVAR Y 9 DE OCTUBRE,0,5,5,10,14,18,13,17,3500,820710.0625,9744991.4,-78.1167649,-2.30419323,NO,NO
14,MORONA SANTIAGO,590,MORONA,5615,MACAS,0,,6299,ESCUELA DE EDUCACIÓN BÁSICA ELOY ALFARO SECTOR NORTE,SI,HERNANDO DE BENAVENTE,72700222,4,3,7,1,4,1,3,2450,820611.6375,9745087.372,-78.11765075,-2.30332786,NO,NO
14,MORONA SANTIAGO,590,MORONA,5615,MACAS,0,,6358,UNIDAD EDUCATIVA DON BOSCO SECTOR NORTE,NO,AV. HERNANDO DE BENAVENTE Y CALLE RAFAEL RIVADENEIRA,0,5,5,10,9,13,8,12,3500,820798.5253,9744863.814,-78.11596796,-2.30534443,NO,NO
14,MORONA SANTIAGO,595,GUALAQUIZA,90,AMAZONAS,0,,3174,GAD PARROQUIAL AMAZONAS,NO,CENTRO PARROQUIAL,0,1,1,2,1,1,1,1,226,745442.3925,9628202.383,-78.79104297,-3.36122029,SI,SI
14,MORONA SANTIAGO,595,GUALAQUIZA,340,BERMEJOS,0,,2997,ESCUELA TEODORO WOLF,NO,Miguel Ignacio Vega,2191106,1,1,2,1,1,1,1,235,752615,9641070,-78.72678867,-3.24475026,NO,SI
14,MORONA SANTIAGO,595,GUALAQUIZA,5655,MERCEDES MOLINA,0,,2948,ESCUELA DE EDUCACIÓN BÁSICA FISCOMISIONAL MERCEDES MOLINA,NO,ELISEO JACOME ENTRE MIGUEL ESPINOZA Y CABO DANIEL MARTINEZ,3049341,1,1,2,1,1,1,1,457,770997,9620380,-78.56101023,-3.43137523,NO,NO
14,MORONA SANTIAGO,595,GUALAQUIZA,880,CHIGUINDA,0,,2930,UNIDAD EDUCATIVA JOSÉ MARÍA VELASCO IBARRA,NO,"VELASCO IBARRA, SECTOR SAN LUIS",2191039,1,1,2,1,1,1,1,460,753299,9642765,-78.72067109,-3.22941386,NO,NO
14,MORONA SANTIAGO,595,GUALAQUIZA,1910,EL IDEAL,0,,2951,ESCUELA FISCOMISIONAL CAMILO PONCE ENRÍQUEZ,NO,VICTOR ELIAS URGILES,,1,1,2,1,1,1,1,719,764110,9621071,-78.62297269,-3.42528586,NO,SI
14,MORONA SANTIAGO,595,GUALAQUIZA,3225,ROSARIO,0,,2970,GAD PARROQUIAL EL ROSARIO,NO,TELMO GARZON & JOSÉ FELIX PINTADO,0,1,1,2,1,1,1,1,510,761829,9636603,-78.64382671,-3.28493835,NO,SI
14,MORONA SANTIAGO,595,GUALAQUIZA,3580,SAN MIGUEL DE CUYES,0,,3178,ESCUELA EDUARDO BURBANO,NO,SN,0,1,1,2,1,1,1,1,185,741654.7326,9630797.809,-78.82516667,-3.33783333,SI,SI
14,MORONA SANTIAGO,595,GUALAQUIZA,350,BOMBOIZA,1,BOMBOIZA,3012,ESCUELA CIUDAD DE CUENCA,NO,BOMBOIZA,,3,2,5,1,3,1,2,1750,773523,9619613,-78.53827237,-3.43824934,NO,SI
14,MORONA SANTIAGO,595,GUALAQUIZA,350,BOMBOIZA,1,BOMBOIZA,6273,ESPACIO CUBIERTO BOMBOIZA,NO,CALLE S/N,7271503,2,3,5,4,5,3,5,1292,773356,9619589,-78.5397739,-3.43847016,NO,SI
14,MORONA SANTIAGO,595,GUALAQUIZA,5425,GUALAQUIZA,1,GUALAQUIZA,1255,UNIDAD EDUCATIVA FISCOMISIONAL RIO CENEPA (BLOQUE 3),NO,CUENCA Y GARCIA MORENO,2780136,4,4,8,4,7,4,7,2800,768847.002,9623656,-78.58042288,-3.40181323,NO,NO
14,MORONA SANTIAGO,595,GUALAQUIZA,5425,GUALAQUIZA,1,GUALAQUIZA,1264,ESCUELA VICTOR EMILIO ESTRADA,SI,CALLE AMAZONAS Y ELOY ALFARO,2780925,3,3,6,1,3,1,3,2100,768575.002,9623485,-78.58286551,-3.40336504,NO,NO
14,MORONA SANTIAGO,595,GUALAQUIZA,5425,GUALAQUIZA,1,GUALAQUIZA,6275,UNIDAD EDUCATIVA FISCOMISIONAL RIO CENEPA,SI,AV. SIXTO DURAN BALLEN & GLOY ALFARO,72780136,5,4,9,8,12,8,11,2997,769027,9623594,-78.5788025,-3.40236956,NO,NO
14,MORONA SANTIAGO,600,LIMON INDANZA,1720,INDANZA,0,,2634,COLISEO DE GAD PARROQUIAL INDANZA,NO,Luis Rios Rodriguez,2706022,2,2,4,1,2,1,2,882,780477,9661445,-78.47666598,-3.05999977,NO,SI
14,MORONA SANTIAGO,600,LIMON INDANZA,3320,SAN ANTONIO,1,SAN ANTONIO,2610,ESCUELA HERMANO MIGUEL,NO,via principal,2771151,1,1,2,1,1,1,1,719,785364.1208,9665066.221,-78.43280556,-3.02716667,NO,SI
14,MORONA SANTIAGO,600,LIMON INDANZA,3250,SAN MIGUEL DE CONCHAY,0,,2627,ESCUELA 2 DE AGOSTO,NO,AV. LA PAZ,,1,1,2,1,1,1,1,446,783734.7873,9654309.961,-78.44722222,-3.12441667,NO,SI
14,MORONA SANTIAGO,600,LIMON INDANZA,3760,SANTA SUSANA DE CHIVIAZA,1,SANTA SUSANA DE CHIVIAZA,2629,ESCUELA JOSÉ CORSO,NO,MANUEL ROJAS Y FRANCISCO ORELLANA,3042460,1,1,2,1,1,1,1,618,792741.5452,9677512.094,-78.36675,-2.91452778,NO,SI
14,MORONA SANTIAGO,600,LIMON INDANZA,4305,YUNGANZA /EL ROSARIO,0,,2635,GAD PARROQUIAL YUNGANZA,NO,VIA PRINCIPAL,0,2,2,4,1,2,1,2,918,789297.0017,9678122.003,-78.39772516,-2.90908799,NO,SI
14,MORONA SANTIAGO,600,LIMON INDANZA,5390,GRAL. LEONIDAS PLAZA,0,,1232,UNIDAD EDUCATIVA LIMON,SI,AV. 12 DE DICIEMBRE,2770776,3,3,6,4,6,4,6,1836,784663.187,9671123.978,-78.43923452,-2.97243182,NO,NO
14,MORONA SANTIAGO,600,LIMON INDANZA,5390,GRAL. LEONIDAS PLAZA,0,,1233,UNIDAD EDUCATIVA FISCOMISIONAL RIO SANTIAGO,SI,QUITO Y S/N,2770129,3,3,6,1,3,1,3,2100,785766.434,9671768.558,-78.42933015,-2.966583,NO,NO
14,MORONA SANTIAGO,605,SANTIAGO,645,COPAL,0,,2618,ESPACIO CUBIERTO COPAL,NO,Maria Valverde y Padre Albino del Curto,0,1,1,2,1,1,1,1,376,788270,9697428,-78.40734371,-2.73462621,NO,SI
14,MORONA SANTIAGO,605,SANTIAGO,970,CHUPIANZA,0,,2641,ESPACIO CUBIERTO DE CHUPIANZA,NO,19 DE NOVIEMBRE Y CORONEL JULIO MONTAVOL,0,1,1,2,1,1,1,1,537,797638,9697661,-78.3231549,-2.73233468,NO,NO
14,MORONA SANTIAGO,605,SANTIAGO,1365,SAN FCO. DE CHINIMBIMI,1,SAN FCO. DE CHINIMBIMI,2672,ESCUELA DE EDUCACION BASICA SUPERIOR FISCOMISIONAL SAN FRANCISCO,NO,AV. TRONCAL AMAZONICA Y SLDO. GERMAN PITIUR,0,2,1,3,1,2,1,1,855,809909.7103,9703737.591,-78.21299925,-2.6771723,NO,NO
14,MORONA SANTIAGO,605,SANTIAGO,2795,PATUCA,1,PATUCA,2642,UNIDAD EDUCATIVA HEROES DE CENEPA,NO,S/N,0,2,2,4,1,2,1,2,1254,804504.2985,9694746.996,-78.26138889,-2.75852778,NO,NO
14,MORONA SANTIAGO,797,TIWINTZA,6890,SANTIAGO,1,SANTIAGO,1271,ESCUELA PRIMERO DE MARZO,SI,AV 23 DE OCTUBRE Y ASUNCIÓN COLALA,73058511,3,3,6,1,3,1,3,2100,833163.109,9662560.709,-78.00310103,-3.04869474,NO,NO
14,MORONA SANTIAGO,797,TIWINTZA,6890,SANTIAGO,1,SANTIAGO,6359,UNIDAD EDUCATIVA JAIME ROLDOS AGUILERA,SI,FRENTE RIO SANTIAGO,2623060,3,3,6,4,6,4,6,1699,833382,9661892,-78.00111709,-3.05473074,NO,NO
14,MORONA SANTIAGO,605,SANTIAGO,4115,TAYUZA,0,,3914,UNIDAD EDUCATIVA TAYUZA,SI,AV. RAUL COSTALES Y MARAÑON,3910079,2,2,4,1,2,1,2,1398,806955.5585,9701525.516,-78.2395,-2.69722222,NO,NO
14,MORONA SANTIAGO,605,SANTIAGO,5645,MENDEZ,0,,7998,UNIDAD EDUCATIVA 24 DE MAYO,SI,AV. ABDON CALDERON Y AV. FRANCISCO DE ORELLANA,2760921,5,5,10,1,5,1,5,3029,798015.32,9699285.27,-78.31979641,-2.71764831,NO,NO
14,MORONA SANTIAGO,610,SUCUA,180,ASUNCION,1,ASUNCION,2645,CECIB DE EDUCACIÓN BÁSICA PIO XII,NO,VIA SANTA TERESITA - UWE/SAN JOSÉ,1111111,2,2,4,1,2,1,2,1413,813032,9726275,-78.18539072,-2.47345661,NO,NO
14,MORONA SANTIAGO,610,SUCUA,1140,SANTA MARIANITA DE JESUS,0,,2621,ESCUELA DE EDUCACION BASICA MANUELA CAÑIZARES,NO,CALLE S/N Y TRONCAL AMAZÓNICA KM5,72717177,1,1,2,1,1,1,1,742,816617.0016,9732267.003,-78.15329724,-2.4192443,NO,NO
14,MORONA SANTIAGO,610,SUCUA,1635,HUAMBI,1,HUAMBI,1116,UNIDAD EDUCATIVA HUAMBI,NO,ADELINA MENDOZA Y MANUEL GONZALEZ,72317036,4,4,8,1,4,1,4,2286,815583.3469,9719380.13,-78.16233509,-2.53570936,NO,NO
14,MORONA SANTIAGO,611,LOGROÑO,525,SHIMPIS,1,SHIMPIS,3305,UNIDAD EDUCATIVA COMUNITARIA BILINGUE SANTA INÉS,NO,VIA AL CEMENTERIO/VIA A CHIMPIS,0,2,2,4,1,2,1,2,1444,813119.0016,9707733.003,-78.18424352,-2.64100299,NO,NO
14,MORONA SANTIAGO,611,LOGROÑO,4300,YAUPI,1,YAUPI,4136,UNIDAD EDUCATIVA COMUNITARIA INTERCULTURAL BILINGUE 24 DE FEBRERO,NO,VIA PRINCIPAL RIO WAPIS,0,2,3,5,1,2,1,3,1519,840426.1447,9684017.635,-77.93836111,-2.85466667,SI,SI
14,MORONA SANTIAGO,611,LOGROÑO,6735,LOGROÑO,0,,1240,UNIDAD EDUCATIVA LOGROÑO,SI,SANTIAGO LAFEBRE Y SERAFIN VALLEJO,0,4,4,8,1,4,1,4,2358,811466.254,9709688.838,-78.19913354,-2.62336334,NO,NO
15,NAPO,620,TENA,25,AHUANO,5,ZANCUDO,2476,UNIDAD EDUCATIVA MILENIO AHUANO / ZANCUDO,NO,VIA A HUANO A 50 MSTS,62879031,1,1,2,1,1,1,1,273,880474.5318,9883629.271,-77.582241,-1.05095651,NO,NO
15,NAPO,620,TENA,940,CHONTAPUNTA,8,CAMPO ALEGRE,2050,ESCUELA DE EDUCACIÓN BÁSICA 20 DE JULIO,NO,RIVERA DEL RIO NAPO MARGEN IZQUIERDO,0,1,1,2,1,1,1,1,40,931676.4453,9919457.06,-77.1233029,-0.72701842,SI,NO
15,NAPO,620,TENA,940,CHONTAPUNTA,9,SHIRIPUNO 2,2052,CANCHA CUBIERTA DE LA COMUNIDAD DE SHIRIPUNO GUAYUSA YAKU,NO,VIA LOS ZORROS,63062992,1,1,2,1,1,1,1,197,921963.0786,9900614.103,-77.21024618,-0.89719549,NO,NO
15,NAPO,621,C. J. AROSEMENA TOLA,6760,CARLOS J. AROSEMENA TOLA,2,NUEVA ESPERANZA,933,"ESCUELA DE EDUCACIÓN BÁSICA FISCOMISIONAL ""PADRE JUAN VELASCO""",NO,VIA TENA - PUYO KM 61,63017854,1,1,2,1,1,1,1,190,854143.76,9876095.98,-77.81844222,-1.11925808,NO,SI
15,NAPO,620,TENA,940,CHONTAPUNTA,2,AGUA SANTA,955,UNIDAD EDUCATIVA NUMA POMPILLO LLONA,NO,RIO NAPO MARGEN DERECHO,63017937,1,1,2,1,1,1,1,133,916176.1159,9902943.221,-77.26216667,-0.87622222,SI,NO
15,NAPO,620,TENA,940,CHONTAPUNTA,3,ÑUCANCHI LLAKTA KM 28,968,UNIDAD EDUCATIVA DOCTOR JAIME HURTADO GONZALEZ,NO,VIA A CHONTAPUNTA Y DE SANTA ROSA,63017912,1,1,2,1,1,1,1,392,896508.81,9890117.15,-77.43845457,-0.99221101,NO,NO
15,NAPO,700,ARCHIDONA,685,COTUNDO,2,KM 18,1778,UNIDAD EDUCATIVA JONDACHI,NO,VIA TENA - BAEZA,63018224,1,1,2,1,1,1,1,357,857113.384,9914588.227,-77.79211111,-0.77152778,NO,NO
15,NAPO,700,ARCHIDONA,4630,HATUN SUMAKU,3,WAWA SUMACO,1928,UNIDAD EDUCATIVA COMUNITARIA INTERCULTURAL BILINGUE GONZALO DAVID AVILEZ TANGUILA,NO,VIA HOLLIN LORETO COCA KM 45 - BARRIO LAS LOMAS,63018309,1,1,2,1,1,1,1,536,881101.7175,9920115.198,-77.57691667,-0.72144444,NO,NO
15,NAPO,700,ARCHIDONA,5070,ARCHIDONA,2,SANTA RITA,1981,UNIDAD EDUCATIVA COMUNITARIO INTERCULTURAL BILINGUE BARTOLOME MARIN,NO,SANTA RITA,63018995,1,1,2,1,1,1,1,302,852989.31,9903202.67,-77.82903736,-0.87440545,NO,NO
15,NAPO,620,TENA,940,CHONTAPUNTA,13,LAS CANELAS,4617,"UNIDAD EDUCATIVA ""TELMO TAPUY""",NO,RIO BUENO,0,1,1,2,1,1,1,1,94,894655.8354,9899863.343,-77.45516667,-0.90422222,SI,NO
15,NAPO,700,ARCHIDONA,685,COTUNDO,3,PAPANKU,4619,"UNIDAD EDUCATIVA COMUNITARIA INTERCULTURAL BILINGUE ""MIGUEL TUNAY""",NO,VIA GALLERAS,63018750,1,1,2,1,1,1,1,196,880626.2146,9916267.44,-77.58115597,-0.75619712,NO,NO
15,NAPO,255,EL CHACO,1020,GONZALO DIAZ DE PINEDA,2,SAN CARLOS,8086,ESCUELA DANIEL GONZALEZ ESPINOZA,NO,AV. REVENTADOR,96985918,1,1,2,1,1,1,1,229,873998,9982825,-77.64090108,-0.15511884,NO,NO
15,NAPO,620,TENA,1930,TALAG,2,ILAYAKU,1982,CENTRO EDUCATIVO COMUNITARIO ROSA MARIA TANGUILA,NO,ANZU - SERENA,63019126,1,1,2,1,1,1,1,134,850025.46,9881197.55,-77.85545071,-1.07321287,NO,NO
15,NAPO,620,TENA,1930,TALAG,3,JATUN YAKU,1948,ESCUELA DE EDUCACIÓN BÁSICA 6 DE MARZO,NO,VIA COSTA AZUL - SERENA,63019147,1,1,2,1,1,1,1,141,844596.5786,9879674.287,-77.90416043,-1.08702409,NO,NO
15,NAPO,620,TENA,3050,PUERTO NAPO,2,ATAHUALPA,2474,ESCUELA PADRE CÉSAR BERTOGLIO,NO,VIA PUERTO NAPO - AHUANO KM. 5,0,1,1,2,1,1,1,1,163,861534.3552,9884093.675,-77.75219444,-1.04694444,NO,NO
15,NAPO,700,ARCHIDONA,4630,HATUN SUMAKU,4,PACTO SUMACO,1930,CENTRO DE EDUCACIÓN BÁSICA 5 DE MARZO,NO,VÍA VOLCAN SUMACO,63018323,1,1,2,1,1,1,1,173,879045.1002,9926602.114,-77.59540923,-0.66287359,NO,NO
15,NAPO,620,TENA,940,CHONTAPUNTA,10,MANGO PLAYA,2489,ESCUELA DE EDUCACIÓN GENERAL BÁSICA DOLORES SUCRE LAVAYEN,NO,RIO BUENO,63062408,1,1,2,1,1,1,1,49,907109.134,9904315.111,-77.3435,-0.86391667,SI,NO
15,NAPO,620,TENA,940,CHONTAPUNTA,11,FUERZAS UNIDAS,2160,CASA COMUNAL FUERZAS UNIDAS,NO,AV. GUATARACO - LA PAZ - CRUZCHICTA,0,1,1,2,1,1,1,1,56,915558.1009,9908076.027,-77.26775409,-0.82988894,SI,NO
15,NAPO,620,TENA,940,CHONTAPUNTA,12,SAN ALBERTO DE BELLAVISTA BAJA,2202,"UNIDAD EDUCATIVA ""ANTONIO NEUMANE""",NO,AGUA SANTA BELLAVISTA ALTA,63062409,1,1,2,1,1,1,1,105,906073.8112,9900202.747,-77.35275,-0.90105556,SI,NO
15,NAPO,620,TENA,4580,SAN JUAN DE MUYUNA,2,CALVARIO,6891,ESCUELA EDUCACION BASICA HNO. CAYETANO DANZO - CALVARIO,NO,VIA MUYUNA - PANO,62858218,1,1,2,1,1,1,1,154,847266.0706,9891920.182,-77.88030948,-0.97637245,NO,NO
15,NAPO,255,EL CHACO,1020,GONZALO DIAZ DE PINEDA,1,G. DIAZ DE PINEDA,2049,ESCUELA FRAY VACAS GALINDO,NO,MARÍA EVA DIAZ / MANUEL CHIMARRO / FLORENCIO ALULEMA,63061120,1,1,2,1,1,1,1,610,861882.4876,9967134.08,-77.74956669,-0.29686669,NO,NO
15,NAPO,255,EL CHACO,2180,LINARES,0,,1944,ESCUELA DE EDUCACIÓN BÁSICA GENERAL MARAÑÓN,NO,FACUNDO VELASCO Y CEDRALES,0,1,1,2,1,1,1,1,419,855026.9868,9959143.785,-77.81105505,-0.36906271,NO,SI
15,NAPO,255,EL CHACO,2640,OYACACHI,0,,3803,UNIDAD EDUCATIVA PADRE RAFAEL FERRER,NO,CALLE 30 DE MARZO Y LOS BAÑOS .,62991848,1,1,2,1,1,1,1,585,824194,9976407,-78.0877935,-0.21317574,SI,NO
15,NAPO,255,EL CHACO,3745,SANTA ROSA DE QUIJOS,1,SANTA ROSA DE QUIJOS,1510,UNIDAD EDUCATIVA DEL MILENIO DE SANTA ROSA,NO,AV. DE LOS QUIJOS,62327186,2,2,4,1,2,1,2,1225,858545.3547,9965649.053,-77.77950496,-0.31028965,NO,SI
15,NAPO,255,EL CHACO,3790,SARDINAS,0,,1962,ESCUELA DE EDUCACIÓN GENERAL BÁSICA MÉXICO,NO,BRASIL DE FRANCO Y MIGUEL LARA,0,1,1,2,1,1,1,1,530,851950.8948,9957546.387,-77.83865175,-0.38350266,NO,SI
15,NAPO,255,EL CHACO,5510,EL CHACO,0,,1436,UNIDAD EDUCATIVA EL CHACO,NO,12 DE FEBRERO Y 26 DE MAYO,62329086,2,2,4,1,2,1,2,1400,854696.8469,9962518.043,-77.81402778,-0.33858333,NO,SI
15,NAPO,255,EL CHACO,5510,EL CHACO,0,,1461,ESCUELA DE EDUCACIÓN BÁSICA NAPO-1,NO,13 DE JUNIO Y LA REVOLUCIÓN,62329303,1,2,3,3,3,3,4,1050,855165.2735,9962606.906,-77.80982489,-0.33777923,NO,SI
15,NAPO,255,EL CHACO,5510,EL CHACO,0,,6002,ESCUELA DE ECUCACION BASICA NAPO - BLOQUE 2,NO,QUITO - CARLOS LANDAZURI,62329028,2,1,3,4,5,5,5,1050,854992.8434,9962012.806,-77.81137033,-0.34314637,NO,SI
15,NAPO,255,EL CHACO,5510,EL CHACO,0,,6139,ESCUELA DE EDUCACION BASICA ENRIQUE AVELINO SILVA,NO,SELVA ALEGRE Y AVELINO SILVA,62329100,1,2,3,6,6,6,7,837,855344.8371,9963426.084,-77.80821608,-0.3303789,NO,SI
15,NAPO,620,TENA,25,AHUANO,1,AHUANO,1492,UNIDAD EDUCATIVA FISCO MISIONAL PADRE OTTORINO TODESCATO / EDUCACION BASICA,NO,EDGAR SANTILLAN - VIA A LA PUNTA,62850047,2,2,4,3,4,4,5,1400,884131.9012,9882583.85,-77.54941667,-1.06036111,NO,NO
15,NAPO,620,TENA,25,AHUANO,1,AHUANO,1499,UNIDAD EDUCATIVA FISCO MISIONAL PADRE OTTORINO TODESCATO /BACHILLERATO,NO,EDGAR SANTILLAN - VIA A LA PUNTA,62850047,2,3,5,1,2,1,3,1750,884131.9012,9882583.85,-77.54941667,-1.06036111,NO,NO
15,NAPO,620,TENA,25,AHUANO,1,AHUANO,6172,CENTRO EDUCATIVO COMUNITARIO INTERCULTURAL BILINGUE CRISTOBAL VARGAS,NO,VIA PRINCIPAL A CAMAPANA COCHA,62850077,2,2,4,5,6,6,7,1123,884634.0762,9882871.891,-77.54491411,-1.05775483,NO,NO
15,NAPO,620,TENA,940,CHONTAPUNTA,1,CHONTAPUNTA,897,"UNIDAD EDUCATIVA DEL MILENIO ""SAN JOSE DE CHONTA PUNTA""",NO,VÍA PRINCIPAL DE CHONTAPUNTA,63062365,5,6,11,1,5,1,6,3743,904907.8611,9898693.341,-77.36319444,-0.91469444,NO,NO
15,NAPO,620,TENA,1930,TALAG,1,TALAG,1275,UNIDAD EDUCATIVA FISCOMISIONAL JUAN TANCA MARENGO,NO,ENTRADA MISION JOSEFINA,63019139,4,4,8,1,4,1,4,2760,844059.6362,9881915.953,-77.909,-1.06677778,NO,NO
15,NAPO,620,TENA,2755,PANO,0,,1285,UNIDAD EDUCATIVA GUILLERMO KADLE,NO,AV. PANO YAYA Y MANSIRO,6326015,1,2,3,1,1,1,2,1050,848685.6286,9887040.229,-77.86752778,-1.02044444,NO,NO
15,NAPO,620,TENA,2755,PANO,0,,6140,UNIDAD EDUCATIVA COMUNITARIA INTERCULTURAL BILINGUE PANO,NO,AV. PANO YAYA Y MANCINU,62326082,2,1,3,2,3,3,3,860,848642.2108,9886895.495,-77.86791617,-1.02175231,NO,NO
15,NAPO,620,TENA,3000,PUERTO MISAHUALLI,1,PUERTO MISAHUALLI,942,UNIDAD EDUCATIVA MISAHUALLI - EDUCACIÓN BASICA,NO,GUILLERMO RIVADENEYRA Y RIO NAPO,62890137,4,3,7,1,4,1,3,2450,871045.5241,9885507.653,-77.66686111,-1.03408333,NO,SI
15,NAPO,620,TENA,3000,PUERTO MISAHUALLI,1,PUERTO MISAHUALLI,5893,UNIDAD EDUCATIVA MISAHUALLI /COLEGIO,NO,VIA MISAHUALLI,62890137,3,4,7,5,7,4,7,1963,870505.6477,9885371.727,-77.6717041,-1.03531612,NO,SI
15,NAPO,620,TENA,3050,PUERTO NAPO,1,PUERTO NAPO,761,UNIDAD EDUCATIVA SAN FRANCISCO JAVIER,NO,RIOBAMBA Y ESMERALDAS,62844243,3,4,7,5,7,5,8,2196,857188.9406,9884614.778,-77.79119444,-1.04227778,NO,NO
15,NAPO,620,TENA,3050,PUERTO NAPO,1,PUERTO NAPO,711,UNIDAD EDUCATIVA PATRIOTA MICHILENA,NO,ESMERALDAS Y QUITO,62844194,4,4,8,1,4,1,4,2800,856851.4857,9884553.619,-77.79422222,-1.04283333,NO,NO
15,NAPO,620,TENA,6160,TENA,0,,325,UNIDAD EDUCATIVA JOSE PELAEZ,SI,AV. AMAZONAS Y ABDON CALDERON,62886199,2,2,4,19,20,19,20,1400,854479.82,9890336.47,-77.81555717,-0.99061733,NO,SI
15,NAPO,620,TENA,6160,TENA,0,,326,UNIDAD EDUCATIVA NACIONAL TENA /BACHILLERATO,SI,AV JUMANDY Y GLORIA PALACIOS,62886278,8,7,15,1,8,1,7,5250,854794.96,9891102.08,-77.81273566,-0.98369868,NO,SI
15,NAPO,620,TENA,6160,TENA,0,,461,UNIDAD EDUCATIVA MONSEÑOR MAXIMILIANO SPILLER / COLEGIO,SI,AV. 15 DE NOVIEMBRE Y MARIANA MONTESDEOCA,62886293,4,3,7,27,30,27,29,2450,854839.65,9889763.61,-77.81232305,-0.99578896,NO,SI
15,NAPO,620,TENA,6160,TENA,0,,450,UNIDAD EDUCATIVA MONSEÑOR MAXIMILIANO SPILLER / ESCUELA,NO,AV. 15 DE NOVIEMBRE Y MARIANA MONTESDEOCA,62887111,3,3,6,31,33,30,32,2100,854839.65,9889763.61,-77.81232305,-0.99578896,NO,SI
15,NAPO,620,TENA,6160,TENA,0,,265,UNIDAD EDUCATIVA HERMANO MIGUEL / BLOQUE 2,NO,JUAN MONTALVO Y GENERAL GALLO,62886486,2,2,4,21,22,21,22,1400,854222.34,9890034.01,-77.81786521,-0.99335176,NO,SI
15,NAPO,620,TENA,6160,TENA,0,,303,UNIDAD EDUCATIVA HERMANO MIGUEL / BLOQUE 3,NO,JUAN MONTALVO Y GENERAL GALLO,62888968,2,2,4,23,24,23,24,1400,854222.34,9890034.01,-77.81786521,-0.99335176,NO,SI
15,NAPO,620,TENA,6160,TENA,0,,304,UNIDAD EDUCATIVA CIUDAD DE TENA,NO,MANUEL MARIA ROSALES Y LLANGANATES,62846238,4,4,8,39,42,38,41,2800,855207.48,9889157.49,-77.80901683,-1.00126092,NO,SI
15,NAPO,620,TENA,6160,TENA,0,,4980,UNIDAD EDUCATIVA COMUNITARIA INTERCULTURAL BILINGUE INTILLACTA,NO,INCHIKIRO Y CARLOS SHIGUANGO,62888177,5,5,10,34,38,33,37,3500,855230.6388,9889957.56,-77.80881597,-0.99403356,NO,SI
15,NAPO,620,TENA,6160,TENA,0,,5879,ESCUELA DE EDUCACION BASICA GENERAL ELOY ALFARO,NO,BAÑOS Y WALAQUIZA,62846652,2,2,4,43,44,42,43,1256,854433.5101,9891598.275,-77.81598358,-0.97921956,NO,SI
15,NAPO,620,TENA,6160,TENA,0,,5883,UNIDAD EDUCATIVA NACIONAL TENA / EDUCACION BASICA Y MEDIA,NO,CACIQUE BETO/BROMELIAS / PINTON,0,2,2,4,9,10,8,9,1400,854754.6741,9891087.716,-77.81309707,-0.98382879,NO,SI
15,NAPO,620,TENA,6160,TENA,0,,5871,UNIDAD EDUCATIVA FISCOMISIONAL SAN JOSE / BACHILLERATO,NO,AV. MUUYUNA Y ENTRADA JORGE ROSSI Y ATAHUALPA,62886241,5,6,11,11,15,10,15,3850,853002.4383,9890707.555,-77.82881862,-0.987278,NO,SI
15,NAPO,620,TENA,6160,TENA,0,,5959,UNIDAD EDUCATIVA FISCOMISIONAL SAN JOSE / EDUCACION BÁSICA,NO,AV. MUYUNA - ATAHUALPA - SAN ANTONIO,62886241,3,3,6,16,18,16,18,2100,853219.5591,9890736.173,-77.82687038,-0.98701762,NO,SI
15,NAPO,620,TENA,6160,TENA,0,,7032,UNIDAD EDUCATIVA FISCOMISIONAL JUAN XXIII,NO,JUAN MONTALVO,62886355,2,2,4,25,26,25,26,1400,854258.1307,9890147.381,-77.817545,-0.99232734,NO,SI
15,NAPO,621,C. J. AROSEMENA TOLA,6760,CARLOS J. AROSEMENA TOLA,1,CARLOS J. AROSEMENA TOLA,891,UNIDAD EDUCATIVA CARLOS JULIO AROSEMENA TOLA / BACHILLERATO,NO,RIO NAPO Y AZUAY,62853050,4,4,8,1,4,1,4,2800,849947.38,9871023.53,-77.85605349,-1.16512132,NO,SI
15,NAPO,621,C. J. AROSEMENA TOLA,6760,CARLOS J. AROSEMENA TOLA,1,CARLOS J. AROSEMENA TOLA,5944,UNIDAD EDUCATIVA CARLOS JULIO AROSEMENA TOLA /EDUCACIÓN BÁSICA,NO,RIO NAPO,62853050,2,2,4,5,6,5,6,1128,849905.5306,9870899.877,-77.85642785,-1.16623877,NO,SI
15,NAPO,635,QUIJOS,670,COSANGA,0,,1933,ESCUELA DE EDUCACIÓN GENERAL BÁSICA GIL RAMIREZ DAVALOS,NO,CALLE ALBERTO CHECA Y RIO ARENILLA,6301660,1,1,2,1,1,1,1,611,848687.9746,9935915.405,-77.86784173,-0.57892134,NO,SI
15,NAPO,635,QUIJOS,765,CUYUJA,0,,1996,ESCUELA DE EDUCACIÓN BÁSICA MANUEL VILLAVICENCIO,NO,VIA INTEROCEANICA KM 78 1/2 Y JESUS DEL GRAN PODER,63061939,1,1,2,1,1,1,1,587,830905.7134,9954187.712,-78.0275,-0.41391667,NO,SI
15,NAPO,635,QUIJOS,2770,PAPALLACTA,0,,1997,UNIDAD EDUCATIVA QUISQUIS,NO,GENERAL QUISQUIS Y ANTISANA,62895015,1,1,2,1,1,1,1,702,818344.7683,9958127.227,-78.14025,-0.37836111,NO,SI
15,NAPO,635,QUIJOS,3395,SAN FRANCISCO DE BORJA,0,,1428,UNIDAD EDUCATIVA FISCOMISIONAL JUAN BAUTISTA MONTINI / BACHILLERATO,NO,AV. CARLOS ACOSTA Y VICTOR MONTENEGRO,62856221,1,2,3,1,1,1,2,1050,851337.657,9953078.969,-77.84413889,-0.42386111,NO,SI
15,NAPO,635,QUIJOS,3395,SAN FRANCISCO DE BORJA,0,,5979,UNIDAD EDUCATIVA FISCOMISIONAL JUAN BAUTISTA MONTINI /ESCUELA,NO,PEDRO DALMAZO/ MAXIMILIANO SPILLER,62856221,2,1,3,2,3,3,3,911,851382.4034,9953044.489,-77.84373724,-0.42417242,NO,SI
15,NAPO,635,QUIJOS,3890,SUMACO,0,,3983,AUDITORIO DEL GAD PARROQUIAL DE SUMACO,NO,SUMACO,63061964,1,1,2,1,1,1,1,310,882058.1338,9948094.876,-77.56849273,-0.46875423,NO,SI
15,NAPO,635,QUIJOS,5090,BAEZA,0,,1443,UNIDAD EDUCATIVA BAEZA / BACHILLERATO,NO,AV. QUIJOS - 5 D EMARZO Y 13 DE ABRIL,62320129,2,1,3,1,2,1,1,1050,846351.02,9948668.63,-77.88886964,-0.46372184,NO,SI
15,NAPO,635,QUIJOS,5090,BAEZA,0,,5978,UNIDAD EDUCATIVA BAEZA / BLOQUE 2,SI,17 DE ENERO,62320062,1,2,3,3,3,2,3,947,846343.1516,9948610.308,-77.88894001,-0.46424875,NO,SI
15,NAPO,700,ARCHIDONA,685,COTUNDO,1,COTUNDO,1230,UNIDAD EDUCATIVA FISCOMISIONAL JAIME ROLDOS AGUILERA / ELEMENTAL,NO,JORGE ROSSI Y SIN NOMBRE,62875032,2,2,4,3,4,3,4,1400,856422.9826,9906621.118,-77.79825,-0.8435,NO,SI
15,NAPO,700,ARCHIDONA,685,COTUNDO,1,COTUNDO,1180,UNIDAD EDUCATIVA FISCOMISIONAL JAIME ROLDOS AGUILERA / MEDIO,NO,AV TENA Y JORGE ROSI,62875032,2,2,4,1,2,1,2,1400,856422.9826,9906621.118,-77.79825,-0.8435,NO,SI
15,NAPO,700,ARCHIDONA,685,COTUNDO,1,COTUNDO,5934,UNIDAD EDUCATIVA FISCOMISIONAL JAIME ROLDOS AGUILERA/BACHILLERATO,NO,AV. TENA/ JORGE ROSSI,62875032,4,4,8,5,8,5,8,2432,856449.2588,9906616.272,-77.79801417,-0.84354357,NO,SI
15,NAPO,700,ARCHIDONA,3605,SAN PABLO DE USHPAYACU,1,SAN PABLO DE USHPAYACU,1513,CANCHA CUBIERTA DE SAN PABLO DE USHPAYACU,NO,VIA A ARCHIDONA,62873069,2,2,4,1,2,1,2,1400,859164.9015,9896585.114,-77.77356669,-0.93413328,NO,NO
15,NAPO,700,ARCHIDONA,3605,SAN PABLO DE USHPAYACU,1,SAN PABLO DE USHPAYACU,5936,UNIDAD EDUCATIVA COMUNITARIO INTERCULTURAL BILINGUE DE SAN PABLO,NO,VIA PRINCIPAL,62318963,2,2,4,3,4,3,4,977,859270.9667,9896522.682,-77.77261439,-0.93469635,NO,NO
15,NAPO,620,TENA,4580,SAN JUAN DE MUYUNA,3,WAYRAYAKU,6906,UNIDAD EDUCATIVA FISCOMISIONAL ERNESTO OPHULS,NO,VIA WAYRAYAKU TAZAYAKU,0,1,1,2,1,1,1,1,329,851592.0034,9892918.967,-77.84149493,-0.96731346,NO,NO
15,NAPO,700,ARCHIDONA,5070,ARCHIDONA,1,ARCHIDONA,443,UNIDAD EDUCATIVA FISCOMISIONAL LEONARDO MURIALDO / EDUCACION BASICA,NO,AV ROCAFUERTE Y COSANGA,62889142,4,3,7,4,7,4,6,2450,855527.75,9899458.77,-77.80622866,-0.90820518,NO,SI
15,NAPO,700,ARCHIDONA,5070,ARCHIDONA,1,ARCHIDONA,363,UNIDAD EDUCATIVA ARCHIDONA / ESCUELA BLOQUE 2,NO,AV NAPO Y QUIJOS,62889170,3,3,6,13,15,13,15,2100,855327.4,9899316.57,-77.80802544,-0.9094913,NO,SI
15,NAPO,700,ARCHIDONA,5070,ARCHIDONA,1,ARCHIDONA,372,UNIDAD EDUCATIVA FISCOMISIONAL MARIA INMACULADA/BACHILLERATO,SI,AV ROCAFUERTE Y QUIJOS,62889142,3,3,6,1,3,1,3,2100,855474.9956,9899398.278,-77.80670159,-0.90875204,NO,SI
15,NAPO,700,ARCHIDONA,5070,ARCHIDONA,1,ARCHIDONA,379,UNIDAD EDUCATIVA ARCHIDONA / COLEGIO BLOQUE 1,NO,JONDACHI Y VISTA HERMOSA,62889170,3,4,7,10,12,9,12,2450,855760.4,9899212.51,-77.80413895,-0.91042782,NO,SI
15,NAPO,700,ARCHIDONA,5070,ARCHIDONA,1,ARCHIDONA,4976,ESCUELA EDUCACION BASICA GENERAL MIGUEL ITURRALDE,NO,TRANSVERSAL 22 ENTRE CALLE 16 Y 17,62889274,2,2,4,16,17,16,17,1400,854681.68,9898544.7,-77.81381389,-0.91646892,NO,SI
15,NAPO,700,ARCHIDONA,5070,ARCHIDONA,1,ARCHIDONA,6171,UNIDAD EDUCATIVA FISCOMISIONAL MARIA INMACULADA/EDUCACION BASICA,NO,VIA SAN PABLO - ROCAFUERTE,62889142,2,2,4,8,9,7,8,1400,855867.4669,9899390.543,-77.80317957,-0.90881877,NO,SI
15,NAPO,700,ARCHIDONA,5070,ARCHIDONA,1,ARCHIDONA,5947,CENTRO EDUCATIVO INTERCULTURAL BILINGUE BASICA YAWARI,NO,SN Y TRANSVERSAL ARCHIDONA,62889965,2,2,4,18,19,18,19,1229,856516,9901254,-77.79737449,-0.89198085,NO,SI
15,NAPO,620,TENA,25,AHUANO,9,SANTA ROSA,2485,ESCUELA DE EDUCACION BÁSICA ALEJANDRO HUMBOLDT,NO,VIA SANTA ROSA - RIO NAPO,0,1,1,2,1,1,1,1,141,895108.9709,9891760.12,-77.45102778,-0.97738889,NO,NO
15,NAPO,620,TENA,4580,SAN JUAN DE MUYUNA,1,SAN JUAN DE MUYUNA,924,UNIDAD EDUCATIVA MONSEÑOR EMILIO CECCO,NO,VIA MUYUNA Y SAN FRANCISCO,62858035,5,5,10,1,5,1,5,3411,850326.16,9891629.44,-77.85284421,-0.9789731,NO,NO
15,NAPO,700,ARCHIDONA,4630,HATUN SUMAKU,1,10 DE AGOSTO,1927,UNIDAD EDUCATIVA COMUNITARIA INTERCULTURAL BILINGUE ALMINDARIS,NO,VIA HOLLIN LORETO COCA - KM 72,63018361,1,1,2,1,1,1,1,745,885239.7533,9917805.117,-77.53977778,-0.74227778,NO,NO
15,NAPO,620,TENA,940,CHONTAPUNTA,5,CRUZCHICTA,448,UNIDAD EDUCATIVA FISCOMISIONAL PADRE RENATO SELVA,NO,CRUZCHICTA,63062321,1,1,2,1,1,1,1,461,922549.7879,9911854.177,-77.20508333,-0.79572222,SI,NO
15,NAPO,620,TENA,940,CHONTAPUNTA,6,GARENO,1427,CANCHA CUBERTA DE LA COMUNIDAD GARENO,NO,SECTOR GARENO,63062360,1,1,2,1,1,1,1,155,902055.6291,9883744.122,-77.38863329,-1.04969998,NO,NO
15,NAPO,620,TENA,25,AHUANO,2,CAMPANA COCHA,3802,UNIDAD EDUCATIVA INTERCULTURAL BILINGUE DAVID MILLER,NO,22 DE DICIEMBRE Y GERARDO KON,63117701,1,1,2,1,1,1,1,268,890970.8635,9887673.256,-77.48811111,-1.01433333,NO,NO
15,NAPO,620,TENA,3000,PUERTO MISAHUALLI,2,SAN MIGUEL DE PALMERAS,1983,ESCUELA FISCAL MIXTA LOS PURUHAES,NO,VIA A TRES ALTARES Y PUSUNO,987833162,1,1,2,1,1,1,1,84,874848.6691,9889926.397,-77.63277778,-0.99413889,NO,NO
15,NAPO,255,EL CHACO,3745,SANTA ROSA DE QUIJOS,2,CASCABEL,3840,ESCUELA DE EDUCACION BASICA GUSTAVO ADOLFO BECQUER,NO,VIA A CASCABEL 2 Y VIA A SANTA LUCÍA,0,1,1,2,1,1,1,1,78,862511.9072,9978629.899,-77.74394444,-0.19302778,NO,NO
15,NAPO,620,TENA,940,CHONTAPUNTA,4,ÑUCANCHI ALPA,2478,CECIB KANAMBU,NO,VIA A CHONTAPUNTA KM 64,97955297,1,1,2,1,1,1,1,429,899066.5599,9892507.772,-77.41553329,-0.97059998,NO,NO
15,NAPO,700,ARCHIDONA,4630,HATUN SUMAKU,2,WAMANÍ,1931,UNIDAD EDUCATIVA COMUNITARIA INTERCULTURAL BILINGUE HUAMANI,NO,VIA HOLLIN LORETO COCA KM. 45,63018299,1,1,2,1,1,1,1,415,877051.8184,9920075.172,-77.61325,-0.72183333,NO,NO
15,NAPO,620,TENA,25,AHUANO,6,RIO BLANCO,3810,UNIDAD EDUCATIVA HERMANO HERMENEGILDO GUERRINI,NO,VIA AHUANO - MISAHUALLI,63017754,1,1,2,1,1,1,1,91,882410.7786,9888574.452,-77.56491667,-1.00627778,NO,NO
15,NAPO,620,TENA,25,AHUANO,7,TAMIA URCO,956,ESCUELA LEONIDAS PLAZA GUTIERREZ,NO,VI A TAMIA URCO,63017744,1,1,2,1,1,1,1,245,879350.5919,9893460.757,-77.59241749,-0.96217767,NO,NO
15,NAPO,620,TENA,25,AHUANO,8,SANTA BARBARA,4001,CASA COMUNAL DE SANTA BARBARA,NO,RIO ARAJUNO,63018560,1,1,2,1,1,1,1,60,877136,9877162,-77.61213054,-1.10939767,SI,NO
15,NAPO,620,TENA,25,AHUANO,4,NUEVO PARAISO,2482,UNIDAD EDUCATIVA COMUNITARIA INTERCULTURAL BILINGUE HONORABLE CONSEJO PROVINCIAL DE NAPO,NO,VIA TENA CHONTA PUNTA,63017726,1,1,2,1,1,1,1,266,891025.1992,9886393.537,-77.48761111,-1.02588889,NO,NO
15,NAPO,620,TENA,940,CHONTAPUNTA,7,COLONIA LOS RIOS,375,UNIDAD EDUCATIVA PADRE HUGO MENA,NO,VIA LOS ZORROS - COMUNA LOS RIOS,63062341,1,1,2,1,1,1,1,262,908638.1983,9897289.667,-77.32972222,-0.92733333,NO,NO
15,NAPO,620,TENA,25,AHUANO,3,CAMPO COCHA,2479,UNIDAD EDUCATIVA INTERCULTURAL BILINGUE LORENZO CERDA,NO,VIA TENA AHUANO CAMPOCOCHA KM 35 CHONTA PUNTA,63017728,1,1,2,1,1,1,1,193,882079.8886,9880254.107,-77.56780381,-1.08142151,NO,NO
15,NAPO,700,ARCHIDONA,4630,HATUN SUMAKU,5,CHALLWAYAKU,2183,CECIB PUMA URKU,NO,VIA HOLLIN LORETO KM 31,979641273,1,1,2,1,1,1,1,246,872219.2097,9920629.276,-77.65661111,-0.71686111,NO,NO
15,NAPO,700,ARCHIDONA,3605,SAN PABLO DE USHPAYACU,2,POROTOYACU,2107,UNIDAD EDUCATIVA COMUNITARIA INTERCULTURAL BILINGUE POROTOYACU,NO,VÍA A POROTOYACU - VILLANO,63018931,2,2,4,1,2,1,2,1011,860774.3372,9901823.217,-77.75916667,-0.88680556,NO,NO
15,NAPO,620,TENA,3050,PUERTO NAPO,3,CAPIRONA,7920,CECIB CAPIRONA,NO,VIA SHALCANA - CAPIRONA,99650362,1,1,2,1,1,1,1,178,869199.1859,9878357.099,-77.68335905,-1.09868481,NO,NO
15,NAPO,620,TENA,3000,PUERTO MISAHUALLI,3,VENECIA DERECHA,371,CANCHA CUBIERTA DE LA COMUNIDAD VENECIA DERECHA,NO,VIA AL AHUANO,0,1,1,2,1,1,1,1,127,867204.66,9883363.11,-77.70130518,-1.05348953,NO,NO
16,PASTAZA,881,ARAJUNO,735,CURARAY,6,CHUYAYACU,4196,Escuela CECIB Yachana Wasi,NO,Vía Villano Km 80,98028570,1,1,2,1,1,1,1,224,872587.4249,9836957.629,-77.65246855,-1.47255944,NO,NO
16,PASTAZA,680,PASTAZA,2450,MONTALVO/ANDOAS,7,WUAYUSENTSA,4166,CASA COMUNAL WUAYUSENTSA,NO,WAYUSENTSA,32885145,1,1,2,1,1,1,1,122,954298.585,9729467.58,-76.91711972,-2.44133076,SI,NO
16,PASTAZA,680,PASTAZA,3785,ZARAYACU,7,RAYAYACU,4205,CECIB LAGUNA VERDE,NO,COMUNIDAD RAYAYACU,32885145,1,1,2,1,1,1,1,80,895848.7654,9834305.98,-77.44369994,-1.49617747,SI,NO
16,PASTAZA,680,PASTAZA,3785,ZARAYACU,8,PIWIRI,4202,CECIB PIWIRI,NO,Comunidad Piwiri,2780152,1,1,2,1,1,1,1,89,909111.1084,9833362.027,-77.32469895,-1.50450239,SI,NO
16,PASTAZA,680,PASTAZA,3180,RIO CORRIENTES,1,MAKUSAR,4176,CECIB MAKUSAR,NO,COMUNIDAD MAKUSAR,32885145,1,1,2,1,1,1,1,156,999272.8124,9737585.358,-76.51396169,-2.36681993,SI,NO
16,PASTAZA,680,PASTAZA,2450,MONTALVO/ANDOAS,4,CHARAPACOCHA,4197,Unidad Educativa CECIB PEAS,NO,Comunidad Charapacocha,32885052,1,1,2,1,1,1,1,159,935053.557,9742674.916,-77.09013889,-2.32263889,SI,NO
16,PASTAZA,680,PASTAZA,3180,RIO CORRIENTES,4,TINKIAS,4203,CASA COMUNAL TINKIAS,NO,COMUNIDAD TINKIAS,32885145,1,1,2,1,1,1,1,53,985485.9622,9726352.793,-76.63726948,-2.46854364,SI,NO
16,PASTAZA,680,PASTAZA,2450,MONTALVO/ANDOAS,6,KURINTZA,4179,Unidad Educativa Comunitaria Intercultural Bilingue Kurintsa,NO,Comunidad Kurintza,32885145,1,1,2,1,1,1,1,279,968111.4764,9770937.51,-76.79427778,-2.06677778,SI,NO
16,PASTAZA,680,PASTAZA,3180,RIO CORRIENTES,5,YUTSUNTSA,4674,Casa Comunal Yutsuntsa,NO,Comunidad Yutsuntsa,38885145,1,1,2,1,1,1,1,91,1005988.975,9739320.366,-76.45379377,-2.35097518,SI,NO
16,PASTAZA,680,PASTAZA,3785,ZARAYACU,10,UYUIMI,5095,Centro Educativo Intercultural Bilingue Camilo Ponce,NO,Comunidad Uyuimi,32885145,1,1,2,1,1,1,1,68,869114.2191,9797940.165,-77.68305454,-1.82501142,SI,NO
16,PASTAZA,881,ARAJUNO,735,CURARAY,2,VILLANO,4174,Unidad Educativa Palati,NO,Comunidad Santa Cecilia de Villano,32780075,1,1,2,1,1,1,1,450,891499.5221,9833838.523,-77.48271702,-1.50046202,NO,NO
16,PASTAZA,881,ARAJUNO,6705,ARAJUNO,2,PITACOCHA,2263,Unidad Educativa Intercultural Bilingüe Pitacocha,NO,Via Arajuno Pitacocha Km 18,32892354,1,1,2,1,1,1,1,169,879201.8017,9854027.775,-77.59333333,-1.31830556,NO,NO
16,PASTAZA,881,ARAJUNO,735,CURARAY,3,TOÑAMPARI,4188,Unidad Educativa Toñampari,NO,Comunidad Toñampari,32885145,1,1,2,1,1,1,1,346,902810.3124,9865299.61,-77.38165672,-1.21622986,SI,NO
16,PASTAZA,680,PASTAZA,2450,MONTALVO/ANDOAS,2,KAPAWI,4191,Unidad Educativa TUNA,NO,Comunidad Kapawi,32885145,1,1,2,1,1,1,1,290,962881.9282,9718561.52,-76.83980556,-2.5395,SI,NO
16,PASTAZA,680,PASTAZA,3785,ZARAYACU,9,GUARANI,4178,ESCUELA CECIB GUARANI,NO,COMUNIDAD GUARANI,32885145,1,1,2,1,1,1,1,75,918043.4107,9752594.11,-77.24301737,-2.23350944,SI,NO
16,PASTAZA,680,PASTAZA,3785,ZARAYACU,2,PACAYACU,4187,UNIDAD EDUCATIVA INTERCULTURAL BILINGUE PACAYACU,NO,COMUNIDAD PACAYACU,32885145,1,1,2,1,1,1,1,624,878558.6494,9817203.551,-77.5985956,-1.65088079,SI,NO
16,PASTAZA,680,PASTAZA,3785,ZARAYACU,3,MORETECOCHA,4164,Unidad Educativa Juan Jose Flores,NO,Comunidad Moretecocha,32780075,1,1,2,1,1,1,1,204,899263.9167,9824915.609,-77.41291667,-1.58091667,SI,NO
16,PASTAZA,680,PASTAZA,4766,SHUAR PASTAZA,2,CHAPINTZA,3740,Unidad Educativa Intercultural Bilingue CHAPINTS,NO,Km 62 Vía Puyo-Macas desvio a la izquierda 17 Km hasta la comunidad Chapintza,33058766,1,1,2,1,1,1,1,362,865615.3214,9779704.058,-77.71414873,-1.98978238,NO,NO
16,PASTAZA,680,PASTAZA,2450,MONTALVO/ANDOAS,9,CONAMBO,4186,Escuela Luis Arias Guerra,NO,Comunidad Conambo,32885145,1,1,2,1,1,1,1,178,958439.9243,9793195.359,-76.88151214,-1.86615905,SI,NO
16,PASTAZA,680,PASTAZA,4005,TNTE. HUGO ORTIZ,2,LA MARISCAL,8167,Escuela de Educación Basica Ernesto Alban Mosquera,NO,Comunidad La Mariscal,967231721,1,1,2,1,1,1,1,97,847309.31,9848153.63,-77.87948265,-1.37174914,NO,NO
16,PASTAZA,680,PASTAZA,3195,RIO TIGRE,3,WIRIRIMA,4192,CECIB WIRIRIMA,NO,COMUNIDAD WIRIRIMA,32885145,1,1,2,1,1,1,1,87,1040455.101,9782884.389,-76.14609234,-1.95721872,SI,NO
16,PASTAZA,680,PASTAZA,3785,ZARAYACU,5,SANTIAK,4195,ESCUELA CECIB SANTIAK,NO,COMUNIDAD SANTIAK,32887732,1,1,2,1,1,1,1,137,903366.9176,9763273.079,-77.37496684,-2.13742265,SI,NO
16,PASTAZA,680,PASTAZA,3785,ZARAYACU,6,ACHUAR,4189,CECIB ACHUAR,NO,COMUNIDAD ACHUAR,32885145,1,1,2,1,1,1,1,84,892999.021,9775996.486,-77.46827778,-2.02275,SI,NO
16,PASTAZA,881,ARAJUNO,735,CURARAY,7,JAIME ROLDOS,4177,Unidad Educativa Cacique Jumandy,NO,Comunidad Jaime Roldos,32780075,1,1,2,1,1,1,1,158,950269,9846390,-76.95575063,-1.38627249,SI,NO
16,PASTAZA,881,ARAJUNO,735,CURARAY,9,LIKINO,4161,ESPACIO CUBIERTO DE LA COMUNIDAD LIKINO,NO,COMUNIDAD LIKINO,32885052,1,1,2,1,1,1,1,126,878511.3069,9852256.102,-77.59950738,-1.33431448,NO,NO
16,PASTAZA,680,PASTAZA,2450,MONTALVO/ANDOAS,1,MONTALVO /ANDOAS,4169,Unidad Educativa Rio Bobonaza,NO,Parroquia Montalvo,32885145,2,3,5,1,2,1,3,1512,949255.0731,9771598.881,-76.96341873,-2.06125137,SI,NO
16,PASTAZA,685,MERA,5650,MERA,0,,826,"Unidad Educativa ""Fray Jacinto Dávila""",NO,Av. Luis A. Martinez y calle Juan Montalvo,32790775,3,3,6,1,3,1,3,1668,821252,9838249,-78.11328483,-1.46154016,NO,SI
16,PASTAZA,880,SANTA CLARA,6395,SANTA CLARA,1,SANTA CLARA,4157,"Unidad Educativa ""Mons. Antonio Cabri""",SI,Av. 2 de Enero s/n Km 40 Santa Clara,,5,6,11,1,5,1,6,3517,846707,9860432,-77.88502671,-1.2608358,NO,SI
16,PASTAZA,881,ARAJUNO,735,CURARAY,1,CURARAY,4002,CECIB SAN JOSE DE CURARAY,NO,Comunidad San Jose de Curaray,32885145,2,2,4,1,2,1,2,849,951120.211,9847918.644,-76.94814138,-1.3724641,SI,NO
16,PASTAZA,881,ARAJUNO,6705,ARAJUNO,1,ARAJUNO,8166,Unidad Educativa Intercultural Roger MC Cully,SI,Avenida Rio Curaray - Calle Fabian Andy,990491121,6,6,12,1,6,1,6,4033,868491.12,9863393.07,-77.68955462,-1.23384818,NO,SI
16,PASTAZA,680,PASTAZA,2450,MONTALVO/ANDOAS,14,NUEVO SAN JOSÉ DE MONTALVO,6957,U.E BILINGUE NUEVO SAN JOSE,NO,Comunidad Nuevo San José de Montalvo,32886976,1,1,2,1,1,1,1,144,952053,9845600,-76.93974178,-1.39337417,SI,NO
16,PASTAZA,680,PASTAZA,475,CANELOS,1,CANELOS,3626,"Unidad Intercultural Bilingüe Fiscomisional ""Canelos""",NO,Km 36 Vìa Puyo-Canelos calle Tito Vargas,32787056,3,3,6,1,3,1,3,1757,859445.2131,9829168.854,-77.77031336,-1.54308906,NO,SI
16,PASTAZA,680,PASTAZA,1025,10 DE AGOSTO,1,10 DE AGOSTO,2245,Unidad Educativa República Argentina,NO,Calle Justiciano Quinteros,30311262,3,3,6,1,3,1,3,1549,844276.14,9838558.3,-77.90659344,-1.45846883,NO,SI
16,PASTAZA,680,PASTAZA,1260,FATIMA,0,,2242,Unidad Educativa Pio Jaramillo Alvarado,NO,Vía Puyo-Tena Km 7 1/2,32798045,3,3,6,1,3,1,3,1654,834046.742,9841951.106,-77.99846135,-1.42794088,NO,SI
16,PASTAZA,680,PASTAZA,1275,EL TRIUNFO,0,,4173,UNIDAD EDUCATIVA 12 DE FEBRERO,NO,Calle 10 de Noviembre Puyo_Arajuno,33030892,3,3,6,1,3,1,3,1643,857300.9702,9841630.202,-77.78972222,-1.43055556,NO,SI
16,PASTAZA,680,PASTAZA,3055,POMONA,0,,2271,Coliseo Parroquia Pomona,NO,Calle Abel Luna y Gregorio Rodriguez,3030789,1,1,2,1,1,1,1,455,844566.0342,9814523.731,-77.90367207,-1.67559234,NO,SI
16,PASTAZA,680,PASTAZA,4510,SIMON BOLIVAR,9,TSURAKU,8106,Unidad Educativa Comunitaria Intercultural Bilingue Tsantza,NO,Via- Puyo Macas,988417142,1,1,2,1,1,1,1,213,852679.35,9799943.88,-77.83061829,-1.8071792,NO,SI
16,PASTAZA,680,PASTAZA,2450,MONTALVO/ANDOAS,8,NUMBAIMI,4163,CECIB NUMBAIMI,NO,COMUNIDAD NUMBAIMI,32885145,1,1,2,1,1,1,1,56,920544.317,9751294.674,-77.22054424,-2.24518197,SI,NO
16,PASTAZA,680,PASTAZA,475,CANELOS,3,EL NARANJAL,3627,Unidad Educativa Escuela Ciudad de Baños,NO,Comunidad El Naranjal Km 32 Vía Puyo Macas y un desvió de 10 Km,32885145,1,1,2,1,1,1,1,92,859171.9473,9815095.31,-77.77256638,-1.67021627,NO,NO
16,PASTAZA,680,PASTAZA,4766,SHUAR PASTAZA,8,ANKUASH,3720,Escuela CECIB César Yuma,NO,Km 62 Via Puyo-Macas desvio a la izquierda 22 Km Via Chuwitayo-Ankuash,32885145,1,1,2,1,1,1,1,239,869051.7143,9776378.048,-77.68323932,-2.01976057,NO,NO
16,PASTAZA,880,SANTA CLARA,2100,SAN JOSE,0,,2264,Escuela Educación Básica Jhon F. Kennedy,NO,Km 26 Vía Puyo Tena,33031405,2,2,4,1,2,1,2,921,842638.7136,9851084.005,-77.92143978,-1.34533048,NO,SI
16,PASTAZA,680,PASTAZA,4766,SHUAR PASTAZA,4,SAN CARLOS,4182,Escuela de Educacion General Básica Tres de Noviembre,NO,Comunidad San Carlos,32885145,1,1,2,1,1,1,1,258,881366.1075,9771881.361,-77.57261163,-2.06013879,SI,NO
16,PASTAZA,881,ARAJUNO,735,CURARAY,5,TIWINO,4159,Unidad Educativa Intercultural Bilingue Gaita Weno,NO,Vía el Auca Comunidad Tiwino Km 110,32780075,1,1,2,1,1,1,1,177,951844,9875060,-76.94202806,-1.12751764,SI,NO
16,PASTAZA,680,PASTAZA,4766,SHUAR PASTAZA,1,CHUWITAYO,3958,Unidad Educativa Chuwitayo,NO,Vía Puyo-Macas Km 63,32894131,2,1,3,1,2,1,1,746,854675.1837,9788917.46,-77.81252253,-1.9067507,NO,NO
16,PASTAZA,880,SANTA CLARA,6395,SANTA CLARA,2,SAN FRANCISCO DE PUNIN,2267,Escuela Educación General Basica Hualcopo Duchicela,NO,Vía a San Francisco de Punin Km 40,32885145,1,1,2,1,1,1,1,150,850366.2108,9856572.416,-77.85214134,-1.29566166,NO,NO
16,PASTAZA,680,PASTAZA,475,CANELOS,2,CHONTOA,3628,Espacio Cubierto comunidad Chontoa,NO,Km 34 vía Puyo-Canelos,96942916,1,1,2,1,1,1,1,129,854703,9826343,-77.81284017,-1.56868011,NO,NO
16,PASTAZA,881,ARAJUNO,6705,ARAJUNO,3,OBEPARE,4973,Escuela Unidad Educativa Selva Libre de Contaminación,NO,Comunidad Obepare,32885145,1,1,2,1,1,1,1,68,885474.6112,9869570.912,-77.53723214,-1.17786285,SI,NO
16,PASTAZA,680,PASTAZA,4005,TNTE. HUGO ORTIZ,3,BOAYACU,8107,Escuela de educación básica Procer Francisco Miranda,NO,Comunidad Boayacu,995735570,1,1,2,1,1,1,1,76,835866.9,9854370.66,-77.98226243,-1.31571325,NO,NO
16,PASTAZA,680,PASTAZA,2450,MONTALVO/ANDOAS,10,JANDIAYACU,5087,Casa Comunal Jandiayacu,NO,Comunidad Jandiayacu,32885145,1,1,2,1,1,1,1,86,932970.5516,9808138.019,-77.11024286,-1.73180708,SI,NO
16,PASTAZA,680,PASTAZA,2450,MONTALVO/ANDOAS,11,PINDUYACU,5084,Casa Comunal Pinduyacu,NO,Comunidad Pinduyacu,32885145,1,1,2,1,1,1,1,65,989117.2911,9808022.222,-76.60676369,-1.73174327,SI,NO
16,PASTAZA,680,PASTAZA,2450,MONTALVO/ANDOAS,12,KAPAWARI,5036,Escuela Vicente Anda Aguirre,NO,Comunidad Kapawari,32885145,1,1,2,1,1,1,1,65,925614.7165,9770908.658,-77.17548688,-2.06800935,SI,NO
16,PASTAZA,680,PASTAZA,3195,RIO TIGRE,5,YANDANA ENTSA,4676,Casa Comunal Yandana Entsa,NO,Comunidad Yandana Entsa,32885145,1,1,2,1,1,1,1,98,1016417.685,9772985.537,-76.361238,-2.047095,SI,NO
16,PASTAZA,680,PASTAZA,3195,RIO TIGRE,6,NINA AMARUM,5061,Escuela de la Comunidad Nina Amarum,NO,Comunidad Nina Amarum,32889551,1,1,2,1,1,1,1,55,1034524.27,9818776.612,-76.2000779,-1.63379465,SI,NO
16,PASTAZA,680,PASTAZA,2450,MONTALVO/ANDOAS,13,TERESA MAMA,5020,Casa Comunal Teresa Mama,NO,Comunidad Teresa Mama,32885145,1,1,2,1,1,1,1,77,921582.6179,9787071.415,-77.21199957,-1.92219063,SI,NO
16,PASTAZA,680,PASTAZA,3785,ZARAYACU,4,JATUN MOLINO,4184,ESCUELA DE EDUCACION BASICA MUNICIPIO DE PASTAZA,NO,COMUNIDAD JATUN MOLINO,32885145,1,1,2,1,1,1,1,83,909337.343,9797449.243,-77.32206702,-1.82873682,SI,NO
16,PASTAZA,680,PASTAZA,2450,MONTALVO/ANDOAS,5,BUFEO,4183,ESCUELA DE EDUCACION GENERAL BASICA PINTAG,NO,COMUNIDAD BUFEO,32885145,1,1,2,1,1,1,1,168,969199.5281,9757085.716,-76.78417977,-2.19173015,SI,NO
16,PASTAZA,685,MERA,2310,MADRE TIERRA,2,SANTA ANA,2208,Espacio Cubierto Puerto Santa Ana,NO,Puerto Santa Ana,32885145,1,1,2,1,1,1,1,187,837693,9816346,-77.96540076,-1.65922634,NO,NO
16,PASTAZA,680,PASTAZA,3195,RIO TIGRE,4,LOROCACHI,4181,UNIDAD EDUCATIVA BILINGUE LOROCACHI,NO,COMUNIDAD LOROCACHI,32885145,1,1,2,1,1,1,1,251,1058203.601,9820942.689,-75.98802531,-1.61375077,SI,NO
16,PASTAZA,680,PASTAZA,4510,SIMON BOLIVAR,5,CHICO COPATAZA,3975,CECIB Manuel J. Calle,NO,Km 38 Vía Puyo-Macas -Vía Villaflora,32885148,1,1,2,1,1,1,1,115,858001.7865,9808543.055,-77.78297195,-1.72941935,NO,NO
16,PASTAZA,680,PASTAZA,1025,10 DE AGOSTO,2,SAN RAMON,2270,Unidad Educativa San Ramon,NO,Km 20 Vía alterna 10 de Agosto-Tena,98262652,1,1,2,1,1,1,1,175,849142.3581,9844611.071,-77.86298734,-1.40372958,NO,SI
16,PASTAZA,680,PASTAZA,4766,SHUAR PASTAZA,6,COPATAZA,4162,Escuela CECIB YAPAM,NO,Comunidad Copataza,32885145,1,1,2,1,1,1,1,281,895294.5484,9768502.744,-77.44752553,-2.09037092,SI,NO
16,PASTAZA,680,PASTAZA,3985,TARQUI,3,SAN JACINTO,2203,Escuela Luis Antonio Aguilar,NO,Comunidad San Jacinto Km 15 Via Puyo-San Jacinto,32885145,1,1,2,1,1,1,1,330,835673.5662,9831398.93,-77.98372874,-1.5232567,NO,SI
16,PASTAZA,680,PASTAZA,3985,TARQUI,4,SAN PEDRO,2283,Unida Educativa Intercultural Bilingüe San Pedro,NO,Km 16 Vìa Macas Margen derecho 5 km a 300 metros del puente,32885145,1,1,2,1,1,1,1,213,844184.3447,9823819.221,-77.90722718,-1.59162258,NO,SI
16,PASTAZA,685,MERA,2310,MADRE TIERRA,3,AMAZONAS,2199,CECIB General Calicuchima,NO,Comunidad Amazonas,32885145,1,1,2,1,1,1,1,259,832203.681,9820207.745,-78.0147357,-1.62441146,NO,SI
16,PASTAZA,685,MERA,2310,MADRE TIERRA,4,NUEVA VIDA,2147,Espacio Cubierto Comunidad Nueva Vida,NO,Km 20 Via Puyo-Tarqui-Nueva Vida,32885145,1,1,2,1,1,1,1,200,836551.1727,9823987.145,-77.97575467,-1.59020781,NO,SI
16,PASTAZA,881,ARAJUNO,735,CURARAY,8,MEÑEMPARE,2587,CECIB DAIME,NO,kM 154 Via-Puyo- Tena- Meñempare,32885145,1,1,2,1,1,1,1,92,901560.8997,9879629.05,-77.39302778,-1.08686111,SI,NO
16,PASTAZA,680,PASTAZA,3785,ZARAYACU,11,LLANCHAMA COCHA,5041,Escuela CECIB RIO CENEPA LLANCHAMACOCHA,NO,Comunidad Llanchamacocha,32885145,1,1,2,1,1,1,1,56,911530.48,9819756.843,-77.302779,-1.627297,SI,NO
16,PASTAZA,680,PASTAZA,4766,SHUAR PASTAZA,3,SHARUPI,3982,CECIB Sharup,NO,Comunidad Sharup,32895145,1,1,2,1,1,1,1,172,876688.6146,9784674.129,-77.61483663,-1.94469373,NO,NO
16,PASTAZA,680,PASTAZA,3195,RIO TIGRE,1,SURAKA,4171,CECIB Tekerika Suraka,NO,COMUNIDAD SURAKA,32885145,1,1,2,1,1,1,1,162,995713.5438,9783394.812,-76.54708293,-1.95373678,SI,NO
16,PASTAZA,680,PASTAZA,3785,ZARAYACU,1,ZARAYACU,8108,CECIB KAWSAK SACHA,NO,S/N,0,2,2,4,1,2,1,2,1325,890959,9808180,-77.48716836,-1.73216967,SI,NO
16,PASTAZA,881,ARAJUNO,735,CURARAY,10,PAPARAWA,5019,"Unidad Educativa Intercultural ""Monte Sinai""",NO,Comunidad Paparawa,32885145,1,1,2,1,1,1,1,146,897898,9835030,-77.42532422,-1.4896098,NO,NO
16,PASTAZA,680,PASTAZA,3985,TARQUI,1,TARQUI,5727,Unidad Educativa del Milenio Tarqui,NO,A Km 1 1/2 Vìa a Madre Tierra,32253512,5,4,9,1,5,1,4,3091,833498,9830644,-78.00325031,-1.53010478,NO,SI
16,PASTAZA,680,PASTAZA,4005,TNTE. HUGO ORTIZ,1,TNTE. HUGO ORTIZ,2262,Espacio Cubierto Parroquia Teniente Hugo Ortiz,NO,Km 18 Vía Puyo Tena,793657,2,2,4,1,2,1,2,861,839073,9848027,-77.95341199,-1.37298913,NO,SI
16,PASTAZA,680,PASTAZA,4205,VERACRUZ,0,,854,Unidad Educativa Veracruz,SI,Via Puyo Macas Km6 1/2,32785005,4,4,8,1,4,1,4,2545,840454.3032,9833145.513,-77.94083333,-1.50741667,NO,SI
16,PASTAZA,680,PASTAZA,4510,SIMON BOLIVAR,1,SIMON BOLIVAR,842,Unidad Educativa Musullacta,SI,Vía Puyo-Macas Km 37,32539012,5,5,10,1,5,1,5,3279,851115.5452,9809686.521,-77.84480556,-1.71919444,NO,SI
16,PASTAZA,680,PASTAZA,5825,PUYO,0,,940,Unidad Educativa Francisco de Orellana,SI,Calle Sucumbios y Av. de los Pindos,32792265,5,5,10,42,46,42,46,3500,832757,9834648,-78.00995225,-1.49393858,NO,SI
16,PASTAZA,680,PASTAZA,5825,PUYO,0,,954,Unidad Educativa Comunitaria Intercultural Bilingue Amauta Ñampi,NO,Calle González Suárez y Juan Montalvo,32889311,6,6,12,1,6,1,6,4200,832717,9835678,-78.0103239,-1.48463317,NO,SI
16,PASTAZA,680,PASTAZA,5825,PUYO,0,,985,Unidad Educativa Fray Alvaro Valladares Colegio,SI,Calle González Suárez y Juan Montalvo,32884770,6,6,12,7,12,7,12,4200,832666.107,9835785.45,-78.01078209,-1.483663,NO,SI
16,PASTAZA,680,PASTAZA,5825,PUYO,0,,991,Unidad Educativa Andoas,SI,Calle Francisco de Orellana entre Cumanda,32885222,6,6,12,13,18,13,18,4200,833481.709,9835458.269,-78.00345612,-1.48660904,NO,SI
16,PASTAZA,680,PASTAZA,5825,PUYO,0,,1142,Unidad Educativa Primero de Mayo Escuela,NO,Calle Manabí y Cotopaxi,32883031,6,6,12,31,36,31,36,4200,833683.117,9836269.673,-78.00165788,-1.47927571,NO,SI
16,PASTAZA,680,PASTAZA,5825,PUYO,0,,1169,"Unidad Educativa ""San Vicente Ferrer""",SI,Calle Ceslao Marin y Alvaro Valladares,32885173,5,5,10,37,41,37,41,3500,833314.023,9835672.895,-78.00496412,-1.48467199,NO,SI
16,PASTAZA,680,PASTAZA,5825,PUYO,0,,1003,Unidad Educativa Enrique Vacas Galindo,SI,Calle Manabí y Ceslao Marín,32885365,6,6,12,19,24,19,24,4200,833568.907,9835628.842,-78.00267539,-1.48506688,NO,SI
16,PASTAZA,680,PASTAZA,5825,PUYO,0,,1010,Unidad Educativa Primero de Mayo Colegio,SI,Calle Manabí y Cotopaxi,32883031,6,6,12,25,30,25,30,4200,833674.47,9836362.978,-78.00173664,-1.47843282,NO,SI
16,PASTAZA,680,PASTAZA,5825,PUYO,0,,5795,Unidad Educativa 12 de Mayo,SI,Av. Alberto Zambrano y Amazonas,32886644,5,4,9,47,51,47,50,2888,834175.5657,9834791.154,-77.99721896,-1.49262773,NO,SI
16,PASTAZA,685,MERA,2310,MADRE TIERRA,1,MADRE TIERRA,2191,Coliseo Parroquial Madre Tierra,NO,Calle Las Palmas,33031155,3,2,5,1,3,1,2,1468,829939,9829211,-78.03518403,-1.54309672,NO,SI
16,PASTAZA,685,MERA,3840,SHELL,0,,925,Unidad Educativa Camilo Gallegos Dominguez,SI,Av. de las Cooperativas y calle Albino Arce,32795234,5,5,10,1,5,1,5,3500,828274.8137,9835805.577,-78.05020556,-1.48353444,NO,SI
16,PASTAZA,685,MERA,3840,SHELL,0,,5794,Unidad Educativa Cristobal Colón,NO,Av. 10 de Noviembre y las Balsas,32795217,6,4,10,6,11,6,9,3328,827098,9834317,-78.0607529,-1.49699829,NO,SI
16,PASTAZA,680,PASTAZA,3985,TARQUI,2,PUTUIMI,2172,CECIB 6 de Diciembre,NO,Via Puyo-Tarqui-Putuimi Km11,32530818,1,1,2,1,1,1,1,258,832604.2745,9827811.1,-78.01123806,-1.5557109,NO,SI
17,PICHINCHA,60,QUITO,7135,CARCELEN,2,BALCON DEL NORTE,248,ISM WEST - EX COLEGIO ALBERTO EINSTEIN,SI,DIEGO DE VASQUEZ DE CEPEDA Y ALBERT EINSTEIN,23932570,5,4,9,1,5,1,4,3096,780658.3077,9989827.462,-78.47861111,-0.09194444,NO,NO
17,PICHINCHA,60,QUITO,7165,GUAMANI,2,NUEVA AURORA,251,E.F.M. NUEVA AURORA,SI,QUTUMBE ÑAN S49-43 Y LUIS CHIPANTIZA,2694636,8,8,16,1,8,1,8,5600,772302.56,9964665.5,-78.55359652,-0.31938895,NO,NO
17,PICHINCHA,60,QUITO,7165,GUAMANI,2,NUEVA AURORA,6972,U.E. MEJIA D7,SI,CALLE S46 CALLE OE2D,23731640,8,5,13,9,16,9,13,4609,772738,9965718,-78.54968909,-0.30987448,NO,NO
17,PICHINCHA,60,QUITO,7165,GUAMANI,3,PLAN VICTORIA,393,ESCUELA CARLOS GUERRA BOADA,SI,BARRIO HEROES DE PAQUISHA AV. PRINCIPAL S/N Y TRANSVERSAL 14,3003506,7,5,12,1,7,1,5,3938,771247.9235,9961999.766,-78.56305986,-0.34348699,NO,NO
17,PICHINCHA,60,QUITO,2690,PACTO,3,PACHIJAL,3907,ESCUELA RIO PACHIJAL,NO,CALLE PRINCIPAL Y OE 35,0,1,1,2,1,1,1,1,199,731701.7404,10009889.36,-78.91821372,0.08941265,SI,SI
17,PICHINCHA,60,QUITO,4085,TUMBACO,3,LA MORITA,3822,U.E. TUMBACO,NO,JOSE VINUEZA (TOLA CHICA) E12-183 Y ALFREDO DONOSO,2048391,4,3,7,1,4,1,3,2426,792055.9445,9975138.258,-78.37627053,-0.22469458,NO,NO
17,PICHINCHA,60,QUITO,4085,TUMBACO,4,TOLA CHICA,3661,ACADEMIA MILITAR GENERAL MIGUEL ITURRALDE 2,NO,CALLE BOYACA Y AVENIDA INTEROCEANICA KM 17 1/2,22370642,3,3,6,1,3,1,3,1904,790411.7501,9976463.922,-78.39103317,-0.21271607,NO,NO
17,PICHINCHA,895,PEDRO VICENTE MALDONADO,6415,PEDRO VICENTE MALDONADO,3,ANDOAS,3645,E.E.B. ANDOAS,NO,CALLE 28 DE MAYO,3862066,1,1,2,1,1,1,1,469,722852.44,10008385.9,-78.99769008,0.07582323,NO,NO
17,PICHINCHA,60,QUITO,7180,JIPIJAPA,1,JIPIJAPA,252,INSTITUCIÓN EDUCATIVA CENTRAL TECNICO,SI,GASPAR DE VILLAROEL Y ISAL SEYMUR,22240977,18,18,36,1,18,1,18,12600,780293.875,9981305.858,-78.48187533,-0.16896734,NO,NO
17,PICHINCHA,60,QUITO,7180,JIPIJAPA,1,JIPIJAPA,1546,I.E. CENTRAL TECNICO BLOQUE OCCIDENTAL.,SI,AV GASPAR DE VILLARROEL,3360431,6,6,12,19,24,19,24,4201,780132.8887,9981319.58,-78.48332069,-0.1688435,NO,NO
17,PICHINCHA,60,QUITO,7215,MARISCAL SUCRE,1,MARISCAL SUCRE,245,U.E. PEDRO PABLO BORJA 2,SI,AV. 9 DE OCTUBRE 2320 VEINTIMILLA,2502797,7,6,13,1,7,1,6,4327,778904.222,9977787.491,-78.4943473,-0.2007701,NO,NO
17,PICHINCHA,60,QUITO,7155,CHILIBULO,1,CHILIBULO,489,U.E. REPUBLICA DE IRAK,SI,CHILIBULO Oe10-392 Y PELILEO,3102808,7,7,14,1,7,1,7,4509,773228.8131,9973312.928,-78.54529634,-0.24122325,NO,NO
17,PICHINCHA,60,QUITO,7190,LA ARGELIA,1,LA ARGELIA,352,COLEGIO GONZALO ESCUDERO,SI,ZUMBAGUA N215-164 Y CATARAMA Y BALZAR,22678670,8,8,16,1,8,1,8,5600,775609.36,9970017.73,-78.52391699,-0.27100401,NO,NO
17,PICHINCHA,60,QUITO,7190,LA ARGELIA,1,LA ARGELIA,6881,E.E.B VIRGINIA LARENAS,SI,AV. MALDONADO S1508 PUNGALA,2670760,9,8,17,9,17,9,16,5638,775169,9970410,-78.52787144,-0.26745916,NO,NO
17,PICHINCHA,60,QUITO,7260,TURUBAMBA,1,TURUBAMBA,576,U.E. MUNICIPAL BICENTENARIO,SI,AV. EL BEATERIO S48 Y E 2 D,22698620,14,13,27,1,14,1,13,9036,773234.3443,9965081.264,-78.54523128,-0.31562887,NO,NO
17,PICHINCHA,60,QUITO,7130,BELISARIO QUEVEDO,1,BELISARIO QUEVEDO,496,U.E.CARDENAL SPELLMAN FEMENINO,SI,MERCADILLO Oe-340 ENTRE ULLOA Y VERSALLES,2224578,11,10,21,1,11,1,10,7348,778418.1626,9978150.367,-78.49871172,-0.19749087,NO,NO
17,PICHINCHA,60,QUITO,7145,COCHAPAMBA,1,COCHAPAMBA,255,UNIDAD EDUCATIVA PARTICULAR BILINGUE INTISANA,SI,AV. MARISCAL SUCRE 46-33 MARCOS JOFRE,2440128,6,6,12,1,6,1,6,4200,778596,9982678,-78.49712056,-0.15656705,NO,NO
17,PICHINCHA,60,QUITO,7145,COCHAPAMBA,1,COCHAPAMBA,8004,U.E.P. RUDOLF STEINER,SI,FRANCISCO MONTALVO Y LEONOR STACEY,2443315,7,6,13,7,13,7,12,4287,778386.08,9982853.4,-78.49900544,-0.1549819,NO,NO
17,PICHINCHA,60,QUITO,7160,EL CONDADO,1,EL CONDADO,1542,U.E. CHARLES DARWIN,SI,JUAN PROCEL 0E5-15 Y RUMIHURCO,2492061,6,6,12,1,6,1,6,4200,778506,9988523,-78.4979338,-0.10373636,NO,NO
17,PICHINCHA,60,QUITO,7160,EL CONDADO,1,EL CONDADO,1033,U.E. JUAN PABLO SEGUNDO FE Y ALEGRIA,SI,JOSE MIGUEL CARRION N71-187 Y AV OCCIDENTAL,2490768,6,6,12,7,12,7,12,4200,777953,9988204,-78.50289849,-0.10662009,NO,NO
17,PICHINCHA,60,QUITO,7160,EL CONDADO,1,EL CONDADO,8037,COLEGIO MARIA ANGELICA IDROVO,SI,YANACONA,3393293,21,18,39,13,33,13,30,13369,777203.47,9988534.5,-78.50962815,-0.10363334,NO,NO
17,PICHINCHA,60,QUITO,7195,LA CONCEPCION,1,LA CONCEPCION,879,U.E. LOS PINOS,SI,AGUSTIN ZAMBRANO S/ ENTRE PAJUELO Y TOMAS CHARIOVE,2434047,10,9,19,1,10,1,9,6260,778593.478,9983065.531,-78.49714361,-0.15306431,NO,NO
17,PICHINCHA,60,QUITO,7210,LA MENA,1,LA MENA,923,ESCUELA OSWALDO VACA LARA,SI,ALONSO DE ROBLES Y RIO CONURIS,2629196,6,6,12,1,6,1,6,4200,772235.6936,9971777.278,-78.55421056,-0.25510564,NO,NO
17,PICHINCHA,60,QUITO,7210,LA MENA,1,LA MENA,6913,U.E. DEL MILENIO REPLICA 24 DE MAYO,SI,RIO CONURISS S/N CRISTOBAL DE PALACIOS,3027811,9,8,17,7,15,7,14,5757,772722,9971537,-78.54984381,-0.25727667,NO,NO
17,PICHINCHA,60,QUITO,7230,QUITUMBE,1,QUITUMBE,918,U.E.M. QUITUMBE,SI,AV. RUMICHACA S/N Y AV. MORAN VALVERDE,2622782,16,16,32,1,16,1,16,11200,772789.9034,9968668.537,-78.54922894,-0.28320453,NO,NO
17,PICHINCHA,60,QUITO,7230,QUITUMBE,1,QUITUMBE,6728,U.E. FRANCISCANA SAN ANDRÉS QUITUMBE,SI,AV. QUITUMBE ÑAN S32-51,2736469,17,15,32,17,33,17,31,11041,773263,9968203,-78.54498031,-0.28741159,NO,NO
17,PICHINCHA,60,QUITO,7140,CENTRO HISTORICO,1,CENTRO HISTORICO,1201,U.E.P. SAN PEDRO PASCUAL,SI,CHILE OE 6-234 E IMBABURA,22955703,10,10,20,21,30,21,30,7000,776669.0201,9975909.229,-78.51441277,-0.21775031,NO,NO
17,PICHINCHA,60,QUITO,7140,CENTRO HISTORICO,1,CENTRO HISTORICO,539,COLEGIO LA PROVIDENCIA,SI,BENALCAZAR Y ESPEJO,22954502,10,10,20,11,20,11,20,7000,776729.3621,9975705.641,-78.5138707,-0.2195904,NO,NO
17,PICHINCHA,60,QUITO,7140,CENTRO HISTORICO,1,CENTRO HISTORICO,565,U.E. SAN FERNANDO,SI,FLORES Y BOLIVAR,22283770,10,10,20,31,40,31,40,7000,776930.2939,9975163.037,-78.51206585,-0.22449455,NO,NO
17,PICHINCHA,60,QUITO,7140,CENTRO HISTORICO,1,CENTRO HISTORICO,546,U.E.P SAN ANDRES,SI,IMBABURA Y ALIANZA,22584350,10,10,20,1,10,1,10,7000,776491.2251,9975717.501,-78.51600878,-0.21948356,NO,NO
17,PICHINCHA,60,QUITO,7140,CENTRO HISTORICO,1,CENTRO HISTORICO,1056,UNIDAD EDUCATIVA SAGRADOS CORAZONES CENTRO,NO,SUCRE Y GUAYAQUIL,22583204,4,5,9,41,44,41,45,2860,776918.8671,9975340.038,-78.51216871,-0.2228947,NO,NO
17,PICHINCHA,60,QUITO,7195,LA CONCEPCION,2,SAN CARLOS,350,UNIDAD EDUCATIVA DIARIO EL COMERCIO,SI,PEDRO ALVARADO N56-193 RUPERTO,2530958,9,9,18,1,9,1,9,6300,778170.3016,9985020.379,-78.50094488,-0.13539557,NO,NO
17,PICHINCHA,60,QUITO,7195,LA CONCEPCION,2,SAN CARLOS,6767,C.D.I. BANCO ECUATORIANO DE LA VIVIENDA,NO,LUIS ROBALINO OE7-122 Y HERNAN CORTES,22531903,5,1,6,10,14,10,10,1825,778286,9985144,-78.49990624,-0.13427809,NO,NO
17,PICHINCHA,60,QUITO,7185,KENNEDY,2,RUMIÑAHUI,1215,ESCUELA REPUBLICA DE ITALIA,SI,PASAJE QUILAGO Y FRANCISCO SALAMBA,2475260,6,4,10,13,18,13,16,3101,779974,9985891,-78.48475187,-0.12752474,NO,NO
17,PICHINCHA,60,QUITO,7185,KENNEDY,2,RUMIÑAHUI,309,U.E. ELOY ALFARO,SI,AV LUIS TUFIÑO Y MARIA TIGSILEMA,22290945,12,12,24,1,12,1,12,8400,779505.1291,9986059.831,-78.48896157,-0.12599916,NO,NO
17,PICHINCHA,60,QUITO,7155,CHILIBULO,2,CUARTEL MARISCAL SUCRE,272,COLEGIO MILITAR ABDON CALDERON,NO,MARISCAL SUCRE SN Y MICHELENA,2662695,4,4,8,1,4,1,4,2478,774326.5721,9972690.304,-78.53543909,-0.24684929,NO,NO
17,PICHINCHA,65,CAYAMBE,480,CANGAHUA,2,CHUMILLOS,3877,ESCUELA FISCAL IGUAMBA ANDRADE,NO,VIA PRINCIPAL,0,1,1,2,1,1,1,1,88,808909.0351,9987513.786,-78.225,-0.11283333,NO,NO
17,PICHINCHA,65,CAYAMBE,480,CANGAHUA,5,SANTA ROSA DE PACCHA,4139,ESCUELA MANUEL AGUILAR,NO,VIA PRINCIPAL,0,1,1,2,1,1,1,1,96,812794,9990788,-78.19013094,-0.08324297,NO,NO
17,PICHINCHA,60,QUITO,7135,CARCELEN,1,CARCELEN,260,COLEGIO RUMANIA,SI,FRANCISCO BURGUEÑO Y FRANCISCO GARCIA,2472996,12,12,24,1,12,1,12,8400,781460.2761,9990421.823,-78.47141142,-0.08657183,NO,NO
17,PICHINCHA,60,QUITO,7135,CARCELEN,1,CARCELEN,322,U.E. LIGDANO CHAVEZ,SI,PASAJE GASPAR CAÑERO Y HERNANDO ANDINO,2471253,12,12,24,13,24,13,24,8400,781821,9990394,-78.46817285,-0.08682309,NO,NO
17,PICHINCHA,60,QUITO,7135,CARCELEN,1,CARCELEN,75,ESCUELA FISCAL CARCELEN,SI,FRANCISCO CHAVEZ Oe3-112 y JORGE GUTIERREZ,2472077,12,9,21,25,36,25,33,7045,781254.3901,9990077.882,-78.47325965,-0.08968065,NO,NO
17,PICHINCHA,60,QUITO,2275,LLOA,3,SAN JUAN DE LLOA,3695,ESCUELA FISCAL MIXTA WIMPER,NO,VIA A CHIRIBOGA Km 22 SAN JUAN DE CHILLOGALLO,0,1,1,2,1,1,1,1,51,765215.7359,9973465.846,-78.61724412,-0.23985385,SI,SI
17,PICHINCHA,70,MEJIA,3960,TAMBILLO,2,EL MURCO,3648,ESCUELA CARLOS FREIRE LARREA,NO,CARLOS BRITO,3680162,1,1,2,1,1,1,1,312,773107.9087,9951918.026,-78.54633333,-0.43461111,NO,NO
17,PICHINCHA,60,QUITO,2980,PUELLARO,3,ALCHIPICHI,3886,E.E.B. LEONIDAS GARCIA,NO,CALLE SIMON BOLIVAR Y CHE GUEVARA,22168038,1,1,2,1,1,1,1,497,788797.7,10004491.3,-78.4055404,0.04059227,SI,SI
17,PICHINCHA,60,QUITO,7210,LA MENA,3,SANTA BARBARA,889,ESCUELA CAMILO GALLEGOS,SI,ARSENIO ANDRADE S24-36 Y CALLE A,2635792,6,4,10,1,6,1,4,3324,772130.22,9970779.15,-78.55515584,-0.26412792,NO,NO
17,PICHINCHA,60,QUITO,5540,LA MAGDALENA,2,EL PINTADO,1192,ESCUELA ESTADOS UNIDOS DE NORTE AMERICA,SI,PEDRO DE ALFARO OE1-185 Y FRANCISCO RUIZ,2662273,7,7,14,1,7,1,7,4388,775874.5017,9972587.95,-78.52154097,-0.24777184,NO,NO
17,PICHINCHA,60,QUITO,7185,KENNEDY,3,DAMMER - LOS ALAMOS,463,I.T. LOS SHYRIS,SI,LAS CUCARDAS E8-145 AV. 06 DE DICIEMBRE,22404025,7,5,12,1,7,1,5,3932,781107.415,9983799.209,-78.47457407,-0.14643032,NO,NO
17,PICHINCHA,60,QUITO,2855,PIFO,2,SIGSIPAMBA,6946,E.E.B. AVIACIÓN DEL EJERCITO,NO,"SIGSIPAMBA KM 3,5 VIA A PAPALLACTA",2381334,1,1,2,1,1,1,1,356,799018,9973497,-78.31376864,-0.23951569,SI,SI
17,PICHINCHA,60,QUITO,2855,PIFO,3,PALUGO,6903,E.E.G.B FISCAL PIFO,NO,ALFREDO BUSTAMANTE S/N Y TOMAS,2380946,1,1,2,1,1,1,1,510,796643,9972766,-78.33508763,-0.24612627,SI,SI
17,PICHINCHA,60,QUITO,2855,PIFO,4,LA VIRGINIA,6914,E.E.B. ISAAC J. BARRERA,NO,VIA PAPALLACTA KM 6 1/2 S/N MARGEN DERECHO,0,1,1,2,1,1,1,1,193,801409.7693,9970951.594,-78.29229346,-0.26251463,SI,SI
17,PICHINCHA,60,QUITO,2530,NANEGALITO,2,SANTA ELENA,6965,COLISEO DE SANTA ELENA,NO,VIA A PACTO COMUNIDAD SANTA ELENA,0,1,1,2,1,1,1,1,274,754204.3955,10010010.64,-78.71613557,0.09049695,NO,NO
17,PICHINCHA,60,QUITO,3325,SAN ANTONIO,2,RUMICUCHO,6866,E.E.G.B. 29 DE JUNIO,NO,AV. DE LAS CULTURAS,3436530,1,1,2,1,1,1,1,601,785682,10001357,-78.43351242,0.01226481,NO,NO
17,PICHINCHA,60,QUITO,440,CALDERON,8,BICENTENARIO,6947,U.E. REPLICA JUAN PIO MONTUFAR,NO,JUAN PIO MONTUFAR 18-71 Y TAJAMAR,0,5,4,9,1,5,1,4,2644,783640.4896,9992422.52,-78.45183881,-0.0684876,NO,NO
17,PICHINCHA,60,QUITO,7260,TURUBAMBA,7,SANTO THOMAS,172,E.E.B. VALENCIA HERRERA,SI,A E2 B S57O y S57,3070358,8,6,14,1,8,1,6,4778,772921.74,9962946.52,-78.54803336,-0.33492543,NO,NO
17,PICHINCHA,60,QUITO,7230,QUITUMBE,2,EJERCITO NACIONAL,999,E.E.B. ECONOMISTA ABDON CALDERON MUÑOZ,SI,AV. MARISCAL SUCRE S/N Y EMILIO UZCATEGUI,3050565,8,6,14,1,8,1,6,4666,771735.78,9966342.73,-78.55868894,-0.30422961,NO,NO
17,PICHINCHA,60,QUITO,7230,QUITUMBE,4,NUEVOS HORIZONTES DEL SUR,3828,ESCUELA MARCELINO CHAMPAGÑAN,NO,CALLE J S40-62 Y CALLE I,23073653,3,3,6,1,3,1,3,1801,775242,9966215,-78.52720788,-0.30537692,NO,NO
17,PICHINCHA,60,QUITO,7230,QUITUMBE,5,PUEBLO SOLO PUEBLO,1417,ESCUELA CARLOS PONCE MARTINEZ,SI,QUITUMBE ÑAN Y HUAYANAY ÑAN,22692943,10,7,17,1,10,1,7,5816,772596.6885,9966289.686,-78.55095905,-0.30470731,NO,NO
17,PICHINCHA,60,QUITO,7230,QUITUMBE,6,PUEBLO UNIDO,170,U.E. AURELIO BAYAS,NO,PASAJE 1 E INTERSECCIÓN 4,22682997,5,4,9,1,5,1,4,2895,774735.5049,9967188.42,-78.53175741,-0.29657937,NO,NO
17,PICHINCHA,60,QUITO,7230,QUITUMBE,7,SALVADOR ALLENDE,176,E.F.M. RAFAEL CRUZ CEVALLOS,SI,JOSE RIVADENEIRA Y NICOLAS ROCHA,22670358,8,6,14,1,8,1,6,4631,774175,9967416,-78.53679035,-0.29452343,NO,NO
17,PICHINCHA,60,QUITO,7235,RUMIPAMBA,2,GRANDA CENTENO,6209,SEDE SOCIAL IESS,NO,AV. NACIONES UNIDAS Y VERACRUZ,2235900,5,4,9,1,5,1,4,2849,779292,9980635,-78.49086945,-0.17503212,NO,NO
17,PICHINCHA,60,QUITO,7235,RUMIPAMBA,3,QUITO TENNIS,307,U.E. LICEO POLICIAL,SI,HIDALGO DE PINTO Y AV. BRASIL,2272832,15,13,28,1,15,1,13,9501,779345.2802,9982059.711,-78.49039275,-0.1621547,NO,NO
17,PICHINCHA,60,QUITO,7235,RUMIPAMBA,4,SAN GABRIEL,239,COLEGIO SAN GABRIEL,SI,AV AMERICA Y AV MARIANA DE JESUS,22255393,14,12,26,1,14,1,12,8725,778603.8831,9979674.242,-78.49704628,-0.18371688,NO,NO
17,PICHINCHA,60,QUITO,7240,SAN BARTOLO,2,BARRIONUEVO,327,I.E.F. ANDRES F CORDOVA,SI,CALLE OE5X - S12-27 Y EL CANELO,2647312,10,8,18,1,10,1,8,5907,774198.11,9972061.47,-78.53659143,-0.25253347,NO,NO
17,PICHINCHA,60,QUITO,7240,SAN BARTOLO,3,QUITO SUR,358,U.E. CONSEJO PROVINCIAL DE PICHINCHA,SI,AJAVI OE4-154 Y AV. CARDENAL DE LA TORRE,2680167,20,20,40,1,20,1,20,14000,774301.824,9970784.302,-78.53565801,-0.26407747,NO,NO
17,PICHINCHA,60,QUITO,7240,SAN BARTOLO,3,QUITO SUR,5254,ESCUELA CONCENTRACIÓN DEPORTIVA DE PICHINCHA,SI,PASAJE JUAN CALDERON Y JUAN CAMACARO,2663046,8,8,16,21,28,21,28,5600,774344.71,9971860.96,-78.53527484,-0.2543456,NO,NO
17,PICHINCHA,60,QUITO,7240,SAN BARTOLO,3,QUITO SUR,6845,U.E. POLICIA NACIONAL,SI,ROSA YEIRA S/N PIO DURE,2668384,9,8,17,29,37,29,36,5676,774749,9972026,-78.53164522,-0.25285313,NO,NO
17,PICHINCHA,60,QUITO,7240,SAN BARTOLO,4,CLEMENTE BALLEN,921,I.T.S. CINCO DE JUNIO,SI,EL CALZADO OE1 - 389 Y PINLLAPATA,2648261,6,4,10,1,6,1,4,3378,775351.26,9971352.98,-78.52623671,-0.2589354,NO,NO
17,PICHINCHA,60,QUITO,7240,SAN BARTOLO,5,EL CALZADO,334,ESCUELA OSWALDO GUAYASAMIN,SI,FRANCISCO FUENTES OE4-19 Y GASPAR CUJIAS,2624786,9,9,18,1,9,1,9,6054,774726.38,9971203.17,-78.53184689,-0.26029062,NO,NO
17,PICHINCHA,60,QUITO,7245,SAN ISIDRO DEL INCA,1,SAN ISIDRO DEL INCA,871,"U.E. FISCOMISIONAL""PEDRO LUIS CALERO""",SI,DE LOS OLIVOS E14-135 Y DE LOS NOGALES,22812226,5,5,10,1,5,1,5,3500,782130.8094,9983483.085,-78.46538575,-0.14928653,NO,NO
17,PICHINCHA,60,QUITO,7245,SAN ISIDRO DEL INCA,1,SAN ISIDRO DEL INCA,6787,COLEGIO PARTICULAR CÓRDOVA,NO,CALIFORNIA ALTA E15-191 Y E15F,3261423,6,6,12,6,11,6,11,4200,782443,9983640,-78.46258309,-0.14786795,NO,NO
17,PICHINCHA,60,QUITO,7245,SAN ISIDRO DEL INCA,1,SAN ISIDRO DEL INCA,7961,ESCUELA 12 DE OCTUBRE,NO,DE LAS ALGAS Y DE LAS FUCSIA,23260291,7,7,14,12,18,12,18,4596,781874.92,9983630.8,-78.46768326,-0.14795169,NO,NO
17,PICHINCHA,60,QUITO,7245,SAN ISIDRO DEL INCA,2,AMAGASI,5271,U.E. HONTANAR,NO,DE LAS NUECES E17-121 Y CANELOS,3261266,4,3,7,1,4,1,3,2206,783192.8881,9985141.989,-78.45585216,-0.13429169,NO,NO
17,PICHINCHA,60,QUITO,7245,SAN ISIDRO DEL INCA,3,LA QUINTANA,880,U.E.P. FRANCIS BACON,NO,VENTURA AGUILERA 57-108 Y LEONARDO MURIALDO,3280556,5,4,9,1,5,1,4,2661,781155.5521,9985459.938,-78.47414349,-0.13141984,NO,NO
17,PICHINCHA,60,QUITO,7245,SAN ISIDRO DEL INCA,4,LOS ALAMOS,874,U.E. LETORT,NO,DE LOS ALAMOS E13-20 Y GUAYACANES,3260222,5,4,9,1,5,1,4,3009,782076.3417,9984058.25,-78.46587534,-0.14408801,NO,NO
17,PICHINCHA,60,QUITO,7245,SAN ISIDRO DEL INCA,5,SOLCA,877,COLEGIO CAMILO PONCE ENRIQUEZ,SI,FRESNOS Y GUYACANES E12-78,2407297,10,10,20,1,10,1,10,7000,781833.9114,9985254.786,-78.46805302,-0.13327346,NO,NO
17,PICHINCHA,60,QUITO,7245,SAN ISIDRO DEL INCA,5,SOLCA,6748,U.E. TOMÁS MORO,SI,DE LAS ORQUIDEAS SN Y DE LOS GUAYACANES,99916902,4,3,7,11,14,11,13,2322,782167,9984631,-78.46506198,-0.13891118,NO,NO
17,PICHINCHA,60,QUITO,7250,SAN JUAN,2,BARRIO LARREA,277,COLEGIO SIMON BOLIVAR,SI,RIO DE JANEIRO OE2-140 Y MANUEL LARREA,23947180,6,7,13,1,6,1,7,4341,778010,9976886,-78.50237453,-0.2089196,NO,NO
17,PICHINCHA,60,QUITO,7250,SAN JUAN,3,EL PLACER - EL TEJAR,866,U.E. RAFAEL LARREA ANDRADE,SI,EL PLACER 109 Y BAÑOS,22952998,11,11,22,1,11,1,11,7747,776264.81,9975982.35,-78.518042,-0.21708999,NO,NO
17,PICHINCHA,60,QUITO,7250,SAN JUAN,4,LA AMERICA,682,I.N. MEJIA BLOQUE 2,SI,CALLE MATOVELLE Y VARGAS,2954883,8,9,17,15,22,15,23,5487,777661.1218,9976383.4,-78.50550611,-0.21346295,NO,NO
17,PICHINCHA,60,QUITO,7250,SAN JUAN,4,LA AMERICA,839,INSTITUTO NACIONAL MEJIA,SI,VARGAS Y ARENAS,22565818,14,14,28,1,14,1,14,9800,777690.13,9976500.1,-78.50524584,-0.21240809,NO,NO
17,PICHINCHA,60,QUITO,7250,SAN JUAN,5,MIRAFLORES BAJO,1023,COLEGIO FRANCISCO FEBRES CORDERO LA SALLE,NO,ASUNCION Y ESTADOS UNIDOS,23215987,3,3,6,1,3,1,3,1834,777551.659,9977230.711,-78.5064901,-0.20580453,NO,NO
17,PICHINCHA,60,QUITO,7250,SAN JUAN,6,TOCTIUCO,667,COLEGIO NACIONAL PICHINCHA,SI,GUATEMALA OE-628 Y ALVARO DE CEVALLOS,22954522,7,5,12,1,7,1,5,4010,776079.7629,9976951.548,-78.51970481,-0.2083299,NO,NO
17,PICHINCHA,60,QUITO,7255,SOLANDA,2,GONZ. ZALDUMBIDE - MAYORISTA,495,COLEGIO FISCAL GONZALO ZALDUMBIDE,SI,SALVADOR BRAVO Oe4-371 Y FRANCISCO RUEDA,22680227,11,8,19,1,11,1,8,6547,773711.01,9970468.29,-78.54096206,-0.26693493,NO,NO
17,PICHINCHA,60,QUITO,7255,SOLANDA,4,REGISTRO CIVIL,553,C.T. INDUSTRIAL MIGUEL DE SANTIAGO,SI,BORBON Y ALBERTO ESPENSER,2634867,10,10,20,1,10,1,10,7000,773188.77,9968973.6,-78.54564826,-0.28044632,NO,NO
17,PICHINCHA,60,QUITO,7255,SOLANDA,4,REGISTRO CIVIL,6894,E.F.M. FRANCISCO ZURITA GUAYASAMIN,NO,S26G Y ALBERTO SPENCER OE3-247,2677158,4,2,6,11,14,11,12,1946,773287,9969356,-78.54476702,-0.27698963,NO,NO
17,PICHINCHA,70,MEJIA,3960,TAMBILLO,1,TAMBILLO,1188,E.E.B AMERICA Y ESPAÑA,SI,CAMILO CALVACHE SN Y AUTOPISTA A LOS CHILLOS,22317087,10,10,20,1,10,1,10,7000,773631.0244,9955302.507,-78.54164599,-0.4040175,NO,NO
17,PICHINCHA,70,MEJIA,3960,TAMBILLO,1,TAMBILLO,8017,ESCUELA LOS CARDENALES,NO,13 DE JULIO,2222222,4,3,7,11,14,11,13,1864,773225.46,9951884.1,-78.54527778,-0.43491742,NO,NO
17,PICHINCHA,70,MEJIA,4155,UYUMBICHO,0,,972,U.E. UYUMBICHO,SI,ISIDRO AYORA S1-96 E IMBABURA,22855501,6,6,12,1,6,1,6,3897,775544.4698,9956926.548,-78.52447032,-0.38933285,NO,NO
17,PICHINCHA,70,MEJIA,5620,MACHACHI,0,,436,U.E. MACHACHI,SI,AV. SIMON BOLIVAR 10-80 Y EL HOGAR,2316615,12,12,24,1,12,1,12,8400,770789.4,9943767.587,-78.56712513,-0.50829051,NO,NO
17,PICHINCHA,70,MEJIA,5620,MACHACHI,0,,1210,UNIDAD EDUCATIVA JOSE MEJIA LEQUERICA,SI,AVENIDA 11 DE NOVIEMBRE,2315324,12,12,24,13,24,13,24,8400,770612.236,9943072.622,-78.56871351,-0.51457298,NO,NO
17,PICHINCHA,70,MEJIA,5620,MACHACHI,0,,5291,U.E. CATOLICA MARIANO NEGRETE,SI,AV CRISTOBAL COLON,22315220,12,12,24,25,36,25,36,8400,771082.1632,9943016.577,-78.56449386,-0.51507795,NO,NO
17,PICHINCHA,70,MEJIA,5620,MACHACHI,0,,6938,U.E. LUIS FELIPE BORJA BLOQUE 2,SI,CARAS S/N LUIS CORDERO,2315896,11,7,18,37,47,37,43,6241,771038,9942805,-78.56488968,-0.51699056,NO,NO
17,PICHINCHA,75,PEDRO MONCAYO,2025,LA ESPERANZA,0,,832,E.E.B. LEOPOLDO N. CHAVEZ,NO,PADRE BRUNING S/N Y CASTRO,22112310,5,5,10,1,5,1,5,3163,806088.0478,10004500.03,-78.25032651,0.04066597,NO,NO
17,PICHINCHA,75,PEDRO MONCAYO,2330,MALCHINGUI,0,,7627,UNIDAD EDUCATIVA MALCHINGUI,SI,CALLE QUITO Y ETELMINA NAVARRETE,2158016,7,7,14,1,7,1,7,4719,796181,10006290,-78.33925813,0.05684584,NO,NO
17,PICHINCHA,75,PEDRO MONCAYO,4045,TOCACHI,0,,3820,ESCUELA MANUEL VILLAVICENCIO,NO,SIMON BOLIVAR Y GARCIA MORENO,3611693,3,3,6,1,3,1,3,1750,801439.3343,10004764.29,-78.29205556,0.04305556,NO,NO
17,PICHINCHA,60,QUITO,7160,EL CONDADO,2,COLINAS DEL NORTE,152,UNIDADA EDUCATIVA SAN PATRICIO DE LA PROVIDENCIA,SI,LA PLANADA A90 N17-52 Y AP,22496120,7,4,11,11,17,11,14,3439,776120.365,9989030.412,-78.51935288,-0.09915168,NO,NO
17,PICHINCHA,60,QUITO,7160,EL CONDADO,2,COLINAS DEL NORTE,119,U.E. DIEGO ABAD DE CEPEDA,SI,OE-13 Y OE-14 ESQUINA,22495843,10,10,20,1,10,1,10,7000,777020.5082,9989359.771,-78.51127139,-0.09617407,NO,NO
17,PICHINCHA,60,QUITO,7160,EL CONDADO,3,ROLDOS - PISULI,102,UNIDAD EDUCATIVA BASICA PISULI,SI,PEDRO YEROVI Y CARLOS CONCHA,3408065,10,6,16,11,20,11,16,5406,776604,9990110,-78.51501137,-0.08939322,NO,NO
17,PICHINCHA,60,QUITO,7160,EL CONDADO,3,ROLDOS - PISULI,73,E.E.B. MANUEL ABAD,SI,COOPERATIVA JAIME ROLDOS AGUILERA CALLE PRINCIPAL,2498082,10,10,20,1,10,1,10,7000,777224.556,9990563.921,-78.50944014,-0.08528998,NO,NO
17,PICHINCHA,65,CAYAMBE,2635,OTON,0,,315,COLEGIO CESAR ARROYO,NO,BOLIVAR S/N Y SUCRE,23612044,4,4,8,1,4,1,4,2533,805007,9997031,-78.26003078,-0.02683056,NO,NO
17,PICHINCHA,65,CAYAMBE,3735,STA.ROSA DE CUSUBAMBA,0,,1553,U.E. INGAPIRCA,SI,VELASCO IBARRA Y SANTA ROSA CUSUMBA,22164377,6,5,11,1,6,1,5,3762,803430.97,9994508.5,-78.27417723,-0.04962673,NO,NO
17,PICHINCHA,65,CAYAMBE,4620,SAN JOSE DE AYORA,0,,1037,U.E PROVINCIA EL ORO,SI,AV. PICHINCHA Y CHIMBORAZO,22138219,12,11,23,1,12,1,11,7568,819077.631,10007697.48,-78.13373211,0.0695538,NO,NO
17,PICHINCHA,65,CAYAMBE,5190,CAYAMBE,0,,861,E.E.B. 09 DE JULIO,SI,TERAN No. 010 y BOLIVAR,22360217,10,10,20,21,30,21,30,7000,818173.036,10004588.97,-78.14185263,0.04146589,NO,NO
17,PICHINCHA,65,CAYAMBE,5190,CAYAMBE,0,,300,COLEGIO NATALIA JARRIN,SI,AVENIDA NATALIA JARRIN,2360213,10,10,20,11,20,11,20,7000,817725.488,10004934.65,-78.14586948,0.04458954,NO,NO
17,PICHINCHA,65,CAYAMBE,5190,CAYAMBE,0,,1052,ESCUELA REMIGIO CRESPO TORAL,SI,LIBERTAD Y RESTAURACIÓN,22360214,10,10,20,1,10,1,10,7000,817845.922,10004701.86,-78.1447886,0.04248607,NO,NO
17,PICHINCHA,65,CAYAMBE,5190,CAYAMBE,0,,5114,E.E.B. ALINA CAMPAÑA DE JARRIN,SI,JUAN MONTALVO Y 10 DE AGOSTO,22362263,10,10,20,31,40,31,40,7000,818153.9999,10004261,-78.14202359,0.03850233,NO,NO
17,PICHINCHA,65,CAYAMBE,5190,CAYAMBE,0,,6859,U.E. MUNICIPAL CAYAMBE,SI,JOSE GOMEZ S/N GABRIELA MISTRAL,2236483,10,9,19,51,60,51,59,6355,817043,10004596,-78.1519953,0.04152975,NO,NO
17,PICHINCHA,65,CAYAMBE,5190,CAYAMBE,0,,6201,ESCUELA HIMMELMANN,SI,ROCAFUERTE Y CALDERON,2525369,10,10,20,41,50,41,50,7000,817813.0352,10004280.49,-78.14508391,0.03867853,NO,NO
17,PICHINCHA,65,CAYAMBE,4765,JUAN MONTALVO,0,,816,U.E. NASACOTA PUENTO,SI,PRIMERO DE MAYO OE291 Y SAN PEDRO,22127505,6,6,12,1,6,1,6,4200,817460.674,10002655.15,-78.14824694,0.02399198,NO,NO
17,PICHINCHA,65,CAYAMBE,4765,JUAN MONTALVO,0,,7981,E.E.B. FRAY VICENTE SOLANO,NO,PEDRO VICENTE MALDONADO,2127681,4,4,8,7,10,7,10,2796,817706,10003055,-78.14604493,0.02760503,NO,NO
17,PICHINCHA,70,MEJIA,55,ALOAG,0,,362,UNIDAD EDUCATIVA ALOAG,SI,SEGUNDO MIGUEL SALAZAR Y 11 DE NOVIEMBRE,22389200,6,6,12,1,6,1,6,4200,768949.3638,9948280.61,-78.58366137,-0.4675026,NO,NO
17,PICHINCHA,70,MEJIA,55,ALOAG,0,,7956,UNIDAD EDUCATIVA ALOAG BLOQUE III,NO,BAHIA DE CARAQUEZ,99171425,7,6,13,7,13,7,12,3986,768972.99,9948236.29,-78.58344909,-0.46790315,NO,NO
17,PICHINCHA,60,QUITO,30,ALANGASI,1,ALANGASI,1402,E.E.B. FISCAL TEODORO WOLF,SI,EUGENIO ESPEJO Y ABDON CALDERON,22787058,12,12,24,1,12,1,12,8400,787825.4934,9966042.577,-78.41423217,-0.30690852,NO,NO
17,PICHINCHA,60,QUITO,30,ALANGASI,1,ALANGASI,6109,COLEGIO NACIONAL ALANGASI,SI,ABDON CALDERON Y JUAN LEON MERA,2788105,13,11,24,13,25,13,23,8130,787598.2578,9966114.046,-78.41627237,-0.30626307,NO,NO
17,PICHINCHA,60,QUITO,80,AMAGUAÑA,1,AMAGUAÑA,1565,ESCUELA CRISTO REY,SI,ISIDRO AYORA Y GONZALEZ SUAREZ,22855160,8,8,16,1,8,1,8,5600,777498.9171,9958457.022,-78.50692641,-0.37549416,NO,NO
17,PICHINCHA,60,QUITO,80,AMAGUAÑA,1,AMAGUAÑA,234,ESCUELA REPUBLICA DE ARGENTINA,SI,FEDERICO GONZALEZ SUAREZ E 2-31 Y CRISTOBAL COLON,22878054,8,8,16,25,32,25,32,5600,777718.2711,9958366.321,-78.50495673,-0.37631341,NO,NO
17,PICHINCHA,60,QUITO,80,AMAGUAÑA,1,AMAGUAÑA,169,JARDIN AMAGUAÑA,SI,GONZALES SUAREZ Y JERONIMO CARRION,22878145,8,8,16,9,16,9,16,5600,777467.4761,9958532.59,-78.50720889,-0.37481121,NO,NO
17,PICHINCHA,60,QUITO,80,AMAGUAÑA,1,AMAGUAÑA,4632,UNIDAD EDUCATIVA PARTICULAR JACINTO JIJÓN Y CAAMAÑO,SI,GARCIA MORENO Y CRISTÓBAL COLÓN,2878041,8,8,16,17,24,17,24,5600,777835.2001,9958526.504,-78.50390731,-0.37486527,NO,NO
17,PICHINCHA,60,QUITO,80,AMAGUAÑA,1,AMAGUAÑA,8021,COLEGIO JULIO MORENO PEÑAHERRERA,NO,DURINI,2877744,4,3,7,33,36,33,35,2143,777752.9,9958381.67,-78.50464586,-0.37617459,NO,NO
17,PICHINCHA,60,QUITO,195,ATAHUALPA /HABASPAMBA,0,,3662,INSTITUCION EDUCATIVA PROCER ANTONIO AGUIRRE,NO,RANULFO LOPEZ S/N E INTI ÑAN,22304201,3,3,6,1,3,1,3,1810,792653.7457,10014654.57,-78.370917,0.132444,NO,NO
17,PICHINCHA,60,QUITO,430,CALACALI,0,,1526,ESCUELA LINEA EQUINOCCIAL,SI,CALLE BOLIVAR S2-36 Y FLORES,2306309,7,7,14,1,7,1,7,4571,776633.2354,9999812.616,-78.51475189,-0.00169371,NO,NO
17,PICHINCHA,70,MEJIA,60,ALOASI,0,,919,UNIDAD EDUCATIVA ALOASI,SI,JUAN VELASCO Y PAZMIÑO,2309380,9,9,18,1,9,1,9,6069,768866.2517,9942534.359,-78.58438889,-0.51944444,NO,NO
17,PICHINCHA,70,MEJIA,650,CORNEJO ASTORGA /TANDAPI,0,,1454,U.E. DR JOSE RICARDO CHIRIBOGA VILLAGOMEZ,NO,VIA ALOAG-SANTODOMINGO KM 47,2177290,4,4,8,1,4,1,4,2581,744683.9247,9954384.506,-78.80157398,-0.41239182,NO,NO
17,PICHINCHA,896,PUERTO QUITO,6125,PUERTO QUITO,5,LAS MARAVILLAS,7000,E.E.B. OTTO AROSEMENA GOMEZ,NO,VIA AL RECINTO SIMON BOLIVAR,0,1,1,2,1,1,1,1,268,691356,10028827,-79.28057412,0.26068867,NO,NO
17,PICHINCHA,60,QUITO,7205,LA FERROVIARIA,2,20 DE MAYO - LAS VERTIENTES,3693,INSTITUCIÓN EDUCATIVA BELLAVISTA,NO,EDUARDO MORLE Y LUIS MIRANDA S10-05,2655283,3,2,5,1,3,1,2,1305,776977.5774,9971393.976,-78.51163513,-0.25856197,NO,NO
17,PICHINCHA,60,QUITO,7205,LA FERROVIARIA,3,CHAHUARQUINGO,1420,I.E. EMAUS DE FE Y ALEGRIA,NO,JUAN VIZUETE S-515 Y CAJIAU,3132258,3,3,6,1,3,1,3,1879,777659.4608,9973076.512,-78.50551587,-0.24335285,NO,NO
17,PICHINCHA,60,QUITO,7205,LA FERROVIARIA,4,EL RECREO,1511,I.E. SANTA MARIA MAZZARELLO,SI,Delfin Triviño S12-109,22653242,8,8,16,1,8,1,8,5600,776047.9379,9971314.461,-78.5199816,-0.25928234,NO,NO
17,PICHINCHA,60,QUITO,7205,LA FERROVIARIA,4,EL RECREO,5062,COLEGIO NACIONAL 11 DE MARZO,NO,RAFAEL ARTETA Y PASAJE DELET,2614593,3,3,6,9,11,9,11,1978,775985.862,9972219.906,-78.52054051,-0.25109832,NO,NO
17,PICHINCHA,60,QUITO,7205,LA FERROVIARIA,5,ELOY ALFARO,1486,ESCUELA JOSE MARIA VELASCO IBARRA,SI,JUAN CUEVA Y ADRIAN NARVAES,2287753,8,8,16,9,16,9,16,5536,776519.3469,9971835.692,-78.51575004,-0.25457022,NO,NO
17,PICHINCHA,60,QUITO,7205,LA FERROVIARIA,5,ELOY ALFARO,1050,COLEGIO FISCAL TARQUI,SI,GUARBERTO PEREZ E2 -136 Y ANDRÉS PEREZ,2662002,8,8,16,1,8,1,8,5600,776354.7003,9972330.854,-78.51722914,-0.25009486,NO,NO
17,PICHINCHA,60,QUITO,7205,LA FERROVIARIA,6,FORESTAL,1483,E.F.M. MARIA ANGELICA IDROBO,SI,MIGUEL ALONSO E8-40 Y GONZALO MARTIN,610775,5,4,9,1,5,1,4,2704,777263.5998,9972094.167,-78.50906835,-0.25223265,NO,NO
17,PICHINCHA,60,QUITO,7205,LA FERROVIARIA,7,SAN PATRICIO,3690,UNIDAD EDUCATIVA FORESTAL,NO,CLINICA RIO FRIO,23121429,2,2,4,1,2,1,2,952,778104.0967,9971620.52,-78.50152133,-0.25651232,NO,NO
17,PICHINCHA,60,QUITO,7215,MARISCAL SUCRE,2,LA FLORESTA,171,UNIVERSIDAD POLITECNICA SALESIANA NORTE,SI,ISABELA CATOLICA Y ALFREDO MENA CAAMANO,3962868,12,12,24,1,12,1,12,8400,779648.0835,9976959.016,-78.48766765,-0.20825729,NO,NO
17,PICHINCHA,60,QUITO,7215,MARISCAL SUCRE,2,LA FLORESTA,525,ESCUELA QUINTILIANO SANCHEZ,SI,FRANCISCO GALAVIS E ISABELA LA CATOLICA,2503342,6,4,10,23,28,23,26,3306,779932.77,9977154.27,-78.48511199,-0.20649206,NO,NO
17,PICHINCHA,60,QUITO,7215,MARISCAL SUCRE,2,LA FLORESTA,5152,U.E. MANUELA CAÑIZARES - LA FLORESTA,SI,AV. 6 DE DICIEMBRE Y LIZARDO GARCIA,2235582,10,10,20,13,22,13,22,7000,779485.01,9977371.46,-78.48913233,-0.20452961,NO,NO
17,PICHINCHA,60,QUITO,7220,PONCEANO,2,PONCEANO ALTO,335,CENTRO EDUCATIVO LICEO ALBORADA,SI,Av. REAL AUDIENCIA N75-28 Y CALLE N7-48,22482454,9,7,16,1,9,1,7,5562,780324,9989105,-78.48161205,-0.09847464,NO,NO
17,PICHINCHA,60,QUITO,7220,PONCEANO,3,LA OFELIA,274,ESCUELA JUAN R FIGUEROA,SI,LIZARDO RUIZ OE-4522 Y DOMINGO SEGURA,22530192,8,8,16,11,18,11,18,5600,779146,9987446,-78.492187,-0.11347046,NO,NO
17,PICHINCHA,60,QUITO,7220,PONCEANO,3,LA OFELIA,345,ESCUELA FISCAL ROBERTO ARREGUI MOSCOSO,SI,BELLAVISTA NO-33327 Y LAS LAGUNAS,22595307,10,10,20,1,10,1,10,7000,779765.61,9987015.57,-78.48662375,-0.11736044,NO,NO
17,PICHINCHA,60,QUITO,7220,PONCEANO,3,LA OFELIA,6786,UNIDAD EDUCATIVA COSME RENELLA BARBATTO,NO,DE LOS CEDROS N63-152 Y REAL AUDIENCIA,2531345,2,1,3,19,20,19,19,1065,779931,9986583,-78.48513851,-0.12127011,NO,NO
17,PICHINCHA,60,QUITO,7225,PUENGASI,1,PUENGASI,862,I.E. HUMBERTO VACAS GOMEZ,SI,RICARDO IZURIETA DEL CASTILLO E15-13 JUAN BAUTISTA AGUIRRE,2602331,10,10,20,1,10,1,10,7000,778662.1718,9973083.371,-78.49651331,-0.24328918,NO,NO
17,PICHINCHA,60,QUITO,7225,PUENGASI,1,PUENGASI,7748,JARDIN DE INFANTES NELA MARTINEZ ESPINOZA,NO,CALLE RICARDO IZURIETA DEL CASTILLO N 4186 Y CONSUELO BENAVIDES,2605371,8,6,14,11,18,11,16,4653,779196.979,9972767.899,-78.49171119,-0.2461397,NO,NO
17,PICHINCHA,60,QUITO,7225,PUENGASI,2,BALCON DEL VALLE,494,I.E. DR MIGUEL ANGEL ZAMBRANO,SI,AV. MIGUEL A. ZAMBRANO Y PASAJE PRIMERO DE MAYO/ 23 DE ABRIL,2602439,6,5,11,1,6,1,5,3701,779083.9082,9972036.778,-78.49272511,-0.2527482,NO,NO
17,PICHINCHA,60,QUITO,7225,PUENGASI,3,EDEN DEL VALLE,3865,I.E. AURELIO MOSQUERA,NO,PASAJE SUAREZ Y CALLE X,2608284,4,3,7,1,4,1,3,1910,779692.4396,9972722.79,-78.4872628,-0.24654658,NO,NO
17,PICHINCHA,60,QUITO,7225,PUENGASI,4,JARDIN DEL VALLE - ALMA LOJANA,701,U.E. CARDENAL GONZALEZ ZUMARRAGA,SI,CARLOS POLIT Y SICAUZ,2601590,9,7,16,1,9,1,7,5108,780037.0124,9974762.183,-78.48417251,-0.22811287,NO,NO
17,PICHINCHA,60,QUITO,7225,PUENGASI,5,ORQUIDEAS,1404,CASA COMUNAL BOLIVAR RODRIGUEZ,NO,CALLE A Y CALLE G,0,5,4,9,1,5,1,4,2672,779570.019,9975105.798,-78.48836577,-0.22500782,NO,NO
17,PICHINCHA,60,QUITO,7225,PUENGASI,6,SAN JOSE DE MONJAS,1072,ESCUELA FISCAL CLUB DE LEONES,SI,JOSE MARIA SARASTI Y ANTONIO CAMPOS,23196135,5,5,10,1,5,1,5,3324,778337.56,9973952.02,-78.49942917,-0.23543832,NO,NO
17,PICHINCHA,60,QUITO,7210,LA MENA,2,TARQUI,306,E.F. CNEL OSWALDO VACA LARA,SI,BALTAZAR DE OSORIO S1844 Y ALONSO DE BASTIDAS,2629196,9,8,17,1,9,1,8,5738,772478.36,9971596.47,-78.55203145,-0.25673954,NO,NO
17,PICHINCHA,60,QUITO,7260,TURUBAMBA,4,BEATERIO,175,U.E. CELIANO MONGE,SI,AV. PEDRO VICENTE MALDONADO S/N PEDRO QUIÑONEZ,2695045,10,8,18,1,10,1,8,6059,772784.33,9964253.32,-78.54927,-0.3231136,NO,NO
17,PICHINCHA,60,QUITO,7230,QUITUMBE,3,EL VERGEL,1397,ESCUELA LUIS RAZA BOLAÑOS,SI,CALLE I y CALLE V,30745117,5,4,9,1,5,1,4,3094,775518.67,9966866.73,-78.52472515,-0.29948548,NO,NO
17,PICHINCHA,60,QUITO,7165,GUAMANI,4,JOSE PERALTA,444,CENTRO EDUCATIVO COMUNITARIO MUYU KAWSAY,NO,M Oe -S-185 J,2694377,3,2,5,1,3,1,2,1537,771629.4491,9961733.88,-78.55963364,-0.34588946,NO,NO
17,PICHINCHA,60,QUITO,7255,SOLANDA,3,SANTA RITA,486,COLEGIO DR EMILIO UZCATEGUI,SI,DIEGO CESPEDES OE-538 Y BALSAS,22623325,6,6,12,1,6,1,6,4200,772678.2201,9969543.56,-78.55023333,-0.27529542,NO,NO
17,PICHINCHA,60,QUITO,7255,SOLANDA,3,SANTA RITA,593,ESCUELA MARQUEZA DE SOLANDA,SI,AV MARISCAL SUCRE Y CUSUBAMBA,2627613,6,4,10,7,12,7,10,2989,772487.44,9969831.21,-78.5519468,-0.27269571,NO,NO
17,PICHINCHA,60,QUITO,7260,TURUBAMBA,2,CAUPICHU,547,U.E. MANUELA SAENZ,SI,LEONIDAS DUBLES Y GRACIELA ESCUDERO,3060017,14,11,25,1,14,1,11,8460,773423.46,9963591.4,-78.54353006,-0.32909526,NO,NO
17,PICHINCHA,60,QUITO,7260,TURUBAMBA,3,ETERNIT,242,C.E.B. RIOBAMBA,SI,AV PEDRO VICENTE MALDONADO Y PATRICIO ROMERO,22690601,6,5,11,1,6,1,5,3426,772844.61,9960657.75,-78.54872058,-0.35561374,NO,NO
17,PICHINCHA,60,QUITO,7210,LA MENA,4,SANTA ROSA,349,UNIDAD EDUCATIVA JESUS DE NAZARETH,SI,LUIS FRANCISCO LOPEZ Y JOAQUIN RUALES,3033284,8,6,14,1,8,1,6,4613,772227.0593,9969528.428,-78.5542841,-0.27543304,NO,NO
17,PICHINCHA,770,SAN MIGUEL DE LOS BANCOS,6350,S. MIGUEL DE LOS BANCOS,3,SAN BERNABE,7786,UNIDAD EDUCATIVA SAN BERNABE,NO,VALIDAR DPE,1111111,1,1,2,1,1,1,1,432,712280,9999011,-79.09264797,-0.0089428,NO,NO
17,PICHINCHA,60,QUITO,4085,TUMBACO,5,COLLAQUI,6827,U.E. FISCAL 24 DE JULIO,NO,SAN JOSE DE COLLAQUI OE5-24,0,2,2,4,1,2,1,2,1009,789925,9980423,-78.39540844,-0.17693505,NO,NO
17,PICHINCHA,60,QUITO,2895,PINTAG,4,SAN AGUSTÍN,6666,CASA COMUNAL SAN AGUSTÍN,NO,CALLE PRINCIPAL SN.,0,1,1,2,1,1,1,1,271,794951,9959671,-78.35024789,-0.36447633,NO,NO
17,PICHINCHA,60,QUITO,2895,PINTAG,5,SANTA TERESA,6667,E.E.B. MANUEL CÓRDOVA GALARZA,NO,JAMIL MAHUAD SN Y PASAJE F,22149073,1,1,2,1,1,1,1,475,788300,9961314,-78.40996121,-0.34964438,NO,NO
17,PICHINCHA,896,PUERTO QUITO,6125,PUERTO QUITO,6,BUENOS AIRES,6646,U.E. 22 DE OCTUBRE,NO,CALLE A S/N Y CALLE B,62670357,2,2,4,1,2,1,2,804,698594,10035296,-79.21554883,0.31917805,NO,NO
17,PICHINCHA,60,QUITO,3100,QUINCHE,3,IGUIÑARO,4137,E.E.F. AZUAY,NO,CALLE SAN VICENTE E3-61 Y E3B JOSE SIGCHA,22123040,1,1,2,1,1,1,1,242,800656.2157,9986101.05,-78.29907966,-0.12560752,NO,NO
17,PICHINCHA,65,CAYAMBE,480,CANGAHUA,6,SAN LUIS DE GUACHALÁ,3680,UNIVERSIDAD POLITECNICA ESTATAL DEL CARCHI EXT. CAYAMBE,NO,PANANORTE E 35 Km. 198,62995800,1,1,2,1,1,1,1,366,814123,9999486,-78.17820501,-0.00464464,NO,NO
17,PICHINCHA,770,SAN MIGUEL DE LOS BANCOS,2410,MINDO,2,PUEBLO NUEVO,3647,ESCUELA GABRIELA MISTRAL,NO,VIA CALACALI-LA INDEPENDENCIA KM 81,23615462,1,1,2,1,1,1,1,149,746427.538,9998070.924,-78.78597275,-0.01743984,NO,NO
17,PICHINCHA,60,QUITO,7150,COMITE DEL PUEBLO,3,LA BOTA,1068,COLEGIO FRAY JODOCO RICKE,SI,AV. LA BOTA Y 28 DE MAYO,3455721,6,5,11,1,6,1,5,3528,783064.9551,9986971.007,-78.45700233,-0.11776052,NO,NO
17,PICHINCHA,60,QUITO,5015,CHIMBACALLE,6,PIO XII,243,INSTITUCIÓN EDUCATIVA JUAN PIO MONTUFAR,SI,AV. NAPO Y MIGUEL CARDENAS,3131280,20,20,40,1,20,1,20,14000,777275.0732,9973496.234,-78.50896769,-0.23955975,NO,NO
17,PICHINCHA,60,QUITO,5015,CHIMBACALLE,6,PIO XII,166,C.E.I. OSCAR EFREN REYES,SI,PEDRO DE CESPEDES E5-144 Y CÉLICA,2653660,3,3,6,21,23,21,23,1886,777118.4101,9973152.646,-78.51037369,-0.24266561,NO,NO
17,PICHINCHA,60,QUITO,7195,LA CONCEPCION,3,AEROPUERTO,328,U.E. ROSARIO GONZALEZ DE MURILLO,SI,JORGE ERAZO ENTRE LA FLORIDA Y FERNANDO DAVALOS,2258440,10,10,20,1,10,1,10,7000,778602.4163,9983988.209,-78.4970643,-0.14472456,NO,NO
17,PICHINCHA,60,QUITO,7195,LA CONCEPCION,3,AEROPUERTO,364,UE FISCAL FUERZA AEREA ECUATORIANA N1-FAE,SI,AV. DE LA PRENSA Y GONZALO GALLO,22599875,8,2,10,11,18,11,12,3295,779142.76,9984472.87,-78.4922135,-0.14034337,NO,NO
17,PICHINCHA,60,QUITO,7195,LA CONCEPCION,4,EL ROSARIO,838,LICEO BYS,NO,PEDRO DE VALVERDE OE3-91 Y AV. DE LA PRENSA,2290327,3,2,5,1,3,1,2,1643,779067.4034,9985381.639,-78.49289091,-0.13212945,NO,NO
17,PICHINCHA,60,QUITO,5220,COTOCOLLAO,2,23 DE JUNIO,840,COLEGIO PATRIMONIO DE LA HUMANIDAD,SI,SANTA TERESA S/N BELISARIO TORRES,22830801,7,7,14,1,7,1,7,4615,778494.6001,9986979.93,-78.49803498,-0.11768361,NO,NO
17,PICHINCHA,60,QUITO,5220,COTOCOLLAO,3,JARRIN - LOMA HERMOSA,3644,ESCUELA SAN FRANCISCO DEL ALVERNIA,NO,AV.MACHALA N65-125 Y LIBERTADOR,22596614,3,2,5,1,3,1,2,1450,778330.0804,9987123.968,-78.49951218,-0.11638183,NO,NO
17,PICHINCHA,60,QUITO,5220,COTOCOLLAO,4,QUITO NORTE,864,U.E. WILLIAM THOMSON INTERNACIONAL,NO,ANGEL LUDEÑA Y LUIS NAPOLEÓN DILON,2291038,2,2,4,7,8,7,8,1400,778609.7839,9985973.75,-78.497,-0.126778,NO,NO
17,PICHINCHA,60,QUITO,5220,COTOCOLLAO,4,QUITO NORTE,359,U.E. ALVERNIA,SI,AV DE LA PRENSA 147 Y AV. DEL MAESTRO,2596614,6,6,12,1,6,1,6,4200,778911.3691,9986368.322,-78.49429267,-0.12321135,NO,NO
17,PICHINCHA,60,QUITO,5220,COTOCOLLAO,4,QUITO NORTE,6829,ESCUELA GALO PLAZA LASSO,NO,GONZALO VALENCIA N60-89 Y DOSSMAN,22594952,4,3,7,9,12,9,11,2226,778383,9986184,-78.49903628,-0.12487782,NO,NO
17,PICHINCHA,60,QUITO,5220,COTOCOLLAO,5,THOMAS,3861,U.E. GEOVANNI BATTISTA MONTINI - PAULO VI,NO,JOSE FIGUEROA OE6 33 Y MACHALA,22530276,3,2,5,1,3,1,2,1459,778313.7875,9986825.347,-78.49965822,-0.11908097,NO,NO
17,PICHINCHA,60,QUITO,7210,LA MENA,5,SAN FERNANDO,3700,I.E. PABLO NERUDA,NO,ANGAMARCA Y OBDULIA LUNA,2840336,3,2,5,1,3,1,2,1536,772059.48,9971596.93,-78.55579241,-0.25673611,NO,NO
17,PICHINCHA,60,QUITO,5260,CHILLOGALLO,2,BUENA VENTURA,310,U.E. FISCAL BUENA VENTURA,NO,CALLE H Y CALLE 11,23097617,4,3,7,1,4,1,3,2251,768939.8,9969178.85,-78.5837988,-0.27859901,NO,NO
17,PICHINCHA,60,QUITO,5260,CHILLOGALLO,3,EL TRANSITO,344,U.E. JULIO TOBAR DONOSO,NO,CARLOS RODRIGUEZ Y AV. EL TRANSITO,22631681,6,4,10,1,6,1,4,3278,770996.6581,9968317.931,-78.56532917,-0.28637711,NO,NO
17,PICHINCHA,60,QUITO,5260,CHILLOGALLO,4,SAN LUIS,314,U.E. LUIS FELIPE BORJA DEL ALCAZAR,NO,OE 13E Y MANUELA CAÑIZARES,22620964,5,4,9,1,5,1,4,2940,770818.5272,9969640.813,-78.56693102,-0.27441978,NO,NO
17,PICHINCHA,60,QUITO,5260,CHILLOGALLO,5,SANTA MARTHA,3678,ESCUELA DE EDUCACIÓN BÁSICA JORGE ROMERO PINTO,NO,CALLE FRANCISCO CHIRIBOGA OE11321 CALLE J CALLE P CALLE Q,23034947,2,2,4,1,2,1,2,985,771121.7371,9969431.273,-78.56420821,-0.27631328,NO,NO
17,PICHINCHA,60,QUITO,5535,LA LIBERTAD,2,LA CANTERA,3660,ESCUELA GENERAL OLEARY,NO,10 DE OCRUBRE Y 3 DE MARZO,22588681,1,1,2,1,1,1,1,585,775366,9975941,-78.52611177,-0.21746508,NO,NO
17,PICHINCHA,60,QUITO,5535,LA LIBERTAD,3,LA ERMITA,5082,U.E. COMUNITARIO AMAWTA RIKCHARI,NO,MARISCAL SUCRE Y LOJA,2572884,2,2,4,1,2,1,2,1310,775938.5676,9975609.001,-78.52097056,-0.2204651,NO,NO
17,PICHINCHA,60,QUITO,5535,LA LIBERTAD,4,LOS LIBERTADORES,3790,E.E.G.B. ARMADA NACIONAL,NO,JARAMIJO S7N RIO SILANCHE,23170647,1,1,2,1,1,1,1,453,774921,9974923,-78.53010563,-0.22666728,NO,NO
17,PICHINCHA,60,QUITO,5540,LA MAGDALENA,3,LA ATAHUALPA,917,"U. E. P. "" SAN JOSE-LA SALLE""",SI,BALTAZAR LOAIZA OE5-140 Y MARISCAL SUCRE,2658015,9,9,18,1,9,1,9,5827,774768.3647,9973129.291,-78.53147321,-0.24288061,NO,NO
17,PICHINCHA,60,QUITO,5540,LA MAGDALENA,4,LOS DOS PUENTES,1533,E.E.B. PARTICULAR PENSIONADO TARQUI,NO,CHASQUI OE-224 Y GALTE,2614993,3,3,6,1,3,1,3,1833,775808.3969,9973573.722,-78.52213611,-0.23886176,NO,NO
17,PICHINCHA,60,QUITO,5540,LA MAGDALENA,5,PRIMERO DE MAYO,1017,I.E. FISCAL JUAN GENARO JARAMILLO,SI,ALONSO DE ANGULO OE2-632 Y JIPIJAPA,2650113,6,6,12,1,6,1,6,4200,775194,9972544,-78.5276507,-0.24817025,NO,NO
17,PICHINCHA,60,QUITO,5540,LA MAGDALENA,5,PRIMERO DE MAYO,1014,I.E. FISCAL AMAZONAS,SI,LAURO GUERRERO E ITURRALDE,2612736,6,6,12,7,12,7,12,3851,775442.0328,9972808.912,-78.52542421,-0.24577534,NO,NO
17,PICHINCHA,60,QUITO,5540,LA MAGDALENA,6,VILLAFLORA,1121,U.E. PARTICULAR SANTA DOROTEA,NO,HUYNAPALCO OE3-97 Y JACINTO COLLAHUAZO,22653163,3,3,6,9,11,9,11,1693,775038.1019,9973047.884,-78.52905126,-0.24361598,NO,NO
17,PICHINCHA,60,QUITO,5540,LA MAGDALENA,6,VILLAFLORA,497,U.E.P. FESVIP,SI,AV. MALDONADO N 200 Y RODRIGO DE CHAVEZ,22653478,8,8,16,1,8,1,8,5600,776117.7998,9973049.346,-78.51935732,-0.24360098,NO,NO
17,PICHINCHA,60,QUITO,7130,BELISARIO QUEVEDO,2,LA GASCA,481,U.E. PARTICULAR FRANCISCA DE LAS LLAGAS,SI,DOMINGO ESPINAR OE8 N23-73 Y DIEGO ZORILLA,2523664,8,8,16,19,26,19,26,5290,777191.9121,9978204.382,-78.50972134,-0.1970043,NO,NO
17,PICHINCHA,60,QUITO,7130,BELISARIO QUEVEDO,2,LA GASCA,342,UNIDAD EDUCATIVA FISCAL JUAN MONTALVO,SI,GILBERTO GATTO SOBRAL Oe7-261 Y ANDRES DE ARTIEDA,2504805,18,18,36,1,18,1,18,12600,777296.7681,9978034.991,-78.50877969,-0.19853524,NO,NO
17,PICHINCHA,60,QUITO,7130,BELISARIO QUEVEDO,3,LA PRIMAVERA,356,COLEGIO ALFONSO LASSO BERMEO,SI,Antonio Herrera y Selva Alegre,32300194,6,4,10,1,6,1,4,3258,777229.2411,9979366.79,-78.50938771,-0.18649759,NO,NO
17,PICHINCHA,60,QUITO,7130,BELISARIO QUEVEDO,4,LAS CASAS - LA GRANJA,1228,U.E. MANUELA CAÑIZARES - LAS CASAS,NO,DOMINGO ESPINAR N27-58 Y SELVA ALEGRE,3201607,5,3,8,11,15,11,13,2337,777849.0511,9978926.487,-78.50382235,-0.19047655,NO,NO
17,PICHINCHA,60,QUITO,7130,BELISARIO QUEVEDO,4,LAS CASAS - LA GRANJA,621,UNIDAD EDUCATIVA GRAN COLOMBIA,SI,SELVA ALEGRE OE7-57 Y NUÑO DE VALDERRAMA,2568447,10,10,20,1,10,1,10,7000,777748.9641,9978983.661,-78.50472102,-0.1899599,NO,NO
17,PICHINCHA,60,QUITO,7135,CARCELEN,4,CARCELEN LIBRE,3664,COLEGIO CRISFE - EX COLEGIO AMERICANO,NO,AV. ISIDRO AYORA N80-190 JAIME ROLDOS AGUILERA,987289302,2,1,3,1,2,1,1,736,782122.6331,9990185.513,-78.46546469,-0.08870729,NO,NO
17,PICHINCHA,60,QUITO,7135,CARCELEN,5,CORAZON DE JESUS,348,ESCUELA FEDERICO GONZALEZ SUAREZ,NO,JOSE ORDOÑEZ Oe2-294 Y LIBORIO MADERA,3441987,5,4,9,1,5,1,4,2914,781285.4757,9990752.656,-78.47298097,-0.08358171,NO,NO
17,PICHINCHA,60,QUITO,7135,CARCELEN,6,LOS EUCALIPTOS,6626,U.E.P. PERPERTUO SOCORRO,NO,CALLE DEL HIERRO E10-97 Y PANAMERICANA NORTE,2429945,3,3,6,1,3,1,3,1882,782510,9988520,-78.46198583,-0.10376059,NO,NO
17,PICHINCHA,895,PEDRO VICENTE MALDONADO,6415,PEDRO VICENTE MALDONADO,4,SALCEDO LINDO,3761,ESCUELA SALCEDO LINDO,NO,VIA SALTO DEL TIGRE,23456789,1,1,2,1,1,1,1,83,718509.7869,10025156.25,-79.03667925,0.22746193,SI,SI
17,PICHINCHA,60,QUITO,440,CALDERON,4,MARIANITAS,1432,COLEGIO NICOLAS JIMENEZ,SI,TOBIAS GODOY Y GIOVANNI CALLES,2065723,13,10,23,1,13,1,10,7719,786863.37,9990722.04,-78.42290382,-0.08385515,NO,NO
17,PICHINCHA,60,QUITO,440,CALDERON,5,SAN JUAN DE CALDERON,931,I.E. ING. JUAN SUAREZ CHACON,SI,DANIELA PUEBLA N° 13 Y PASCUAL AGUIRRE,3470130,11,9,20,1,11,1,9,6567,786092.6651,9993214.59,-78.4298242,-0.06132756,NO,NO
17,PICHINCHA,60,QUITO,440,CALDERON,6,SAN JOSE DE MORAN,1445,U.E. RICARDO ALVAREZ,SI,CARLOS MANTILLA VIA POMASQUI,2031531,13,10,23,1,13,1,10,8058,785299.9601,9990913.496,-78.43693969,-0.08212566,NO,NO
17,PICHINCHA,60,QUITO,4085,TUMBACO,2,TOLA GRANDE,3689,ESCUELA JOSE NICOLAS VACAS TORAL,NO,CALLE CARRIZAL Y SAN FRANCISCO,22052039,3,3,6,1,3,1,3,1793,792054,9976631,-78.37629033,-0.21120354,NO,NO
17,PICHINCHA,80,RUMIÑAHUI,7535,FAJARDO,0,,3688,COLEGIO DOCTOR TELMO HIDALGO,NO,AV. PANSALEO,22866150,4,3,7,1,4,1,3,2320,781735.14,9963415.85,-78.46890469,-0.33066316,NO,NO
17,PICHINCHA,60,QUITO,30,ALANGASI,2,EL TINGO,3658,U.E. ALEJANDRO ANDRADE COELLO,NO,AV. 2 DE AGOSTO OE 13-94 Y LAS CUCARDAS,22863235,5,4,9,1,5,1,4,2681,784745.5019,9968657.824,-78.441889,-0.283278,NO,NO
17,PICHINCHA,60,QUITO,80,AMAGUAÑA,2,CHAUPITENA,3860,ESCUELA JIJON CAAMAÑO FLORES,NO,VIA CONOCOTO AMAGUAÑA HUANCAVILCA Y PACHA,2335255,4,3,7,1,4,1,3,2491,780406.3536,9962638.397,-78.48083289,-0.33769324,NO,NO
17,PICHINCHA,60,QUITO,2690,PACTO,2,SAGUANGAL,3905,E.E.B. 3 DE NOVIEMBRE,NO,CALLE PRINCIPAL Y OE 35,0,1,1,2,1,1,1,1,106,745039.8427,10025493.05,-78.7984167,0.2304722,SI,SI
17,PICHINCHA,60,QUITO,3100,QUINCHE,2,SAN VICENTE DE CUPUCURO,3687,CASA COMUNAL SAN VICENTE DE CUPUCURO,NO,ESMERALDAS Y QUITO,2693247,1,1,2,1,1,1,1,98,802667,9987663,-78.28103093,-0.11149021,SI,SI
17,PICHINCHA,75,PEDRO MONCAYO,4090,TUPIGACHI,2,LA FLORENCIA,6115,U.E. MISION ANDINA,NO,PANAMERICANA NORTE KM 5800,2119257,1,1,2,1,1,1,1,299,812727,10010332,-78.19073156,0.09336375,NO,NO
17,PICHINCHA,60,QUITO,3475,SAN JOSE DE MINAS,3,PLAYA RICA,3908,ESCUELA FISCAL MIXTA PATRICIO ROMERO,NO,VIA GARCIA MORENO,3612834,1,1,2,1,1,1,1,163,764359.3419,10018806.37,-78.624944,0.17,SI,SI
17,PICHINCHA,896,PUERTO QUITO,6125,PUERTO QUITO,4,SANTA MARIANITA,3812,ESCUELA EMILIO CRESPO,NO,KM 133,99219391,1,1,2,1,1,1,1,158,701108.879,10012098.75,-79.19298366,0.10940642,NO,NO
17,PICHINCHA,65,CAYAMBE,480,CANGAHUA,4,PISAMBILLA,3906,ESCUELA GENERAL ANTONIO ELIZALDE,NO,VIA JUAN MONTALVO PISAMBILLA,0,1,1,2,1,1,1,1,281,822192.2785,9993562.569,-78.10577778,-0.05816667,NO,NO
17,PICHINCHA,60,QUITO,2925,POMASQUI,2,PUSUQUI,1467,U.E.M. EUGENIO ESPEJO,SI,AV. MANUEL CORDOVA GALARZA OE4-109 Y MANUEL JORDAN,22353200,7,5,12,1,7,1,5,3982,781980.8729,9992551.271,-78.46673868,-0.06732469,NO,NO
17,PICHINCHA,60,QUITO,3475,SAN JOSE DE MINAS,2,EL MERIDIANO,3679,U.E. CARLOS RIVADENEIRA,NO,FRENTE A LA PLAZA CENTRAL,3613399,1,1,2,1,1,1,1,314,768202,10022465,-78.59043665,0.20306698,SI,SI
17,PICHINCHA,60,QUITO,2275,LLOA,2,CHIRIBOGA,3881,ESCUELA PADRE MENTHEN,NO,PARQUE CENTRAL VIA ANTIGUA A SANTO DOMINGO KM 50,0,1,1,2,1,1,1,1,192,753201.7758,9970394.914,-78.72511684,-0.26763397,SI,SI
17,PICHINCHA,60,QUITO,2895,PINTAG,2,UBILLUS,3864,ESCUELA JUAN MONTALVO,NO,JULIO MORAT Y JOSE EXTENSOR,23094023,1,1,2,1,1,1,1,220,792030.38,9953381.82,-78.37644958,-0.42132418,NO,NO
17,PICHINCHA,70,MEJIA,755,CUTUGLAGUA,2,SANTA ROSA,3659,E.E.B. CUATRO DE OCTUBRE,NO,CALLE TAMBILLO S/N Y CALLE TANDAPI,23678330,2,2,4,1,2,1,2,939,773399.6407,9957561.206,-78.54372948,-0.38360189,NO,NO
17,PICHINCHA,896,PUERTO QUITO,6125,PUERTO QUITO,2,SIMON BOLIVAR,520,U.E. LIBERTADOR SIMON BOLIVAR,NO,5 DE JULIO S/N Y VELASCO,23902652,4,4,8,1,4,1,4,2565,692218.057,10032862.48,-79.27282516,0.29718119,NO,NO
17,PICHINCHA,896,PUERTO QUITO,6125,PUERTO QUITO,3,LA ABUNDANCIA,3663,U.E. CEPE,NO,CALLE 2 Y CALLE B-C-D CANTON PUERTO QUITO (Recinto San Antonio de la Abundancia.,2181005,2,2,4,1,2,1,2,1180,694368.556,10006008.24,-79.25353041,0.05433303,NO,NO
17,PICHINCHA,895,PEDRO VICENTE MALDONADO,6415,PEDRO VICENTE MALDONADO,2,LA CELICA,3793,U.E. LA CELICA,NO,RECINTO CELICA KM 10 VÍA LAS GOLONDRINAS,3613339,1,1,2,1,1,1,1,596,715132.9584,10017373.51,-79.06701645,0.15709356,SI,SI
17,PICHINCHA,60,QUITO,2895,PINTAG,3,TOLONTAG,970,E.E.B.F. MIGUEL ANGEL LEON,NO,LUZ DEL VALLE,3577047,3,3,6,1,3,1,3,2084,794703.05,9962657.58,-78.3524814,-0.33748551,NO,NO
17,PICHINCHA,60,QUITO,440,CALDERON,3,SAN MIGUEL DEL COMÚN,3685,U.E. ESPAÑA,NO,MANUEL OROPA TIO Y ESPAÑA,22824341,3,2,5,1,3,1,2,1424,788093.32,9989548.08,-78.41186112,-0.09446469,NO,NO
17,PICHINCHA,80,RUMIÑAHUI,6600,SAN RAFAEL,0,,1045,UNIDAD EDUCATIVA SAN RAFAEL,SI,AV. GENERAL ENRIQUEZ 3083 LA CONCORDIA,22863511,6,6,12,11,16,11,16,4200,783263.2,9966063.44,-78.45519161,-0.30672984,NO,NO
17,PICHINCHA,80,RUMIÑAHUI,6600,SAN RAFAEL,0,,1012,U.E. GIOVANNI ANTONIO FARINA,SI,AV. GRAL. RUMIÑAHUI N002 Y GIOVANNI FARINA,22863097,10,10,20,1,10,1,10,7000,782536,9967391,-78.46172317,-0.29473242,NO,NO
17,PICHINCHA,80,RUMIÑAHUI,6600,SAN RAFAEL,0,,6770,U.E.MADRE DE LA DIVINA GRACIA,SI,ISLA GENOVESA SN Y GEOVANNI FARINA,2863025,10,6,16,17,26,17,22,5159,783137.3385,9966736,-78.45632301,-0.30065129,NO,NO
17,PICHINCHA,80,RUMIÑAHUI,6605,SAN PEDRO DE TABOADA,0,,1029,E.E.B VICENTE AGUIRRE,SI,AVENIDA MARIANA DE JESUS,2851284,6,6,12,1,6,1,6,4200,782631.4083,9964763.642,-78.46086099,-0.31847926,NO,NO
17,PICHINCHA,80,RUMIÑAHUI,6605,SAN PEDRO DE TABOADA,0,,7106,U.E. SANTO TOMAS DE AQUINO,NO,GASPAR LEMA Y PSJ CAIZA LUIZA,2866300,6,6,12,7,12,7,12,3860,782444,9964450.677,-78.46254285,-0.32130837,NO,NO
17,PICHINCHA,770,SAN MIGUEL DE LOS BANCOS,2410,MINDO,1,MINDO,3909,U.E. PEDRO VICENTE MALDONADO,NO,CALLE QUITO Y 9 DE OCTUBRE,2170328,4,4,8,1,4,1,4,2332,747661.7309,9994088.296,-78.77488889,-0.05344444,NO,NO
17,PICHINCHA,770,SAN MIGUEL DE LOS BANCOS,6350,S. MIGUEL DE LOS BANCOS,1,S.MIGUEL DE LOS BANCOS,493,U.E. SAN MIGUEL DE LOS BANCOS,SI,MARCO JARAMILLO Y AV. 17 DE JULIO,2770437,6,6,12,1,6,1,6,4200,733957.064,10002931.74,-78.89796159,0.0265064,NO,NO
17,PICHINCHA,770,SAN MIGUEL DE LOS BANCOS,6350,S. MIGUEL DE LOS BANCOS,1,S.MIGUEL DE LOS BANCOS,8308,U. E. SAN MIGUEL DE LOS BANCOS BLOQUE 2,NO,VIA LOS BANCOS PUERTO QUITO,2770213,6,7,13,7,12,7,13,4233,734099,10002576,-78.89668697,0.02329007,NO,NO
17,PICHINCHA,895,PEDRO VICENTE MALDONADO,6415,PEDRO VICENTE MALDONADO,1,PEDRO VICENTE MALDONADO,452,U.E. VICENTE ANDA AGUIRRE-BLOQUE 1,SI,AV. 29 DE JUNIO Y 26 DE SEPTIEMBRE,2392122,8,8,16,1,8,1,8,5600,716712.16,10009675.67,-79.05283772,0.08748794,NO,NO
17,PICHINCHA,895,PEDRO VICENTE MALDONADO,6415,PEDRO VICENTE MALDONADO,1,PEDRO VICENTE MALDONADO,6058,U.E. DEL MILENIO LIC. RAFAEL FIALLOS GUEVARA,SI,E001,2392182,9,10,19,9,17,9,18,6513,717155,10009933,-79.04886022,0.08981451,NO,NO
17,PICHINCHA,896,PUERTO QUITO,6125,PUERTO QUITO,1,PUERTO QUITO,1189,U.E. PUERTO QUITO,SI,UNIDAD NACIONAL Y ATAHUALPA,2156036,10,10,20,1,10,1,10,7000,694050.889,10013579.89,-79.25638067,0.12280421,NO,NO
17,PICHINCHA,896,PUERTO QUITO,6125,PUERTO QUITO,1,PUERTO QUITO,6169,UNIDAD EDUCATIVA SANTIAGO APOSTOL,SI,PEDRO VICENTE MALDONADO Y AV. 18 DE MAYO,2156042,9,10,19,11,19,11,20,6517,694641.059,10013676.21,-79.25107938,0.12367493,NO,NO
17,PICHINCHA,70,MEJIA,850,CHAUPI,0,,3686,E.E.B. LUZ EMILIA SAA,NO,CARRETERA AL CHAUPI,3674160,2,2,4,1,2,1,2,1474,762715.82,9933711.3,-78.63958331,-0.59922219,NO,NO
17,PICHINCHA,60,QUITO,440,CALDERON,7,LLANO GRANDE,6045,U.E.F. FE Y ALEGRIA LA DOLOROSA,SI,AV. GABRIEL GARCIA MORENO Y FE Y ALEGRIA,2012130,10,8,18,1,10,1,8,5755,786274.4926,9986729.129,-78.42818768,-0.11994398,NO,NO
17,PICHINCHA,60,QUITO,725,CUMBAYA,2,COLEGIO MENOR,6051,COLEGIO MENOR SAN FRANCISCO DE QUITO,NO,JUAN MONTALVO Y MANUELA SAENZ,24008100,5,4,9,1,5,1,4,2908,786476.3806,9978080.859,-78.42636552,-0.19810797,NO,NO
17,PICHINCHA,60,QUITO,7185,KENNEDY,6,LOS PINOS,423,U.E. ALMIRANTE NELSON,NO,DE LOS JAZMINES Y LO PINOS,2404884,5,4,9,1,5,1,4,2811,781422.601,9985007.013,-78.47174551,-0.13551332,NO,NO
17,PICHINCHA,60,QUITO,7155,CHILIBULO,3,LA SANTIAGO,254,U.E. QUITO SUR,SI,ARICA S12-150 Y COPIHUE,22842063,6,5,11,1,6,1,5,3663,773732.1247,9972341.081,-78.54077574,-0.25000689,NO,NO
17,PICHINCHA,60,QUITO,7130,BELISARIO QUEVEDO,5,PAMBACHUPA,329,ESCUELA MIGUEL DEL HIERRO,NO,Av. LA GASCA Y SANTILLAN,23210417,4,3,7,1,4,1,3,2250,777876.5441,9978321.162,-78.50357471,-0.19594784,NO,NO
17,PICHINCHA,60,QUITO,7180,JIPIJAPA,5,ZALDUMBIDE,3811,I.E.P. SERGE RAYNAUD DE LA FERRIERE,NO,DE LOS VIÑEDOS N45-102 ENTRE ISABELA Y GAVIRIA,2279378,1,1,2,1,1,1,1,763,781015,9982478,-78.47540238,-0.15837212,NO,NO
17,PICHINCHA,70,MEJIA,755,CUTUGLAGUA,1,CUTUGLAGUA,1041,U.E. 02 DE AGOSTO / ESCUELA,SI,AV. ATACAZO,22695434,10,10,20,1,10,1,10,7000,772720.9984,9959506.966,-78.54982766,-0.36601595,NO,NO
17,PICHINCHA,70,MEJIA,755,CUTUGLAGUA,1,CUTUGLAGUA,6195,UNIDAD EDUCATIVA 2 DE AGOSTO / COLEGIO,SI,AV. ATACAZO Y PANAMERICA SUR,2695434,12,9,21,11,22,11,19,6949,772688.8645,9959513.386,-78.5501162,-0.365958,NO,NO
17,PICHINCHA,60,QUITO,725,CUMBAYA,3,LUMBISÍ,6066,ESCUELA FISCAL MIXTA FRAY JODOCO RICKE,NO,JUAN PALOMINO Y 24 DE AGOSTO,2389048,5,4,9,1,5,1,4,2820,784031.3137,9974326.613,-78.44831108,-0.23204332,NO,NO
17,PICHINCHA,60,QUITO,625,CONOCOTO,2,LA ARMENIA,5106,UNIDAD EDUCATIVA SAINT DOMINIC,SI,AV CHALES DARWIN Y VICENTE SOLANO,3959960,11,9,20,1,11,1,9,6861,782380,9969190,-78.46312731,-0.27847269,NO,NO
17,PICHINCHA,60,QUITO,625,CONOCOTO,3,HOSPITALARIA,5253,U.E. MARCOS AURELIO SUBIA MARTINEZ,NO,JUAN DE DIOS MORALES Y MANUELA CAÑIZARES,3949900,4,3,7,1,4,1,3,2247,780956,9969207,-78.47591206,-0.2783218,NO,NO
17,PICHINCHA,60,QUITO,625,CONOCOTO,4,SANTA MONICA,5292,U.E. BORJA MONSERRAT,NO,JUAN DÁVILA Y EMILIO ESTRADA,3182302,5,4,9,1,5,1,4,2750,778708,9970800,-78.49609789,-0.26392762,NO,NO
17,PICHINCHA,60,QUITO,625,CONOCOTO,5,ONTANEDA LA SALLE,4949,U.E. JOAQUINA GANGOTENA,NO,AV. LEONIDAS PLAZA,2456468,4,4,8,1,4,1,4,2614,779280,9966498,-78.490954,-0.30281054,NO,NO
17,PICHINCHA,60,QUITO,2980,PUELLARO,2,ALOGUINCHO,3915,U.E. JOSE MEJIA DEL VALLE,NO,ALOGUINCHO BARRIO EL ESTADIO,3590242,1,1,2,1,1,1,1,595,793681.8625,10010781.15,-78.36169059,0.09743639,NO,NO
17,PICHINCHA,60,QUITO,7150,COMITE DEL PUEBLO,2,CARRETAS,3788,U.E. LICEO JOSE ORTEGA GASSET,NO,CALLE E4 DE LOS CIPRESES N64-332 Y MANUEL AMBROSI,2801825,3,2,5,1,3,1,2,1569,780996.6611,9986719.449,-78.4755711,-0.12003592,NO,NO
17,PICHINCHA,60,QUITO,7150,COMITE DEL PUEBLO,1,COMITE DEL PUEBLO,870,"U.E. ""DR. MANUEL BENJAMIN CARRION MORA""",SI,ADOLFO KLINGER Y JORGE ENRIQUE GARCES,2475688,16,16,32,1,16,1,16,11200,781979.7313,9986610.24,-78.46674505,-0.12102217,NO,NO
17,PICHINCHA,60,QUITO,7150,COMITE DEL PUEBLO,1,COMITE DEL PUEBLO,6177,ESCUELA DE EDUCACION BASICA JUMANDI,SI,AV.GENERAL RUMIÑAHUI Y PALESTINA,22478517,10,6,16,27,36,27,32,5350,782017,9986019,-78.46640995,-0.12636601,NO,NO
17,PICHINCHA,60,QUITO,7150,COMITE DEL PUEBLO,1,COMITE DEL PUEBLO,8003,CENTRO DE COMERCIO COMITE DEL PUEBLO,NO,CESAR ENDARA E12-120,2222222,10,10,20,17,26,17,26,7000,782108.94,9986856.76,-78.46558523,-0.11879392,NO,NO
17,PICHINCHA,60,QUITO,7165,GUAMANI,1,GUAMANÍ,247,U.E. MUNICIPAL OSWALDO LOMBEIDA,SI,S-56B OE622,3018148,12,12,24,1,12,1,12,8400,771299.1509,9962793.629,-78.56260171,-0.33631108,NO,NO
17,PICHINCHA,60,QUITO,7165,GUAMANI,1,GUAMANÍ,6132,U.E. JULIO E. MORENO,SI,PATRICIO ROMERO BARBERIS Y PASAJE 1A,3952300,14,14,28,13,26,13,26,9800,772348.8743,9963046.312,-78.55317714,-0.3340247,NO,NO
17,PICHINCHA,60,QUITO,7165,GUAMANI,1,GUAMANÍ,8005,U.E. MANUELA DE SANTA CRUZ Y ESPEJO,SI,CALLE S52,2691016,11,11,22,39,49,39,49,7453,772460.73,9963853,-78.55217461,-0.3267328,NO,NO
17,PICHINCHA,60,QUITO,7165,GUAMANI,1,GUAMANÍ,8036,U.E. COMANDANTE GENERAL ATAHUALPA,SI,PATRICIO ROMERO,2693355,12,12,24,27,38,27,38,8400,772268.06,9962592.2,-78.55390172,-0.33812961,NO,NO
17,PICHINCHA,60,QUITO,7170,IÑAQUITO,1,IÑAQUITO,92,U.E.F. SAN FRANCISCO DE QUITO,SI,AV NACIONES UNIDAS E6-51 Y JAPON,2241106,10,10,20,11,20,11,20,7000,780142.1062,9980564.119,-78.48323704,-0.17567175,NO,NO
17,PICHINCHA,60,QUITO,7170,IÑAQUITO,1,IÑAQUITO,238,U.E. SANTA MARÍA EUFRASIA,SI,GASPAR DE VILLARROEL E 738 Y SHYRIS,2433947,10,10,20,1,10,1,10,7000,780327.9975,9981167.901,-78.48156882,-0.17021423,NO,NO
17,PICHINCHA,60,QUITO,7170,IÑAQUITO,1,IÑAQUITO,118,UNIDAD EDUCATIVA LA CONDAMINE,SI,JAPON N37-272 Y NACIONES UNIDAD,2921090,11,10,21,21,31,21,30,6845,780217.4881,9980916.783,-78.48256068,-0.1724841,NO,NO
17,PICHINCHA,60,QUITO,7175,ITCHIMBIA,1,ITCHIMBIA,1540,U.E. SANTIAGO DE GUAYAQUIL BLOQUE 2,NO,MANUEL LOPERA N5-210 Y PARQUE ITCHIMBIA,22571345,4,5,9,31,34,31,35,2724,778042,9975410,-78.50208505,-0.22226062,NO,NO
17,PICHINCHA,60,QUITO,7175,ITCHIMBIA,1,ITCHIMBIA,246,ESCUELA FISCAL SIMON BOLIVAR,SI,GANDAR N156 Y AV GRAN COLOMBIA,22525533,8,8,16,23,30,23,30,5600,778205.19,9976169.078,-78.50062103,-0.21539933,NO,NO
17,PICHINCHA,60,QUITO,7175,ITCHIMBIA,1,ITCHIMBIA,253,U.E.F. SANTIAGO DE GUAYAQUIL,SI,MANUEL LUPERA N2-210 PARQUE ITCHIMBIA,2571340,12,12,24,1,12,1,12,8400,778094.496,9975475.7,-78.50161383,-0.2216667,NO,NO
17,PICHINCHA,60,QUITO,7175,ITCHIMBIA,1,ITCHIMBIA,257,UNIDAD EDUCATIVA MARIA AUXILIADORA,SI,JOSE BARBA Y YAGUACHI,22554002,10,10,20,13,22,13,22,7000,778805.5948,9975898.129,-78.49523008,-0.21784744,NO,NO
17,PICHINCHA,60,QUITO,7185,KENNEDY,1,KENNEDY,1448,TECNICO SALESIANO DON BOSCO,SI,RAFAEL BUSTAMANTE E6-87 GONZALO ZALDUMBIDE,2404190,20,20,40,1,20,1,20,14000,780708,9984132,-78.47816035,-0.1434228,NO,NO
17,PICHINCHA,60,QUITO,7185,KENNEDY,1,KENNEDY,679,ESCUELA JUAN FRANCISCO LEORO VASQUEZ,SI,GONZALO ZALDUMBIDE 1520 Y AV. RAMON BORJA,2401848,14,14,28,21,34,21,34,9800,780764.8111,9984642.361,-78.47765079,-0.13880985,NO,NO
17,PICHINCHA,60,QUITO,7185,KENNEDY,1,KENNEDY,6153,U.E. AVIACION CIVIL COTAC,SI,CAP. ALFONSO YEPEZ Y AV. GALO PLAZA,2413080,13,13,26,35,47,35,47,8697,780215,9984989,-78.48258734,-0.13567727,NO,NO
17,PICHINCHA,60,QUITO,7200,LA ECUATORIANA,1,LA ECUATORIANA,962,UE FEDERICO GARCIA LORCA,SI,MARTIN ICAZA N 47-188,22696376,12,12,24,1,12,1,12,8400,771595.735,9965192.282,-78.55994398,-0.31462886,NO,NO
17,PICHINCHA,60,QUITO,7200,LA ECUATORIANA,1,LA ECUATORIANA,6141,ESCUELA GALO VELA ALVAREZ,SI,AV. LA ECUATORIANA Y CALLE TURUBUMBA,3000045,13,11,24,13,25,13,23,7855,770863,9965271,-78.56652315,-0.31391887,NO,NO
17,PICHINCHA,60,QUITO,7205,LA FERROVIARIA,1,LA FERROVIARIA,998,C.T. VICENTE ROCAFUERTE,SI,HELEODORO AYALA N E7-10 Y NARIZ DEL DIABLO,22614242,14,13,27,1,14,1,13,9170,776487.05,9970966.67,-78.51603848,-0.26242515,NO,NO
17,PICHINCHA,60,QUITO,7220,PONCEANO,1,PONCEANO,280,E.E.B. SIXTO DURÁN BALLEN,SI,AV. JOSÉ DE SOTO OE4-32 Y AV. LA PRENSA,22494277,8,8,16,1,8,1,8,5600,779219.2571,9988627.975,-78.49153017,-0.10278702,NO,NO
17,PICHINCHA,60,QUITO,7220,PONCEANO,1,PONCEANO,5256,SAINT PATRICK SCHOOL,NO,MANUEL HERRERA Y MERCEDES NOBOA OE4-130,2805676,4,3,7,9,12,9,11,2041,779662.5449,9988461.506,-78.48755018,-0.10429135,NO,NO
17,PICHINCHA,60,QUITO,7235,RUMIPAMBA,1,RUMIPAMBA,901,U.E.P. SAGRADOS CORAZONES DE RUMIPAMBA,SI,AVENIDA ATAHUALPA,2442242,10,10,20,13,22,13,22,6720,779225.3686,9979703.963,-78.49146653,-0.18344746,NO,NO
17,PICHINCHA,60,QUITO,7235,RUMIPAMBA,1,RUMIPAMBA,1196,U.E. BORJA 3 CAVANIS,SI,VERACRUZ Y AV. REPUBLICA,2433825,12,12,24,1,12,1,12,8400,779099.8811,9980275.244,-78.49259388,-0.17828404,NO,NO
17,PICHINCHA,60,QUITO,7240,SAN BARTOLO,1,SAN BARTOLO,688,U.E. FISCAL SUCRE,SI,TEODORO GOMEZ DE LA TORRE S14-72 y JOAQUIN GUTIERREZ,22672433,19,17,36,1,19,1,17,12190,775287.59,9970926.29,-78.52680762,-0.26279229,NO,NO
17,PICHINCHA,60,QUITO,7250,SAN JUAN,1,SAN JUAN,167,U.E. DIEZ DE AGOSTO,SI,CARCHI Y BOMBONA,2573439,13,12,25,1,13,1,12,8485,776995.5761,9976460.439,-78.51148166,-0.21276759,NO,NO
17,PICHINCHA,60,QUITO,7255,SOLANDA,1,SOLANDA,456,E.E.B. CIUDAD DE SAN GABRIEL,SI,MANUEL ALVARADO Oe4-452 y FRANCISCO RUEDA,23060017,17,11,28,25,41,25,35,9828,773386.4476,9970343.367,-78.54387593,-0.2680647,NO,NO
17,PICHINCHA,60,QUITO,7255,SOLANDA,1,SOLANDA,357,U.E. FISCOMISIONAL MARÍA AUGUSTA URRUTIA,SI,MANUEL MONTERO S22-53 JUAN NUÑEZ,3060939,12,12,24,13,24,13,24,8400,773835,9969988,-78.53984795,-0.27127601,NO,NO
17,PICHINCHA,60,QUITO,7255,SOLANDA,1,SOLANDA,390,ESCUELA EDUARDO VASQUEZ DODERO,SI,JUAN NUÑEZ,2682110,12,12,24,1,12,1,12,8400,773831.7451,9969879.232,-78.53987697,-0.27225917,NO,NO
17,PICHINCHA,60,QUITO,5015,CHIMBACALLE,1,CHIMBACALLE,249,U.E. PEREZ PALLAREZ,SI,VILLONACO S8266 Y ANDES,2650057,20,20,40,1,20,1,20,14000,776306.854,9973186.596,-78.51766015,-0.24236009,NO,NO
17,PICHINCHA,60,QUITO,5015,CHIMBACALLE,1,CHIMBACALLE,174,COLEGIO TECNICO HUMANISTICO EXPERIMENTAL QUITO,SI,PEDRO GUAL EI-65 PEDRO PUELLES,2644846,24,24,48,21,44,21,44,16800,776585.3542,9973773.563,-78.51516064,-0.23705418,NO,NO
17,PICHINCHA,60,QUITO,5015,CHIMBACALLE,1,CHIMBACALLE,178,U.E. JASON MILLER,SI,VILLONACO N°S-899 Y CARIHUAIRAZO,22450616,12,12,24,45,56,45,56,8400,776469,9973309,-78.51620455,-0.24125344,NO,NO
17,PICHINCHA,60,QUITO,5015,CHIMBACALLE,1,CHIMBACALLE,6768,ESCUELA E.G.B. DELIA IBARRA DE VELASCO,SI,CHAMBO S8-14 Y ANTISANA,2663850,6,4,10,62,67,72,75,3500,776734,9973241,-78.51382519,-0.24186764,NO,NO
17,PICHINCHA,60,QUITO,5015,CHIMBACALLE,1,CHIMBACALLE,6977,E. AVELINA LASSO DE PLAZA,SI,RICARDO JARAMILLO OE2-48 Y SANTA ANA,0,5,15,20,57,61,57,71,7000,776069,9973712,-78.51979654,-0.23761147,NO,NO
17,PICHINCHA,60,QUITO,5015,CHIMBACALLE,1,CHIMBACALLE,8023,JARDIN RAQUEL VERDESOTO DE ROMO,NO,PILAHUIN Y UPANO,2663443,3,2,5,68,70,76,77,1447,776823.13,9973885.42,-78.513026,-0.23604275,NO,NO
17,PICHINCHA,60,QUITO,5220,COTOCOLLAO,1,COTOCOLLAO,867,U.E. MENA DEL HIERRO,SI,EMILIO BUSTAMANTE N67-41 Y CUICOCHA,2593942,18,18,36,19,36,19,36,12600,778578.7982,9987482.042,-78.49727943,-0.11314514,NO,NO
17,PICHINCHA,60,QUITO,5220,COTOCOLLAO,1,COTOCOLLAO,902,C.P. ALFONSO DEL HIERRO LA SALLE,SI,CUICOCHA OE5-4 Y EMILIO BUSTAMANTE ANDRADE,2596822,18,18,36,1,18,1,18,12600,778773.7268,9987484.012,-78.49552934,-0.11312718,NO,NO
17,PICHINCHA,60,QUITO,5220,COTOCOLLAO,1,COTOCOLLAO,903,"E.E.B. ""TARQUINO HIDROVO""",SI,GRAL. JOSE MARIA GUERRERO N68-117 E IGNACIO DE LOYOLA,2491444,18,18,36,47,64,47,64,12600,778478.3803,9987636.54,-78.49818112,-0.11174877,NO,NO
17,PICHINCHA,60,QUITO,5220,COTOCOLLAO,1,COTOCOLLAO,1288,CENTRO DEL MUCHACHO TRABAJADOR-UNA FAMILIA DE FAMILIAS,SI,JOSE NOGALES N79-172 Y PIEDRAS NEGRAS,2493459,10,10,20,65,74,65,74,7000,778716.1721,9987817.377,-78.49604633,-0.11011406,NO,NO
17,PICHINCHA,60,QUITO,5220,COTOCOLLAO,1,COTOCOLLAO,384,ESCUELA MANUELA SAENZ,SI,CUICOCHA Oe5-223 Y SANTA ELENA,2530589,10,10,20,37,46,37,46,7000,778487.9501,9987405.846,-78.49809502,-0.11383391,NO,NO
17,PICHINCHA,60,QUITO,5220,COTOCOLLAO,1,COTOCOLLAO,883,U.E. ANDRES BELLO,SI,AV DE LA PRENSA N71-79 Y PABLO PICASSO,2593222,16,16,32,75,90,75,90,11200,779118.8177,9988263.042,-78.49243166,-0.10608558,NO,NO
17,PICHINCHA,60,QUITO,5220,COTOCOLLAO,1,COTOCOLLAO,6196,UNIVERSIDAD INDOAMERICA,SI,MACHALA Y SABANILLA,2382970,10,10,20,91,100,91,100,7000,778435.6433,9986678.342,-78.49856406,-0.1204096,NO,NO
17,PICHINCHA,60,QUITO,5220,COTOCOLLAO,1,COTOCOLLAO,6847,UNIVERSIDAD DE ESPECIALIDADES TURISTICAS,SI,MACHALA OE160 JOSE CARRION Y MARISCAL SUCRE,22492190,1,8,9,101,101,101,108,3154,778027,9987623,-78.50223367,-0.11187149,NO,NO
17,PICHINCHA,60,QUITO,5260,CHILLOGALLO,1,CHILLOGALLO,173,UNIVERSIDAD POLITECNICA SALESIANA SUR,SI,RUMICHACA Y MORAN VALVERDE,23962800,16,31,47,121,136,121,151,16404,772752,9968779,-78.54956946,-0.28220613,NO,NO
17,PICHINCHA,60,QUITO,5260,CHILLOGALLO,1,CHILLOGALLO,317,ACADEMIA MILITAR GENERAL MIGUEL ITURRALDE,SI,AV. MORAN VALVERDE Y AV. MARISCAL SUCRE,22626561,26,26,52,53,78,53,78,18200,772568.7161,9969006.201,-78.55121552,-0.28015281,NO,NO
17,PICHINCHA,60,QUITO,5260,CHILLOGALLO,1,CHILLOGALLO,320,U.E. RINCON DEL SABER,SI,JULIAN ESTRELLA S29-33 Y MARCOS ESCORZA,22620568,10,10,20,111,120,111,120,7000,772059.7625,9969526.788,-78.55578619,-0.27544817,NO,NO
17,PICHINCHA,60,QUITO,5260,CHILLOGALLO,1,CHILLOGALLO,568,ISTPET INSTITUTO TRAVERSARI,SI,MATILDE ALVAREZ Y RAFAEL GARCIA OE 7-100,3035895,26,26,52,27,52,27,52,18200,771966.5444,9968957.711,-78.5566221,-0.28059225,NO,NO
17,PICHINCHA,60,QUITO,5260,CHILLOGALLO,1,CHILLOGALLO,1400,U.E. PARTICULAR PEDRO TRAVESARI,SI,CARLOS FREIRE S32-33 Y FRANCISCO CHIRIBOGA,2842005,26,26,52,1,26,1,26,18200,772100.5831,9968788.513,-78.5554183,-0.28212138,NO,NO
17,PICHINCHA,60,QUITO,5260,CHILLOGALLO,1,CHILLOGALLO,5308,INSTITUCIÓN EDUCATIVA FISCOMISIONAL JUAN PABLO II FE Y ALEGRIA,SI,CARLOS FREILE S29-114 Y MANUEL CORONADO,2639862,6,6,12,105,110,105,110,4200,772182.1181,9969345.715,-78.55468727,-0.27708467,NO,NO
17,PICHINCHA,60,QUITO,5260,CHILLOGALLO,1,CHILLOGALLO,7486,UNIDAD EDUCATIVA PARTICULAR PEDRO TRAVESARI CAMPUS 2,SI,AMBROSIO ACOSTA OE9-24 Y MANUELA CAÑIZARES,30333660,26,26,52,79,104,79,104,18200,771645,9968899,-78.55950902,-0.28112355,NO,NO
17,PICHINCHA,60,QUITO,5535,LA LIBERTAD,1,LA LIBERTAD,433,E.E. FISCOMISIONAL GONZALO CORDERO CRESPO,SI,JARAMIJO Y PONCE DE LEÒN,3170177,1,2,3,21,21,21,22,977,775144.4064,9974334.604,-78.52809888,-0.23198536,NO,NO
17,PICHINCHA,60,QUITO,5535,LA LIBERTAD,1,LA LIBERTAD,1244,U.E. ENRIQUE PROAÑO BLOQUE 2,SI,PUNAES Y POMASQUI,2953150,10,10,20,11,20,11,20,7000,775462.9437,9974811.149,-78.52523967,-0.22767745,NO,NO
17,PICHINCHA,60,QUITO,5535,LA LIBERTAD,1,LA LIBERTAD,881,U.E. DANIEL ENRIQUE PROAÑO,SI,FLORENCIO OLEARY Y PUNAES,23172675,10,10,20,1,10,1,10,7000,775472.028,9974696.801,-78.52515793,-0.228711,NO,NO
17,PICHINCHA,60,QUITO,5260,CHILLOGALLO,6,VENCEREMOS,5108,P.S. CENTRO DE REFERENCIA MI PATIO,NO,ERNESTO ALBAN E ISIDORO BARRIGA,5007100,3,2,5,1,3,1,2,1684,771865.4146,9968260.856,-78.55752878,-0.28689134,NO,NO
17,PICHINCHA,60,QUITO,7140,CENTRO HISTORICO,3,LA LOMA,872,U.E. MUNICIPAL FERNANDEZ MADRID,SI,VICENTE ROCAFUERTE Y PASAJE LICEO,22582636,10,10,20,1,10,1,10,7000,777144.8273,9974998.527,-78.51013946,-0.22598117,NO,NO
17,PICHINCHA,60,QUITO,7140,CENTRO HISTORICO,3,LA LOMA,598,U.E.M ANTONIO JOSE DE SUCRE,SI,SUCRE Y JUAN PIO MONTUFAR N3-34,22584316,8,8,16,11,18,11,18,5430,777167.3191,9975207.655,-78.50993784,-0.22409089,NO,NO
17,PICHINCHA,60,QUITO,7160,EL CONDADO,6,SANTA ANITA,498,ESCUELA FERNANDO DAQUILEMA,NO,MACHALA OE-104 Y BELEN,5498305,4,3,7,1,4,1,3,2154,777320.2251,9987389.663,-78.50857905,-0.1139811,NO,NO
17,PICHINCHA,60,QUITO,440,CALDERON,2,CARAPUNGO,1028,U.E. LUXEMBURGO,SI,RUMIÑAHUI OE11 Y PULULAHUA,22423194,8,8,16,9,16,9,16,5600,783629.3371,9989603.035,-78.45193734,-0.09397097,NO,NO
17,PICHINCHA,60,QUITO,440,CALDERON,2,CARAPUNGO,355,U.E. LUXEMBURGO BLOQUE 1,SI,RUMIÑAHUI OE 11 SODIRO AYORA,2426359,8,8,16,1,8,1,8,5600,783672.2721,9989533.001,-78.45155183,-0.09460393,NO,NO
17,PICHINCHA,60,QUITO,440,CALDERON,2,CARAPUNGO,6830,ESCUELA DE EDUCACION BASICA MARIA TERESA DAVILA DE ROSANIA,SI,JOSE MARIA VELASCO IBARRA,22421545,14,4,18,25,38,25,28,6075,783589,9989955,-78.4522997,-0.09078983,NO,NO
17,PICHINCHA,60,QUITO,440,CALDERON,2,CARAPUNGO,6173,I.E. NAHIM ISAIAS BARQUET,SI,RIO SALADO Y RIO MARAÑON,2420411,8,8,16,17,24,17,24,5600,783580.4089,9988999.779,-78.4523762,-0.09942342,NO,NO
17,PICHINCHA,770,SAN MIGUEL DE LOS BANCOS,6350,S. MIGUEL DE LOS BANCOS,4,RÍO BLANCO,3910,ESCUELA LIGDANO CHAVEZ,NO,VIA QUININDE,2770213,1,1,2,1,1,1,1,363,715126.933,9993914.78,-79.0670769,-0.05502336,SI,SI
17,PICHINCHA,60,QUITO,5540,LA MAGDALENA,1,LA MAGDALENA,922,COLEGIO TECNICO SAN JOSE,SI,AV.LOS LIBERTADORES 210 Y AV. JACINTO COLLAHUAZO,2665272,20,20,40,1,20,1,20,14000,775340,9973570,-78.52634155,-0.23889617,NO,NO
17,PICHINCHA,60,QUITO,5540,LA MAGDALENA,1,LA MAGDALENA,490,U.E. PAULO VI,SI,MARISCAL SUCRE 59-199 Y LOS LIBERTADORES,22650417,20,20,40,21,40,21,40,14000,775109.3562,9973689.744,-78.52841255,-0.2378142,NO,NO
17,PICHINCHA,60,QUITO,5540,LA MAGDALENA,1,LA MAGDALENA,1538,E.E.B. ROBERTO CRUZ,SI,PURUHA E02.170 Y AV. ANTONIO JOSE DE SUCRE,2075230,15,15,30,61,75,61,75,10237,774772.8125,9973492.371,-78.53143386,-0.23959877,NO,NO
17,PICHINCHA,60,QUITO,5540,LA MAGDALENA,1,LA MAGDALENA,1026,INSTITUCION EDUCATIVA FISCAL BENITO JUAREZ,SI,AUSHYRIS Oe3-207 Y AV. JACINTO COLLAHUAZO,2657350,20,20,40,41,60,41,60,14000,774946,9972997,-78.5298781,-0.24407607,NO,NO
17,PICHINCHA,65,CAYAMBE,165,ASCAZUBI,0,,295,ESCUELA CIUDAD DE GUAYAQUIL,SI,GUAYAQUIL Y GARCIA MORENO,2387458,8,7,15,1,8,1,7,5066,801647.9697,9991069.077,-78.2901808,-0.0807099,NO,NO
17,PICHINCHA,65,CAYAMBE,480,CANGAHUA,1,CANGAHUA,809,E.E.B. JOSE ACOSTA VALLEJO,SI,JUAN MONTALVO Y QUIROGA,23610872,17,16,33,1,17,1,16,11535,815371.1861,9993175.584,-78.167,-0.06166667,NO,NO
17,PICHINCHA,65,CAYAMBE,2600,OLMEDO/PESILLO,0,,1222,U.E. JOSE JOAQUIN OLMEDO,SI,CORDERO CRESPO Y RODRIGUEZ LARA,22105270,10,9,19,1,10,1,9,6388,825439,10015341,-78.07663114,0.138613,NO,NO
17,PICHINCHA,60,QUITO,7135,CARCELEN,3,CARCELEN BAJO,276,U.E. ATANASIO VITERI,SI,CALLE A 155 E8 ENTRE 143 N92,2800667,12,10,22,1,12,1,10,7489,782646.5131,9991684.385,-78.4607622,-0.07515961,NO,NO
17,PICHINCHA,770,SAN MIGUEL DE LOS BANCOS,6350,S. MIGUEL DE LOS BANCOS,2,GANADEROS ORENSES,3801,COLEGIO CARLOS ALOMOTO AYALA,NO,VIA PRINCIPAL LOS BANCOS STO. DOMINGO,2153191,1,1,2,1,1,1,1,621,724026.0849,9991621.659,-78.98714934,-0.07575439,NO,NO
17,PICHINCHA,60,QUITO,7185,KENNEDY,7,COFAVI,1034,UNIDAD EDUCATIVA HIPATIA CARDENAS DE BUSTAMANTE,SI,NICOLAS JOAQUIN DE ARTETA OE2-49 Y MANUELA MATHEU,22406128,8,8,16,1,8,1,8,5600,780020.0608,9985391.047,-78.48433788,-0.13204354,NO,NO
17,PICHINCHA,60,QUITO,7185,KENNEDY,7,COFAVI,302,U.E. JULIO MARIA MATOVELLE,SI,REAL AUIDIENCIA N75-75Y JOSE MARIA BORRERO,2407210,5,5,10,9,13,9,13,3165,779702,9985311,-78.48719338,-0.13276734,NO,NO
17,PICHINCHA,60,QUITO,7185,KENNEDY,8,SANTA LUCIA,8012,COLEGIO ADVENTISTA CIUDAD DE QUITO,NO,SANTA LUCIA Y AVENIDA 6 DE DICIEMBRE,222222222,3,3,6,1,3,1,3,1761,780816.4,9986019.7,-78.47718889,-0.12636074,NO,NO
17,PICHINCHA,60,QUITO,7190,LA ARGELIA,2,EL MIRADOR - SANTA ROSA,332,U.E. CAPITAN ALFONSO ARROYO,SI,CALUMA S21-48 Y PICOAZA,3081439,6,4,10,1,6,1,4,3220,775527.2186,9968860.391,-78.52465232,-0.28146513,NO,NO
17,PICHINCHA,60,QUITO,7190,LA ARGELIA,3,LUCHA DE LOS POBRES - GUAJALO,1474,COLEGIO JAVIER FRANCISCO SALAZAR,SI,21 DE AGOSTOE164 Y PEDRO VICENTE MALDONADO,2673355,14,11,25,1,14,1,11,8684,774370.3114,9968570.331,-78.535039,-0.28408917,NO,NO
17,PICHINCHA,60,QUITO,7190,LA ARGELIA,4,ORIENTE QUITEÑO,1042,EEB VICENTE AURELIO CRESPO OCHOA,NO,AE9-18 Y CALLE 2,2683304,5,4,9,1,5,1,4,2856,776374,9969340,-78.5170505,-0.27712844,NO,NO
17,PICHINCHA,60,QUITO,7190,LA ARGELIA,5,SAN MARTIN,1398,E.E.B. NICOLAS GUILLEN,NO,LA LUCHA ALTA Y AV. PRINCIPAL S-29 E-7 J,3073783,4,3,7,1,4,1,3,2515,775468.4126,9967651.638,-78.52517796,-0.29239094,NO,NO
17,PICHINCHA,60,QUITO,7200,LA ECUATORIANA,2,2 DE FEBRERO,168,U.E. ANTONIO NARIÑO,SI,ANDRES PEREZ Y CALLE 10 S41-164,23690087,7,5,12,1,7,1,5,3722,770383.5515,9967016.503,-78.57083155,-0.29814206,NO,NO
17,PICHINCHA,60,QUITO,7200,LA ECUATORIANA,3,LAS ORQUIDEAS,241,U.E. ARTURO BORJA,SI,GREGORIO FLOR Y ALONSO PABLO,22621970,12,9,21,1,12,1,9,6970,771125.2646,9966550.644,-78.56417098,-0.30235151,NO,NO
17,PICHINCHA,60,QUITO,7200,LA ECUATORIANA,4,LAS ORQUIDEAS ALTAS,432,UE PRIMICIAS DE LA CULTURA DE QUITO,SI,ERNESTO ALBAN S37-224 3 Y 4,22626059,8,9,17,1,8,1,9,5857,771469.8569,9967416.333,-78.56107872,-0.2945258,NO,NO
17,PICHINCHA,60,QUITO,7200,LA ECUATORIANA,5,MANUELA SAENZ,3646,E.E.B.ERNESTO CHE GUEVARA,NO,PSJ 8 /s54 F S/N,23014524,2,2,4,1,2,1,2,1305,769599.939,9963630.475,-78.57786038,-0.32875051,NO,NO
17,PICHINCHA,60,QUITO,7200,LA ECUATORIANA,6,NUEVOS HORIZONTES,435,I.E. SANTA CRUZ DE LA PROVIDENCIA FE Y ALEGRIA,NO,Oe9A MZ 11 Oe9-24 BB MANUELITA SAENZ,23014402,4,3,7,1,4,1,3,2205,770356.9151,9964273.555,-78.57106504,-0.32293597,NO,NO
17,PICHINCHA,60,QUITO,7160,EL CONDADO,4,RANCHO BAJO,878,E.E.B LUIS G. TUFIÑO,NO,SAN JOSE DE CANGAHUA N76-140 Y SAN FRANCISCO DE RUMIHURCO,3383273,5,4,9,1,5,1,4,2615,778466.9301,9989734.659,-78.49828539,-0.09278465,NO,NO
17,PICHINCHA,60,QUITO,7160,EL CONDADO,5,LA CAMPIÑA,3640,UNIDAD EDUCATIVA SANTO DOMINGO SAVIO,NO,PEDRO PORRAS Y JUAN DE VELASCO,3431230,1,1,2,1,1,1,1,231,780438,9992010,-78.48059027,-0.07221769,NO,NO
17,PICHINCHA,60,QUITO,7165,GUAMANI,5,MATILDE ALVAREZ,1468,U.E. TECNICA VIDA NUEVA,SI,AV.MALDONADO S58-34 Y CALLE 4,2692207,9,7,16,1,9,1,7,5464,772733.5359,9962523.448,-78.54972222,-0.33875,NO,NO
17,PICHINCHA,60,QUITO,7165,GUAMANI,6,TURUBAMBA DE MONJAS,427,ESCUELA MARIA ISABEL RUILOVA,SI,EMILIO USCATEGUI S51-117 Y CARLOS MANCHENO,3170647,5,4,9,1,5,1,4,3061,771317.13,9964118.11,-78.5624432,-0.32433897,NO,NO
17,PICHINCHA,60,QUITO,7170,IÑAQUITO,2,24 DE MAYO,231,ANEXA GUAYAQUIL/ U.E. FISCAL GUAYAQUIL,SI,MANUELA CAMACHO N 39-50 y PORTETE,2455846,4,4,8,17,20,17,20,2667,781233.558,9980779.775,-78.47343821,-0.17372122,NO,NO
17,PICHINCHA,60,QUITO,7170,IÑAQUITO,2,24 DE MAYO,341,COLEGIO EXPERIMENTAL 24 DE MAYO,SI,MARÍA ANGELICA CARRILLO Y JOSE ABASCAL,2260238,16,16,32,1,16,1,16,11200,781177.2189,9980543.286,-78.47394374,-0.17585878,NO,NO
17,PICHINCHA,60,QUITO,7170,IÑAQUITO,3,BATAN - LA PAZ,236,U.E.E. LA DOLOROSA,SI,ALFREDO PAREJA N 32 102 Y PEDRO PONCE CARRASCO,3931140,8,6,14,1,8,1,6,4873,780437.5999,9978696.641,-78.48058171,-0.1925506,NO,NO
17,PICHINCHA,60,QUITO,7170,IÑAQUITO,4,BENALCAZAR,1477,COLEGIO SEBASTIAN DE BENALCAZAR,SI,IRLANDA y AV. 6 DE DICIEMBRE,22435313,20,17,37,1,20,1,17,12838,780534.052,9979743.188,-78.47971711,-0.18309126,NO,NO
17,PICHINCHA,60,QUITO,7170,IÑAQUITO,5,LA CAROLINA,1439,UNIDAD EDUCATIVA FISCAL REPUBLICA DE BOLIVIA,SI,IÑAQUITO Y ATAHUALPA,2242002,8,3,11,17,24,17,19,3764,779563.2925,9979737.856,-78.48843266,-0.18314069,NO,NO
17,PICHINCHA,60,QUITO,7170,IÑAQUITO,5,LA CAROLINA,483,I.F. LUIS NAPOLEON DILLON,SI,AV. 9 DE OCTUBRE Y MARIANO ACOSTA,22564005,8,8,16,1,8,1,8,5600,779181.42,9978371.85,-78.49185938,-0.19548793,NO,NO
17,PICHINCHA,60,QUITO,7170,IÑAQUITO,5,LA CAROLINA,8040,U.E.F. NUMA POMPILLO LLONA,SI,INGLATERRA ENTRE CUERO CAICEDO,22524730,8,8,16,9,16,9,16,5600,779133.1,9978677,-78.4922936,-0.19272987,NO,NO
17,PICHINCHA,60,QUITO,7175,ITCHIMBIA,2,GUAPULO,250,E.E.B. NICOLAS JAVIER GORIBAR,SI,AV DE LOS CONQUISTADORES N26-47 Y ANA DE AYALA,23340456,5,5,10,1,5,1,5,3311,780882.61,9977457.9,-78.4765847,-0.20374635,NO,NO
17,PICHINCHA,60,QUITO,7175,ITCHIMBIA,3,LA VICENTINA,1449,U.E. ANGEL ISAAC CHIRIBOGA,SI,Luis Godin y Fray Vicente Solano,2256931,5,5,10,11,15,11,15,3188,779468.79,9975903.51,-78.48927583,-0.2177978,NO,NO
17,PICHINCHA,60,QUITO,7175,ITCHIMBIA,3,LA VICENTINA,5120,U.E. MANUEL CORDOVA GALARZA,SI,ANMAGOY KIA Y PASAJE ANGOSTURA,2552930,10,10,20,1,10,1,10,7000,779865.36,9976037.06,-78.48571558,-0.21659011,NO,NO
17,PICHINCHA,60,QUITO,7175,ITCHIMBIA,4,SAN PABLO,244,E.F. ODILO AGUILAR,NO,NATALIA VELA N 16-38 Y JOSE TOBAR,2548333,4,3,7,1,4,1,3,2465,780124.8597,9975743.867,-78.48338532,-0.21923975,NO,NO
17,PICHINCHA,60,QUITO,7175,ITCHIMBIA,5,TOLA BAJA,1460,I.E. REPUBLICA FEDERAL DE ALEMANIA,NO,ANGELA VIVERO DE CAMAAÑO Y REMIGIO CRESPO TORAL,22580350,3,3,6,1,3,1,3,1922,778169.778,9974697.58,-78.50093673,-0.22869974,NO,NO
17,PICHINCHA,60,QUITO,7180,JIPIJAPA,2,EL INCA,258,E.E.B. ABRAHAM LINCON,SI,DE LOS VIÑEDOS N45-212 Y MIGUEL GAVIRIA,3390649,9,8,17,1,9,1,8,5645,781153,9982515,-78.47416345,-0.15803755,NO,NO
17,PICHINCHA,60,QUITO,7180,JIPIJAPA,3,LOS LAURELES,330,U.E. PARTICULAR MARISTA,SI,DE LAS GARDENIAS E12-100 Y AV. DE LAS PALMERAS,2468161,10,10,20,1,10,1,10,7000,781418.8999,9982469.531,-78.47177616,-0.15844822,NO,NO
17,PICHINCHA,60,QUITO,7180,JIPIJAPA,3,LOS LAURELES,333,UNIDAD EDUCATIVA NUESTRA SEÑORA DE ROSARIO,SI,LAURELES Y GARDENIAS,2433945,5,5,10,11,15,11,15,3425,781766.6975,9982478.328,-78.46865365,-0.15836833,NO,NO
17,PICHINCHA,60,QUITO,7180,JIPIJAPA,4,MONTESERRIN,860,ACADEMIA COTOPAXI,SI,ALONDRAS Y DE LAS HIGUERAS,23823270,8,6,14,1,8,1,6,4681,782656.8816,9982406.409,-78.46066157,-0.15901738,NO,NO
17,PICHINCHA,60,QUITO,7185,KENNEDY,4,LA LUZ,863,I.E. MANUEL ADRIAN NAVARRO,SI,DIOGENES PAREDES N 49-182 Y ABELARDO MONTALVO,22400456,10,7,17,1,10,1,7,5691,780435,9983781,-78.480611,-0.14659559,NO,NO
17,PICHINCHA,60,QUITO,7185,KENNEDY,5,LAS ACACIAS,3684,UEP DE AMERICA MARIA A. CARRILLO DE MATA,NO,AV. EL INCA E6-69 Y FRANCISCO DE IZAZAGA,22403181,3,3,6,1,3,1,3,1874,780570.8384,9982764.407,-78.47939037,-0.15578393,NO,NO
17,PICHINCHA,75,PEDRO MONCAYO,4090,TUPIGACHI,1,TUPIGACHI,437,ESC. MARIA DE LAS MERCEDES SUAREZ,SI,FRANCISCO FALCON Y VALENCIA,2109207,7,6,13,1,7,1,6,4058,813828,10008443,-78.18085039,0.0762934,NO,NO
17,PICHINCHA,75,PEDRO MONCAYO,6145,TABACUNDO,0,,1195,U.E TABACUNDO,SI,JUAN MONTALVO Y GONZALES SUARES,22365096,12,12,24,1,12,1,12,8400,809451.394,10005087.8,-78.22013618,0.04597639,NO,NO
17,PICHINCHA,75,PEDRO MONCAYO,6145,TABACUNDO,0,,6124,UNIDAD EDUCATIVA DEL MILENIO COCHASQUI,SI,VICENTE ESTRELLA Y PANAMERICA NORTE,23836550,14,14,28,13,26,13,26,9447,810411,10004921,-78.21152275,0.04446876,NO,NO
17,PICHINCHA,80,RUMIÑAHUI,680,COTOGCHOA,0,,256,E.E.B. RUPERTO ALARCON FALCONI,NO,JAMBA 224 CALLE 15,2085125,5,5,10,1,5,1,5,2910,783440.52,9959149.24,-78.45358336,-0.36922219,NO,NO
17,PICHINCHA,80,RUMIÑAHUI,3230,RUMIPAMBA,0,,3815,ESCUELA FRANZ WARZAWA,NO,AV. CALLE PRINCIPAL LOS 3 VOLCANES,2850368,1,1,2,1,1,1,1,558,787342.895,9952240.442,-78.41852877,-0.43165419,NO,NO
17,PICHINCHA,80,RUMIÑAHUI,5965,SANGOLQUI,1,SANGOLQUI,457,COLEGIO JACINTO JIJON CAAMAÑO,SI,JUAN DE SALINAS Y AVETOS,2331619,20,20,40,21,40,21,40,14000,785130.59,9962617.44,-78.43841859,-0.33787148,NO,NO
17,PICHINCHA,80,RUMIÑAHUI,5965,SANGOLQUI,1,SANGOLQUI,502,U.E.JUAN DE SALINAS,SI,AV. JUAN DE SALINAS S/N,2330294,20,20,40,1,20,1,20,14000,785100.64,9962812.34,-78.43868794,-0.33611001,NO,NO
17,PICHINCHA,80,RUMIÑAHUI,5965,SANGOLQUI,1,SANGOLQUI,1171,U.E. FRANCISCANA LA INMACULADA,SI,AV. GENERAL ENRIQUEZ 3366 Y MONTUFAR,22331034,12,12,24,41,52,41,52,8400,783763.3409,9963679.377,-78.45069609,-0.32827664,NO,NO
17,PICHINCHA,80,RUMIÑAHUI,5965,SANGOLQUI,1,SANGOLQUI,5273,U.E. CARLOS LARCO HIDALGO,SI,AV. LUIS CORDERO Y CARLOS LARCO,2330480,10,10,20,63,72,63,72,7000,784298.1524,9963731.776,-78.44589472,-0.32780181,NO,NO
17,PICHINCHA,80,RUMIÑAHUI,5965,SANGOLQUI,1,SANGOLQUI,5275,U.E. LEOPOLDO MERCADO,SI,CARLOS LARCO Y CALLE QUITO SN,2330979,10,10,20,53,62,53,62,7000,784472.06,9963577.8,-78.44433304,-0.32919308,NO,NO
17,PICHINCHA,80,RUMIÑAHUI,5965,SANGOLQUI,1,SANGOLQUI,6889,A. A. PEDRO TRAVERSARI,SI,AV. GENERAL ENRIQUEZ 0428 COTOPAXI,2330267,16,16,32,73,88,73,88,11200,783583.627,9963164.864,-78.45230837,-0.33292738,NO,NO
17,PICHINCHA,80,RUMIÑAHUI,5965,SANGOLQUI,1,SANGOLQUI,8050,COLEGIO DARIO FIGUEROA,NO,AV. LUIS CORDERO,2330976,9,5,14,89,97,89,93,4739,784564.77,9963417.33,-78.44350033,-0.33064323,NO,NO
17,PICHINCHA,60,QUITO,440,CALDERON,1,CALDERON,1423,E.E.B. PABLO MUÑOZ VEGA,SI,HUMBERTO CABEZAS N3-65 Y PANAMERICANA NORTE,22824479,20,20,40,81,100,81,100,14000,785905.4371,9988552.539,-78.43150237,-0.10346402,NO,NO
17,PICHINCHA,60,QUITO,440,CALDERON,1,CALDERON,232,ISM INTERNATIONAL ACADEMY,SI,CALLE UNIÓN N5-79 Y CAP. GEOVANNY CALLES,2023591,20,20,40,61,80,61,80,14000,786629.1525,9990147.837,-78.42500619,-0.089045,NO,NO
17,PICHINCHA,60,QUITO,440,CALDERON,1,CALDERON,233,U.E. ALFREDO CISNEROS,SI,PROGRESO N3-106 Y MARIA GODOY,0,20,20,40,41,60,41,60,14000,787280.53,9990078.32,-78.41915834,-0.08967289,NO,NO
17,PICHINCHA,60,QUITO,440,CALDERON,1,CALDERON,1020,COLEGIO NACIONAL ABDON CALDERON,SI,JOSE MIGUEL GUARDERAS S-2081 Y FAUSTINO CARRASCO,22821796,20,20,40,21,40,21,40,14000,786820.5311,9988462.489,-78.42328692,-0.10427723,NO,NO
17,PICHINCHA,60,QUITO,440,CALDERON,1,CALDERON,1044,ESCUELA TARQUI,SI,LIZARDO BECERRA Y ADELA BEDOYA,22821390,20,20,40,1,20,1,20,14000,787158.0601,9988842.258,-78.42025699,-0.10084459,NO,NO
17,PICHINCHA,60,QUITO,440,CALDERON,1,CALDERON,6771,U.E. MAURICE RAVEL,SI,CANTABRIA OE2-18 Y CACHA,2023508,11,9,20,121,131,121,129,6830,785781,9990476,-78.43262081,-0.08607954,NO,NO
17,PICHINCHA,60,QUITO,440,CALDERON,1,CALDERON,6143,U.E. MUNICIPAL CALDERON,SI,AMALIA URIGUEN Y JOAQUIN GUERRERO,2063188,20,20,40,101,120,101,120,14000,787665.0959,9991595.478,-78.41570676,-0.07596049,NO,NO
17,PICHINCHA,60,QUITO,625,CONOCOTO,1,CONOCOTO,1463,U.E. ABELARDO FLORES,SI,SIMON BOLIVAR Y GARCIA MORENO,2344345,16,16,32,23,38,23,38,11200,780722.8191,9967833.249,-78.47800288,-0.29073888,NO,NO
17,PICHINCHA,60,QUITO,625,CONOCOTO,1,CONOCOTO,996,U.E. AMABLE ARAUZ,SI,GARCIA MORENO N2-15 Y BOLIVAR,22074250,16,16,32,39,54,39,54,11200,780684.7142,9967745.072,-78.47834481,-0.29153595,NO,NO
17,PICHINCHA,60,QUITO,625,CONOCOTO,1,CONOCOTO,1245,U.E. SAN VICENTE DE PAUL,SI,ORIENTE Y SUCRE,2341026,22,22,44,1,22,1,22,15400,781013.6221,9967922.635,-78.4753922,-0.28993038,NO,NO
17,PICHINCHA,60,QUITO,625,CONOCOTO,1,CONOCOTO,1046,COLEGIO NACIONAL CONOCOTO,SI,JULIO MORENO ESPINOZA Y ROSARIO DE ALCAZAR,22348806,22,22,44,55,76,55,76,15400,781258.9111,9966843.45,-78.47318778,-0.29968405,NO,NO
17,PICHINCHA,60,QUITO,625,CONOCOTO,1,CONOCOTO,6086,ESCUELA PATRONATO NACIONAL DEL NIÑO,SI,AB. JAIME ROLDOS AGUILERA Y PASAJE- E,2349687,6,6,12,77,82,77,82,4200,780767.7496,9968475.689,-78.47760077,-0.28493211,NO,NO
17,PICHINCHA,60,QUITO,625,CONOCOTO,1,CONOCOTO,6769,JARDIN LUCIA FRANCO DE CASTRO,SI,SIMON BOLIVAR E1-71 Y SUCRE,2345159,8,8,16,83,90,83,90,5600,780940,9967732,-78.47605281,-0.29165358,NO,NO
17,PICHINCHA,60,QUITO,625,CONOCOTO,1,CONOCOTO,8034,U.E.P.B. ACADEMIA MILITAR DEL VALLE,NO,ACOSTA SOBERON,2222222,16,6,22,91,106,91,96,7360,782341.63,9966324.64,-78.463466,-0.30437099,NO,NO
17,PICHINCHA,60,QUITO,725,CUMBAYA,1,CUMBAYA,1086,E.E.B CARLOS AGUILAR,SI,FRANCISCO DE ORELLANA Y JUAN MONTALVO,22895034,10,10,20,1,10,1,10,7000,786258.0652,9977789.393,-78.42832507,-0.20074258,NO,NO
17,PICHINCHA,60,QUITO,725,CUMBAYA,1,CUMBAYA,1455,INSTITUCIÓN EDUCATIVA FISCAL CUMBAYA,SI,AURORA ESTRADA N34-06 Y ELOY ALFARO,3566866,10,10,20,21,30,21,30,7000,784964.7211,9977565.324,-78.43993605,-0.2027696,NO,NO
17,PICHINCHA,60,QUITO,725,CUMBAYA,1,CUMBAYA,573,ESCUELA CARMEN AMELIA HIDALGO,SI,FRANCISCO DE ORELLANA E3-152 Y PADRE LUIS GARZON,22895038,10,10,20,11,20,11,20,7000,786352.8421,9977691.366,-78.42747406,-0.20162842,NO,NO
17,PICHINCHA,60,QUITO,725,CUMBAYA,1,CUMBAYA,6148,COLEGIO ALEMAN,SI,ALFONSO LAMIÑA Y ESCALON,23560124,10,10,20,31,40,31,40,7000,785262.2871,9976819.184,-78.4372635,-0.20951294,NO,NO
17,PICHINCHA,60,QUITO,725,CUMBAYA,1,CUMBAYA,8035,U.E.COMENIOS,NO,AV. MARIA ANGELICA IDROVO Y ALBA CALDERON,28904210,10,5,15,41,50,41,45,5086,786057,9977568,-78.43012986,-0.20274385,NO,NO
17,PICHINCHA,60,QUITO,855,CHAVEZPAMBA,0,,3880,ESCUELA AGUSTIN FELIX,NO,FREIRE DONOSO Y AGUSTIN DE FELIX,2782260,1,2,3,1,1,1,2,794,788778.7729,10013768.81,-78.40570489,0.1244422,NO,NO
17,PICHINCHA,60,QUITO,865,CHECA,0,,697,UNIDAD EDUCATIVA TRES DE DICIEMBRE,SI,AV. QUITO S/N Y CRISTOBAL ERAZO,2300181,6,6,12,1,6,1,6,4200,799066.21,9985989.03,-78.31335268,-0.12662137,NO,NO
17,PICHINCHA,60,QUITO,865,CHECA,0,,6766,U.E. 3 DE DICIEMBRE BLOQUE 2,NO,AV. QUITO S/N Y PANAMERICANA,2300181,5,5,10,7,11,7,11,3263,799645,9985720,-78.30815674,-0.12905212,NO,NO
17,PICHINCHA,60,QUITO,1400,GUALEA,0,,3692,ESCUELA CUMANDA,NO,VIA A PACTO MARGEN DERECHO KM 87,0,3,3,6,1,3,1,3,1719,750460.5021,10012441.19,-78.749753,0.112472,NO,NO
17,PICHINCHA,60,QUITO,1440,GUANGOPOLO,0,,1537,UNIDAD EDUCATIVA JOSÉ MARÍA VELASCO IBARRA,SI,VIA INTERVALLES S 2 DE AGOSTO S2-196 Y CALLE CHORRERA,2095121,5,5,10,1,5,1,5,3170,783751.12,9971056.28,-78.45082099,-0.26160202,NO,NO
17,PICHINCHA,60,QUITO,1475,GUAYLLABAMBA,0,,1031,I.E. GUAYLLABAMBA,SI,AV. SIMON BOLIVAR Y EL AGUACATE,22368346,8,8,16,1,8,1,8,5600,794084.78,9992670.1,-78.35807558,-0.06624494,NO,NO
17,PICHINCHA,60,QUITO,1475,GUAYLLABAMBA,0,,1032,U.E. LUIS PASTEUR,SI,CHIMBORAZO N49-217 Y AV. SIMON BOLIVAR,22368293,8,8,16,9,16,9,16,5600,795438,9993312,-78.34592789,-0.06044309,NO,NO
17,PICHINCHA,60,QUITO,1475,GUAYLLABAMBA,0,,8038,U.E.M. SAN FRANCISCO DE QUITO,NO,AV. LIBERTADOR SIMON BOLIVAR Y PASAJE 2,2368745,7,6,13,17,23,17,22,4332,794316,9992936.93,-78.35600001,-0.06383332,NO,NO
17,PICHINCHA,60,QUITO,2055,LA MERCED,0,,828,U.E. PEDRO JOSE ARTETA,SI,DE LOS GUANGALES Oe2-87 YJOSE RIVADENEIRA,22385766,11,10,21,1,11,1,10,7111,789122.01,9967757.9,-78.40259618,-0.29140266,NO,NO
17,PICHINCHA,60,QUITO,2265,LLANO CHICO,0,,873,E.E.B. ABELARDO MONCAYO,SI,AV. CARAPUNGO E1-73 Y LUIS ARTURO HINOJOSA,22830442,8,8,16,1,8,1,8,5600,784534.0239,9986119.574,-78.44381258,-0.12545477,NO,NO
17,PICHINCHA,60,QUITO,2265,LLANO CHICO,0,,6149,U.E. LLANO CHICO,NO,JUAN JOSE FLORES Y RIO BLANCO,2830942,7,6,13,9,15,9,14,4189,784293.475,9986195.517,-78.44597224,-0.12476859,NO,NO
17,PICHINCHA,60,QUITO,2275,LLOA,1,LLOA,3694,U.E. FISCAL PICHINCHA,NO,CALLE QUITO Y PASAJE IGNACIO COLLAHUASO,23816134,3,3,6,1,3,1,3,1727,768933.79,9972542.66,-78.58385862,-0.24819282,NO,NO
17,PICHINCHA,60,QUITO,2525,NANEGAL,0,,1456,E.F.M. ESMERALDAS,NO,CALLE KENNEDY Y RIO JUQUI,2157210,4,4,8,1,4,1,4,2424,758735.6383,10014930.83,-78.675444,0.134972,NO,NO
17,PICHINCHA,60,QUITO,2530,NANEGALITO,1,NANEGALITO,296,UNIDAD EDUCATIVA NANEGALITO,SI,CALLE SUCRE S/N CALLE PICHINCHA,2116371,4,5,9,1,4,1,5,2791,757972.048,10006821.64,-78.6823056,0.0616667,NO,NO
17,PICHINCHA,60,QUITO,2540,NAYON,0,,1214,ESCUELA COSTA RICA,SI,ELOY ALFARO N3-64 Y HUAYNA CAPAC,22885036,8,8,16,1,8,1,8,5600,785115.7615,9982732.735,-78.43858655,-0.15606522,NO,NO
17,PICHINCHA,60,QUITO,2540,NAYON,0,,6184,U.E. FISCAL ONCE DE FEBRERO,SI,LUIS CORDERO Y TUPAC YUPANGUI,2885098,10,8,18,9,18,9,16,6110,786270.2059,9982578.789,-78.42822211,-0.15745534,NO,NO
17,PICHINCHA,60,QUITO,2560,NONO,0,,3829,U.E. NONO,NO,BARRIO ELEGIDO CALLE PRINCIPAL Nro. 1080,2786275,2,3,5,1,2,1,3,1518,769766.1649,9992553.015,-78.57640586,-0.06731454,NO,NO
17,PICHINCHA,60,QUITO,2690,PACTO,1,PACTO,869,UNIDAD EDUCATIVA 24 DE JULIO,SI,VIA ATUCHI CALLE ESPAÑA,2176019,5,6,11,1,5,1,6,3505,748878.851,10015639.96,-78.76395348,0.14139116,NO,NO
17,PICHINCHA,60,QUITO,2825,PERUCHO,0,,3681,E.F.M. PEDRO DE PUELLES,NO,MARISCAL SUCRE S/N Y PEDRO DE PUELLES,22780027,2,2,4,1,2,1,2,950,786765.96,10011987.65,-78.4237765,0.10834567,NO,NO
17,PICHINCHA,60,QUITO,2855,PIFO,1,PIFO,882,U.E. FISCAL EDUARDO SALAZAR GOMEZ,SI,RAFAEL DELGADO S 2-239 E INTEROCEANICA,22380156,12,12,24,1,12,1,12,8400,795743.57,9974775.57,-78.34316534,-0.22796636,NO,NO
17,PICHINCHA,60,QUITO,2855,PIFO,1,PIFO,6212,U.E. FISCAL RICARDO RODRIGUEZ,SI,IGNACIO FERNANDEZ SALVADOR Y FRANCISCO DE ORELLANA,22381034,11,10,21,13,23,13,22,7027,796465,9975188,-78.3366897,-0.22423783,NO,NO
17,PICHINCHA,60,QUITO,2895,PINTAG,1,PINTAG,868,E.E.G.B. GABRIEL NOROÑA,SI,GENERAL PINTAG Y MARISCAL SUCRE,2383167,8,8,16,1,8,1,8,5600,792312.48,9958605.3,-78.37393196,-0.37411484,NO,NO
17,PICHINCHA,60,QUITO,2895,PINTAG,1,PINTAG,235,U.E.F. GENERAL PINTAG,SI,MARISCAL SUCRE Y ANTISANA,22383113,8,8,16,9,16,9,16,5600,792427.615,9958629.505,-78.37289841,-0.37389577,NO,NO
17,PICHINCHA,60,QUITO,2895,PINTAG,1,PINTAG,8046,U.E. FISCOMISIONAL SAN JERONIMO,NO,RUMIÑAHUI Y RIOFRIO,2383732,5,5,10,17,21,17,21,3418,792192.94,9958807.25,-78.37500566,-0.37228999,NO,NO
17,PICHINCHA,60,QUITO,2925,POMASQUI,1,POMASQUI,865,U.E. POMASQUI,SI,MANUEL CORDOVA GALARZA Y MANUELA SAENZ,22351072,12,12,24,1,12,1,12,8400,783020.9997,9994196.487,-78.45740123,-0.05245416,NO,NO
17,PICHINCHA,60,QUITO,2925,POMASQUI,1,POMASQUI,1077,E.E.B. EL QUITEÑO LIBRE,SI,SANTA TERESA E1-50 AV. MANUEL CORDOVA GALARZA,22355474,12,12,24,13,24,13,24,8400,783240.94,9994158.12,-78.45542663,-0.05280086,NO,NO
17,PICHINCHA,60,QUITO,2925,POMASQUI,1,POMASQUI,5224,U.E. SAN ANTONIO DE PADUA,SI,BOLIVAR E1-51 Y 24 DE MAYO,2350926,10,10,20,25,34,25,34,7000,783341.3529,9993887.156,-78.45452504,-0.05524988,NO,NO
17,PICHINCHA,60,QUITO,2925,POMASQUI,1,POMASQUI,6747,COLISEO DE POMASQUI,NO,SANTA TERESA E5-52 Y CALLE E5,22354664,7,4,11,35,41,35,38,3462,783532,9994280,-78.45281359,-0.05169916,NO,NO
17,PICHINCHA,60,QUITO,2980,PUELLARO,1,PUELLARO,751,E.E.B LUIS NAPOLEON DILLON,SI,JOSE MANUEL SILVA Y EL HONDON,22775368,7,8,15,1,7,1,8,4754,789291.0464,10007377.99,-78.40111031,0.06668191,NO,NO
17,PICHINCHA,60,QUITO,2985,PUEMBO,0,,696,E.E.B. JOAQUIN SANCHEZ DE ORELLANA,SI,MAUEL BURBANO 117 Y JOAQUIN SANCHEZ,22351072,12,12,24,1,12,1,12,8400,793912.56,9980477.54,-78.35961093,-0.17643704,NO,NO
17,PICHINCHA,60,QUITO,2985,PUEMBO,0,,6159,ESCUELA SANTIAGO APOSTOL FE Y ALEGRIA,SI,25 JULIO Y CARLOS ANDRADE MARIN,2391672,9,8,17,13,21,13,20,5830,794044.5043,9980647.052,-78.35842666,-0.17490488,NO,NO
17,PICHINCHA,60,QUITO,3100,QUINCHE,1,QUINCHE,739,U.E.P. MATOVELLE,SI,PICHINCHA E2-158 Y OLMEDO,22387520,8,8,16,9,16,9,16,5600,801115.7083,9987781.3,-78.2949564,-0.1104224,NO,NO
17,PICHINCHA,60,QUITO,3100,QUINCHE,1,QUINCHE,675,U.E. CARDENAL DE LA TORRE,SI,PANAMERICANA NORTE Y SUCRE,22387125,8,8,16,1,8,1,8,5600,800654.1161,9987603.223,-78.29909983,-0.1120321,NO,NO
17,PICHINCHA,60,QUITO,3100,QUINCHE,1,QUINCHE,8047,ESCUELA PIO JARAMILLO ALVARADO,NO,CALLE ESMERALDAS,2387121,8,8,16,17,24,17,24,5376,800970.87,9987621.26,-78.29625644,-0.11186883,NO,NO
17,PICHINCHA,60,QUITO,3325,SAN ANTONIO,1,SAN ANTONIO,1523,U.E. MITAD DEL MUNDO,SI,AV. MANUEL CORDOVA GALARZA,2394252,12,12,24,13,24,13,24,8400,783623.4968,9999012.761,-78.45199315,-0.00892297,NO,NO
17,PICHINCHA,60,QUITO,3325,SAN ANTONIO,1,SAN ANTONIO,240,ESCUELA ALEXANDER VON HUMBOLDT,SI,JOSE SEGOVIA E4-123 Y EL CALVARIO,2394113,12,12,24,1,12,1,12,8400,783977,9998410,-78.44881942,-0.01437087,NO,NO
17,PICHINCHA,60,QUITO,3325,SAN ANTONIO,1,SAN ANTONIO,5223,U.E. EQUINOCCIO,SI,JOSE MEJIA LEQUERICA N2-118 Y MISION GEODESICA,2394638,24,20,44,25,48,25,44,15088,783779.7925,9999630.265,-78.45058998,-0.00334177,NO,NO
17,PICHINCHA,60,QUITO,3475,SAN JOSE DE MINAS,1,SAN JOSE DE MINAS,757,COLEGIO FISCAL SAN JOSE DE MINAS,SI,SAN FRANCISCO CALLE ERNESTO ERAZO FLORES S/N Y GARCIA MORENO,22302146,8,9,17,1,8,1,9,5582,788761.84,10019566.3,-78.4058507,0.17683981,NO,NO
17,PICHINCHA,60,QUITO,3925,TABABELA,0,,3682,ESCUELA FISCAL DR ARTURO FREIRE LA CONDAMINE,NO,CALLE 29 DE ABRIL Y LA CONDAMINE E1158,2391398,5,4,9,1,5,1,4,2864,795786.81,9979598.76,-78.34278441,-0.18437661,NO,NO
17,PICHINCHA,60,QUITO,4085,TUMBACO,1,TUMBACO,658,ESCUELA ROBERTO ESPINOZA,SI,SIMON BOLIVAR Y JUAN MONTALVO,2370612,16,16,32,1,16,1,16,11200,788898.2311,9976571.569,-78.40462092,-0.21174546,NO,NO
17,PICHINCHA,60,QUITO,4085,TUMBACO,1,TUMBACO,603,E.G.B. VICTOR MANUEL PEÑAHERRERA,SI,FRANCISCO DE ORELLANA OE1-124 Y GONZALO PIZARRO,22376421,14,14,28,17,30,17,30,9800,788991,9976425.306,-78.40378786,-0.21306724,NO,NO
17,PICHINCHA,60,QUITO,4085,TUMBACO,1,TUMBACO,669,U.E. CORAZON DE MARIA,SI,"GUAYAQUIL, ENTRE EUGENIO ESPEJO Y JUAN MONTALVO",22621970,20,20,40,31,50,31,50,14000,788849.8195,9976391.716,-78.40505526,-0.21337105,NO,NO
17,PICHINCHA,60,QUITO,4085,TUMBACO,1,TUMBACO,5222,COLEGIO MUNICIPAL RAFAEL ALVARADO,SI,VICENTE ROCAFUERTE N1-18 Y FRANCISCO DE ORELLANA,2376627,5,5,10,51,55,51,55,3500,788771.4821,9976553.329,-78.40575879,-0.21191051,NO,NO
17,PICHINCHA,60,QUITO,4085,TUMBACO,1,TUMBACO,6806,U.E. EL PRADO,NO,ABDON CALDERON OE4-25 Y GONZALO DIAZ DE PINEDA,22370378,5,5,10,56,60,56,60,3500,788390,9976883,-78.40918405,-0.20893152,NO,NO
17,PICHINCHA,60,QUITO,4085,TUMBACO,1,TUMBACO,8048,I.T.U. ISMAC,NO,BELERMO Y AV. OSWALDO GUAYASAMIN,2378606,11,7,18,61,71,61,67,6224,789211.6188,9976077.077,-78.40180672,-0.21621419,NO,NO
17,PICHINCHA,60,QUITO,4290,YARUQUI,0,,920,UNIDAD EDUCATIVA PEDRO BOUGUER,SI,ELOY ALFARO 442 E ISIDRO AYORA,2777284,8,8,16,1,8,1,8,5600,798707.12,9982073.46,-78.31657202,-0.16200798,NO,NO
17,PICHINCHA,60,QUITO,4290,YARUQUI,0,,6826,I.E.F LUIS GODIN,NO,8 DE SEPTIEMBE S/N Y ELOY ALFARO,2777164,5,5,10,17,21,17,21,3500,798494,9982042,-78.31848513,-0.16229255,NO,NO
17,PICHINCHA,60,QUITO,4290,YARUQUI,0,,6200,C.F. TECNICO YARUQUI,SI,PANAMERICANA NORTE Y VIA AL QUINCHE,2777268,8,8,16,9,16,9,16,5600,798150.9739,9982569.966,-78.32156506,-0.15752154,NO,NO
17,PICHINCHA,60,QUITO,4290,YARUQUI,0,,8049,I.T.S. YARUQUI,NO,EUGENIO ESPEJO,2222222,6,6,12,22,27,22,27,3956,798311,9981985,-78.32012783,-0.1628079,NO,NO
17,PICHINCHA,60,QUITO,4325,ZAMBIZA,0,,1551,U.E. PEDRO LUIS CALERO,SI,GUAYAQUIL OE3-13 Y ESPEJO,2886157,8,7,15,1,8,1,7,5138,784755.29,9983520.86,-78.44182361,-0.14894236,NO,NO
17,PICHINCHA,80,RUMIÑAHUI,5965,SANGOLQUI,2,SAN JORGE-FUERTE MILITAR,8326,U.E. EL CAMINO,NO,MARAÑON Y VENEZUELA,3527553,1,1,2,1,1,1,1,389,783504,9963788,-78.45302469,-0.32729546,NO,NO
17,PICHINCHA,80,RUMIÑAHUI,5965,SANGOLQUI,3,LA COLINA-ESPE,8293,U. E. MAHANAIM,NO,AV. GENERAL RUMIÑAHUI Y AZOGUEZ,0,2,1,3,1,2,1,1,791,784760,9964676.9,-78.44437378,-0.31925914,NO,NO
17,PICHINCHA,80,RUMIÑAHUI,5965,SANGOLQUI,4,CASHAPAMBA,8314,U.E. COTOGCHOA,NO,PANAMERICANA E 35 Y ANTONIO TANDAZO,22091345,1,1,2,1,1,1,1,551,786192,9963569,-78.42889167,-0.32926861,NO,NO
17,PICHINCHA,80,RUMIÑAHUI,5965,SANGOLQUI,5,SELVA ALEGRE-LOS CHILLOS,8295,U.E. RAMON GONZALEZ ARTIGAS,NO,RAMON GONZALEZ ARTIGAS Y FRANCISCO GUARDERAS,22871427,2,1,3,1,2,1,1,870,786063,9961750,-78.43004549,-0.34570931,NO,NO
17,PICHINCHA,80,RUMIÑAHUI,5965,SANGOLQUI,6,SAN FERNANDO,8297,ESCUELA FISCOMISIONAL ROTARY CLUB,NO,AV. LUCAS TIPAN LOTE 7,22085256,1,1,2,1,1,1,1,248,787028,9959396,-78.42137601,-0.3669826,NO,NO
17,PICHINCHA,80,RUMIÑAHUI,5965,SANGOLQUI,7,INCHALILLO,8298,U.E. OSWALDO GUAYASAMIN,NO,INES GANGOTENA Y CALLE 5,,2,1,3,1,2,1,1,783,785189,9959881,-78.43788748,-0.36260385,NO,NO
17,PICHINCHA,80,RUMIÑAHUI,5965,SANGOLQUI,8,SANTA CECILIA-INDUSTRIAL,8300,U.E. LEV VYGOTSKY,NO,CALLE IMBABURA Y CAYAMBE,2330505,1,1,2,1,1,1,1,493,783286,9962813,-78.45497964,-0.33610833,NO,NO
17,PICHINCHA,60,QUITO,5015,CHIMBACALLE,2,ALPAHUASI,177,I.E. JORGE ESCUDERO MOSCOSO,NO,PEDRO DE CEPERO E5-195 BARTOLOME ALVES,2660049,4,3,7,1,4,1,3,2439,776875.3468,9972672.916,-78.51255519,-0.24700216,NO,NO
17,PICHINCHA,60,QUITO,5015,CHIMBACALLE,3,LA MEXICO,1114,ESCUELA SANTA TERESITA,NO,CALLES UPANO Y AV. MALDONADO,284073,4,3,7,1,4,1,3,1977,776781,9974001,-78.51340444,-0.23499812,NO,NO
17,PICHINCHA,65,CAYAMBE,480,CANGAHUA,3,SAN ANTONIO,3904,U.E 29 DE OCTUBRE,NO,COMUNIDAD SAN ANTONIO,0,1,1,2,1,1,1,1,604,818901.4099,9991183.289,-78.13531312,-0.07966719,NO,NO
17,PICHINCHA,60,QUITO,5015,CHIMBACALLE,4,LOS ANDES,3789,C.E.I. REPUBLICA DE GUATEMALA,NO,SALCEDO S8-45 CORAZON,2665084,2,2,4,1,2,1,2,1301,776312.3563,9972872.883,-78.51761023,-0.24519566,NO,NO
17,PICHINCHA,60,QUITO,5015,CHIMBACALLE,5,LULUNCOTO,353,ESCUELA JESUS MARIA YEPEZ,NO,ALBERTO LARREA E4-111 Y LEONARDO CHIRIBOGA,22659490,4,3,7,1,4,1,3,2095,777493.6563,9974081.918,-78.50700614,-0.23426558,NO,NO
17,PICHINCHA,60,QUITO,7135,CARCELEN,7,LOS MASTODONTES,3643,ESCUELA EMILIO SALGARI,NO,SEXTA TRANSVERSAL CALLE E10 Y E12,4519958,4,3,7,1,4,1,3,2125,782558.6101,9991405.93,-78.46155124,-0.07767643,NO,NO
17,PICHINCHA,60,QUITO,7140,CENTRO HISTORICO,2,DON BOSCO,179,U.E. DON BOSCO,SI,DON BOSCO Y LOS RIOS,2582288,8,8,16,1,8,1,8,5600,777751.0561,9975329.805,-78.50469709,-0.22298592,NO,NO
17,PICHINCHA,60,QUITO,7140,CENTRO HISTORICO,2,DON BOSCO,571,UNIDAD EDUCATIVA HERMANO MIGUEL LA SALLE,SI,FRANCISCO DE CALDAS Y VARGAS TORRES,22952950,3,4,7,9,11,9,12,2212,777559.5321,9976108.704,-78.5064178,-0.21594599,NO,NO
17,PICHINCHA,60,QUITO,7260,TURUBAMBA,5,EL CONDE,3691,CENTRO EDUCATIVO VICTORIA VALVERDE,NO,TURUBAMBA,3817139,3,3,6,1,3,1,3,1835,774107,9965078,-78.53739609,-0.31565651,NO,NO
17,PICHINCHA,60,QUITO,7260,TURUBAMBA,6,CAMPO ALEGRE,3876,ESCUELA ENMA VACA ROJAS,NO,CALLE K MZ5 Y CALLE K,3817261,1,1,2,1,1,1,1,384,775277.12,9964677.57,-78.52688931,-0.31927341,NO,NO
17,PICHINCHA,60,QUITO,7140,CENTRO HISTORICO,4,LA VICTORIA,875,ESCUELA GENERAL ARTIGAS BLOQUE 1,SI,MANUEL RODRIGUEZ DE QUIROGA Y VICENTE ROCAFUERTE,22281925,8,10,18,17,24,17,26,5953,776048,9975723,-78.51998821,-0.21943452,NO,NO
17,PICHINCHA,60,QUITO,7140,CENTRO HISTORICO,4,LA VICTORIA,1374,U.E. DARIO GUEVARA MAYORGA BLOQUE 2,SI,ROCAFUERTE 2565 Y CUMANDA,2958215,8,8,16,9,16,9,16,5600,775947.7091,9975849.373,-78.52088884,-0.21829241,NO,NO
17,PICHINCHA,60,QUITO,7140,CENTRO HISTORICO,4,LA VICTORIA,691,ESCUELA E.G.B ROSA ZARATE,SI,LOJA OE 932 Y CHIMBORAZO,22282883,8,8,16,1,8,1,8,5600,776029,9975517,-78.52015849,-0.22129654,NO,NO
17,PICHINCHA,60,QUITO,7140,CENTRO HISTORICO,5,PANECILLO,3786,JARDIN DE INFANTES INTI RAYMI,NO,GENERAL MELCHOR S/N RAMON NAVAS Y AGOYAN,22770751,2,2,4,1,2,1,2,932,776297.8691,9974905.989,-78.51774356,-0.22681891,NO,NO
17,PICHINCHA,60,QUITO,7140,CENTRO HISTORICO,6,RECOLETA,876,UNIDAD EDUCATIVA FISCAL 10 DE AGOSTO,NO,ANTONIO BORRERO OE1-30 Y LOJA,22586260,4,4,8,1,4,1,4,2800,776815.3751,9974729.942,-78.51309696,-0.22840935,NO,NO
17,PICHINCHA,60,QUITO,7140,CENTRO HISTORICO,6,RECOLETA,672,ESCUELA ALEJANDRO CARDENAS,NO,AMBATO Y GUAYAQUIL,2282804,3,3,6,5,7,5,7,1887,776525.6435,9975045.84,-78.51569875,-0.22555448,NO,NO
17,PICHINCHA,60,QUITO,7145,COCHAPAMBA,2,ATUCUCHO,261,U.E. LUIS FELIPE BORJA,SI,N56B Y OE15 EL CONDADO,23033278,8,6,14,1,8,1,6,4754,776497.0811,9985572.007,-78.51596792,-0.13041109,NO,NO
17,PICHINCHA,60,QUITO,7145,COCHAPAMBA,3,BELLAVISTA,1024,COLEGIO MAYOR GALO MOLINA,NO,RUMIURCO Y BERNARDO DE LEGARDA Y OCTAVO TRANSVERSAL,22598894,4,3,7,1,4,1,3,2212,777089.4591,9986706.542,-78.51065037,-0.12015582,NO,NO
17,PICHINCHA,60,QUITO,7145,COCHAPAMBA,4,CORDILLERA - EL PORVENIR,904,COLEGIO LUCIANO ANDRADE MARIN,SI,JUAN DIAZ HIDALGO 58-197 Y ANGEL LUDEÑA,2530375,12,11,23,1,12,1,11,7691,777824.328,9985703.103,-78.50405171,-0.12922497,NO,NO
17,PICHINCHA,60,QUITO,7145,COCHAPAMBA,5,EL PINAR ALTO,331,U.E.P. ATENAS SCHOOL,SI,JOSE PEÑAHERRERA N 50-75 Y VICENTE HEREDIA,2440659,6,5,11,1,6,1,5,3651,777971.2132,9983626.358,-78.50273098,-0.14799584,NO,NO
17,PICHINCHA,60,QUITO,7145,COCHAPAMBA,6,LA PULIDA,1554,ESCUELA JUAN ISAAC LOVATO,NO,RAMIRO ALMEIDA N55 147 Y JORGE PIEDRA,22295414,5,4,9,1,5,1,4,2707,777298.0669,9984797.537,-78.50877577,-0.13741058,NO,NO
17,PICHINCHA,60,QUITO,7145,COCHAPAMBA,7,SAN VICENTE,3807,ACADEMIA CRISTIANA VICTORIA,NO,MELCHOR DE VALDEZ Y MARTIN OCHOA,2536116,4,3,7,1,4,1,3,1964,777817.6849,9985426.819,-78.50411111,-0.13172222,NO,NO
17,PICHINCHA,60,QUITO,7150,COMITE DEL PUEBLO,4,COLLA LOMA,8310,U.E. BILINGUE JULIO VERNE,NO,DE LOS NOPALES Y JULIO AMESABA,22801331,4,3,7,1,4,1,3,2358,780898,9986469,-78.47645667,-0.12229968,NO,NO
17,PICHINCHA,60,QUITO,7155,CHILIBULO,4,MAGDALENA ALTA,3830,ESCUELA PATRICIO ESPINOZA BERMEO,NO,LUCIANO CORAL S/N Y DIEGO LOVATO,2664480,3,2,5,1,3,1,2,1504,773797.7531,9973676.608,-78.54018869,-0.23793505,NO,NO
17,PICHINCHA,60,QUITO,7155,CHILIBULO,5,MAGDALENA BAJA,419,U.E. SAGRADO CORAZÓN DE JESÚS,NO,JAUJA Y GRAL PINTAG,2655657,4,3,7,1,4,1,3,1997,774824.5251,9973654.797,-78.53096983,-0.23813054,NO,NO
17,PICHINCHA,60,QUITO,7155,CHILIBULO,6,SAN JOSE DE CHILIBULO,995,UNIDAD EDUCATIVA ANGEL MODESTO PAREDES,SI,ZARUMA Y JOSE EGUSQUIZA,2665210,7,7,14,1,7,1,7,4404,774399.1718,9973352.732,-78.53478835,-0.24086156,NO,NO
17,PICHINCHA,60,QUITO,7155,CHILIBULO,7,YAGUACHI,3683,ESCUELA JOSE DE ANTEPARA,NO,HUSARES OE7-95 Y CABO VINUEZA,2656604,2,1,3,1,2,1,1,794,775022.7104,9974123.457,-78.52919119,-0.23389407,NO,NO
18,TUNGURAHUA,135,AMBATO,5840,PISHILATA,4,TECHO PROPIO - TIUGUA,2804,UNIDAD EDUCATIVA LA GRAN MURALLA BLOQUE 1,NO,FRANS PETTER SCHUBERT Y AMADEUS MOZART,32867604,1,1,2,1,1,1,1,328,769422.2446,9861231.317,-78.57891883,-1.2543539,NO,NO
18,TUNGURAHUA,135,AMBATO,3355,SAN BARTOLOME,2,ANGAMARQUILLO,3424,UNIDAD EDUCATIVA NICOLAS VASCONEZ,NO,ANGAMARQUILLO CENTRO,0,2,1,3,1,2,1,1,786,761242.8298,9866731.054,-78.65242203,-1.20470572,NO,NO
18,TUNGURAHUA,145,PILLARO,5785,PILLARO,0,,1089,ESCUELA DE EDUCACION BASICA MARISCAL SUCRE,SI,SUCRE Y FUNDADORES DEL CANTON,32873139,8,5,13,1,8,1,5,4550,773484.823,9870417.578,-78.54250902,-1.17128599,NO,NO
18,TUNGURAHUA,145,PILLARO,5785,PILLARO,0,,1098,ESCUELA DE EDUCACION BASICA AUGUSTO NICOLAS MARTINEZ,NO,GARCIA MORENO Y FUNDADORES DEL CANTON,32873141,5,4,9,9,13,6,9,3150,773641.1079,9870465.392,-78.54110592,-1.17085257,NO,NO
18,TUNGURAHUA,145,PILLARO,5785,PILLARO,0,,1758,UNIDAD EDUCATIVA UNION NACIONAL DE PERIODISTAS,SI,ROCA 002 Y BOLIVAR,32873152,6,6,12,14,19,10,15,4200,773537.734,9870666.416,-78.54203583,-1.16903635,NO,NO
18,TUNGURAHUA,145,PILLARO,5785,PILLARO,0,,1066,UNIDAD EDUCATIVA ISABEL LA CATOLICA,NO,GARCIA MORENO GM-87 Y CARLOS TAMAYO,32873124,3,4,7,20,22,16,19,2226,773663.611,9870215.262,-78.54090186,-1.17311329,NO,NO
18,TUNGURAHUA,150,BAÑOS,2270,LLIGUA,0,,2977,ESCUELA DE EDUCACION BASICA NICOLAS VASCONEZ,NO,LAS PALMAS Y HERIBERTO JACOME,32743358,1,1,2,1,1,1,1,514,784292,9845847,-78.44524074,-1.3932728,NO,NO
18,TUNGURAHUA,150,BAÑOS,3190,RIO NEGRO,0,,2609,UNIDAD EDUCATIVA RIO NEGRO,NO,PANAMERICANA VIA BAÑOS-PUYO,32496121,2,2,4,1,2,1,2,1115,810262.5117,9843619.249,-78.21201348,-1.41313758,NO,NO
18,TUNGURAHUA,135,AMBATO,210,AUGUSTO N MARTINEZ,3,SAMANGA,2879,ESCUELA DE EDUCACION BASICA MACARA,NO,VIA A SAMANGA,32849099,1,1,2,1,1,1,1,111,765221.1813,9869367.335,-78.61671293,-1.1808441,NO,NO
18,TUNGURAHUA,135,AMBATO,210,AUGUSTO N MARTINEZ,4,LAQUIGO,2878,CASA COMUNAL LA QUIGO EX ESCUELA GUATEMALA,NO,LA HEROINA Y CEIBA,32526844,1,1,2,1,1,1,1,317,763555,9864772,-78.63164088,-1.22239648,NO,NO
18,TUNGURAHUA,850,MOCHA,6560,MOCHA,2,YANAHURCO,2876,UNIDAD EDUCATIVA YANAHURCO EX COLEGIO YANAHURCO,NO,JUAN MONTALVO Y 24 MAYO,32580222,1,1,2,1,1,1,1,376,763038.3,9848450.92,-78.63614452,-1.36993528,NO,NO
18,TUNGURAHUA,135,AMBATO,3120,QUISAPINCHA,2,ILLAGUA CHICO,2774,UNIDAD EDUCATIVA CASAHUALA,NO,VIA CALGUASIG,32000000,2,1,3,1,2,1,1,700,754921.0564,9864277.892,-78.70918112,-1.22693095,NO,SI
18,TUNGURAHUA,135,AMBATO,2860,PILAHUIN,2,TAMBO LOMA,3318,UNIDAD EDUCATIVA INTERCULTURAL BILINGUE TAMBOLOMA,NO,VIA MULANLEO,32064949,2,2,4,1,2,1,2,1051,747884,9855434,-78.77231795,-1.30693689,NO,SI
18,TUNGURAHUA,150,BAÑOS,4135,ULBA,2,VIZCAYA,2986,ESCUELA DE EDUCACION BASICA MANUEL ANDRADE,NO,VIZCAYA CENTRO - JUNTO AL ESTADIO,0,1,1,2,1,1,1,1,118,788620,9850806,-78.40642245,-1.34841094,NO,SI
18,TUNGURAHUA,135,AMBATO,2860,PILAHUIN,3,EL SALADO,3213,UNIDAD EDUCATIVA INTERCULTURAL BILINGUE LLANGAHUA,NO,VIA ANTIGUA A GUARANDA,32000000,2,1,3,1,2,1,1,743,738812,9855241,-78.85380551,-1.30875322,NO,SI
18,TUNGURAHUA,135,AMBATO,810,UNAMUNCHO,3,PUERTO ARTURO,6878,ESCUELA DE EDUCACION BASICA ALFONSINA STORNI,NO,AMAZONICOS Y ANDINOS,32479179,1,1,2,1,1,1,1,561,768129.1839,9869167.598,-78.59059538,-1.18262689,NO,NO
18,TUNGURAHUA,135,AMBATO,210,AUGUSTO N MARTINEZ,2,LLATANTOMA,2880,ESCUELA DE EDUCACION BASICA INTERCULTURAL BILINGUE NEPTALI SANCHO JARAMILLO,NO,VIA CALHUA GRANDE,32000000,1,1,2,1,1,1,1,293,763435,9871140,-78.63276786,-1.16483389,NO,NO
18,TUNGURAHUA,135,AMBATO,810,UNAMUNCHO,2,LA PRIMAVERA,2860,UNIDAD EDUCATIVA TOMAS SEVILLA BLOQUE 2 EX ESCUELA ADELA MARTINEZ,NO,CAMINO DEL INCA VIA A PUERTO ARTURO,32476237,1,1,2,1,1,1,1,375,768400,9872403,-78.58818823,-1.1533793,NO,NO
18,TUNGURAHUA,140,PELILEO,5780,PELILEO,0,,934,ESCUELA DE EDUCACION BASICA GABRIELA MISTRAL,SI,CELIANO MONGE S/N Y QUIS QUIS,32871172,5,5,10,22,26,21,25,3500,773326.278,9853083.909,-78.54378719,-1.3279646,NO,NO
18,TUNGURAHUA,140,PELILEO,5780,PELILEO,0,,852,UNIDAD EDUCATIVA JOAQUIN ARIAS,SI,AV. 22 DE JULIO Y ANTONIO CLAVIJO,32871243,7,7,14,15,21,14,20,4900,773586.733,9852608.108,-78.54144383,-1.33226297,NO,NO
18,TUNGURAHUA,140,PELILEO,5780,PELILEO,0,,1110,UNIDAD EDUCATIVA DOMINGO FAUSTINO SARMIENTO,SI,VELASCO IBARRA S/N Y JOSE MELO,32831075,6,6,12,27,32,26,31,4200,773171.964,9853186.656,-78.54517397,-1.32703727,NO,NO
18,TUNGURAHUA,140,PELILEO,5780,PELILEO,0,,1678,UNIDAD EDUCATIVA MARIANO BENITEZ,SI,AV. 22 DE JULIO Y ANTONIO CLAVIJO,32871141,9,9,18,1,9,1,9,6300,773330.34,9852655.756,-78.54374688,-1.3318346,NO,NO
18,TUNGURAHUA,140,PELILEO,5780,PELILEO,0,,6507,UNIDAD EDUCATIVA JOSE IGNACIO ORDOÑEZ,NO,JUAN DE VELASCO Y ZOPOSOPANQUI,32871171,5,4,9,10,14,10,13,3150,773145,9852571,-78.54541063,-1.33260237,NO,NO
18,TUNGURAHUA,140,PELILEO,5780,PELILEO,0,,7917,UNIDAD EDUCATIVA PELILEO,NO,EUCLIDES BARRERA S/N Y JAIME ROLDOS AGUILERA,32871126,5,3,8,33,37,32,34,2628,774040.97,9853527.81,-78.53737264,-1.32394582,NO,NO
18,TUNGURAHUA,140,PELILEO,5900,PELILEO GRANDE /R. MINO,0,,5355,UNIDAD EDUCATIVA NACIONES UNIDAS,NO,MARIANO BENITEZ Y SUCRE,32831227,2,2,4,1,2,1,2,1252,774901,9852728,-78.52964175,-1.3311674,NO,NO
18,TUNGURAHUA,145,PILLARO,295,BAQUERIZO MORENO,0,,2863,GAD PARROQUIAL BAQUERIZO MORENO EX ESCUELA AMADO NERVO,NO,VIA AL ESTADIO,33072681,1,1,2,1,1,1,1,338,778328,9864113,-78.49896483,-1.22823179,NO,NO
18,TUNGURAHUA,145,PILLARO,1210,EMILIO MARIA TERAN,0,,2981,UNIDAD EDUCATIVA GABRIEL URBINA,NO,NESTOR BUCHELI Y SIETE DE OCTUBRE,32480042,2,2,4,1,2,1,2,1287,776696.3354,9864628.798,-78.51362185,-1.22358342,NO,NO
18,TUNGURAHUA,145,PILLARO,2375,MARCOS ESPINEL,0,,2983,ESCUELA DE EDUCACION BASICA MANUEL DEL CARMEN PACHANO,NO,GERTRUDIS ESPARZA E IRMA GUAMAN,32874958,3,3,6,1,3,1,3,1904,775495,9870037,-78.52445415,-1.17470995,NO,NO
18,TUNGURAHUA,145,PILLARO,2945,PRESIDENTE URBINA,0,,2889,GAD PARROQUIAL PRESIDENTE URBINA,NO,VIA URBINA-SALCEDO,32490138,3,2,5,1,3,1,2,1478,772093.5964,9873185,-78.55502416,-1.14628231,NO,NO
18,TUNGURAHUA,145,PILLARO,3300,SAN ANDRES,1,SAN ANDRES,1306,UNIDAD EDUCATIVA ANTONIO CARRILLO MOSCOSO BLOQUE 1,SI,AV. 9 DE JULIO Y VITERI,32860041,5,5,10,6,10,5,9,3500,773644,9873942,-78.54110697,-1.13942787,NO,NO
18,TUNGURAHUA,145,PILLARO,3300,SAN ANDRES,1,SAN ANDRES,1287,UNIDAD EDUCATIVA ANTONIO CARRILLO MOSCOSO BLOQUE 3 EX ESCUELA JOSE MARIA URBINA,SI,PICHINCHA ENTRE MANABI Y ESMERALDAS,32860147,5,5,10,11,15,10,14,3230,773786,9874595,-78.53983679,-1.13352438,NO,NO
18,TUNGURAHUA,145,PILLARO,3300,SAN ANDRES,1,SAN ANDRES,1073,UNIDAD EDUCATIVA ANTONIO CARRILLO MOSCOSO BLOQUE 2 EX ESCUELA MANUELA JIMENEZ,NO,7 DE JULIO S/N Y ELMO VILLAFUERTE,32860041,5,4,9,1,5,1,4,3150,773812,9874355,-78.53960147,-1.13569351,NO,NO
18,TUNGURAHUA,145,PILLARO,3485,SAN JOSE DE POALO,0,,1726,UNIDAD EDUCATIVA SAN JOSE DE POALO,NO,VIA PUCARA - VIA PISAYAMBO,32768017,3,3,6,1,3,1,3,1903,780918,9878244,-78.47582005,-1.1004876,NO,NO
18,TUNGURAHUA,145,PILLARO,3585,SAN MIGUELITO,0,,1729,UNIDAD EDUCATIVA 12 DE NOVIEMBRE,SI,LAS PERAS Y LAS MANZANAS,32878087,7,6,13,1,7,1,6,4324,773801.3129,9867031.617,-78.5396398,-1.20188878,NO,NO
18,TUNGURAHUA,145,PILLARO,5225,CIUDAD NUEVA,0,,2909,UNIDAD EDUCATIVA JORGE ALVAREZ,NO,AV. RUMIÑAHUI Y ALIRIO WILSON GOMEZ,32874312,3,3,6,1,3,1,3,1559,772023.508,9870140.375,-78.55562995,-1.17380319,NO,NO
18,TUNGURAHUA,155,PATATE,3885,SUCRE,0,,2989,UNIDAD EDUCATIVA MARISCAL ANTONIO JOSE DE SUCRE,NO,SUCRE CENTRO,32579001,3,3,6,1,3,1,3,1998,778863,9860407,-78.49412879,-1.26172417,NO,NO
18,TUNGURAHUA,155,PATATE,4110,EL TRIUNFO,0,,2978,ESCUELA DE EDUCACION BASICA REPUBLICA DE SUIZA,NO,AV LLANGANATES Y ORIENTE,32577026,2,2,4,1,2,1,2,1098,788746,9855655,-78.40533666,-1.30458481,NO,SI
18,TUNGURAHUA,155,PATATE,5830,PATATE,0,,1755,UNIDAD EDUCATIVA BENJAMIN ARAUJO,SI,MANUEL ZAPATER Y ELOY ALFARO,32870213,7,7,14,1,7,1,7,4900,776973,9855156,-78.51105561,-1.30920266,NO,NO
18,TUNGURAHUA,155,PATATE,5830,PATATE,0,,2985,ESCUELA BASICA PATATE EX ESCUELA 13 DE SEPTIEMBRE,NO,GONZALES SUAREZ Y PASAJE MARCIAL SORIA,32870207,5,4,9,8,12,8,11,2919,777377,9854748,-78.50742383,-1.3128868,NO,NO
18,TUNGURAHUA,160,QUERO,4310,YANAYACU MOCHAPATA,0,,2875,GAD PARROQUIAL YANAYACU EX ESCUELA ECUADOR,NO,NAPO Y PICHINCHA,32779473,2,2,4,1,2,1,2,1273,759779,9841389,-78.66535529,-1.43380181,NO,NO
18,TUNGURAHUA,160,QUERO,4550,RUMIPAMBA,0,,2855,UNIDAD EDUCATIVA JOSEFA CALIXTO,NO,AV. 3 DE MAYO Y SAN FELIPE,32779153,3,3,6,1,3,1,3,1654,763481.6847,9842668.164,-78.6321099,-1.42220444,NO,NO
18,TUNGURAHUA,160,QUERO,5835,QUERO,0,,1435,UNIDAD EDUCATIVA 17 DE ABRIL SEDE 1 EX ESCUELA MARIANO CASTILLO,SI,CEVALLOS Y JUAN BENIGNO VELA,32746250,7,7,14,16,22,15,21,4684,766206.1167,9847164.95,-78.60768117,-1.38153114,NO,NO
18,TUNGURAHUA,160,QUERO,5835,QUERO,0,,1480,UNIDAD EDUCATIVA 17 DE ABRIL BLOQUE 3 EX COLEGIO 17 DE ABRIL,SI,CEVALLOS Y JUAN BENIGNO VELA,32746250,9,8,17,1,9,1,8,5950,766313.0356,9847084.791,-78.60672016,-1.38225475,NO,NO
18,TUNGURAHUA,160,QUERO,5835,QUERO,0,,1446,UNIDAD EDUCATIVA 17 DE ABRIL SEDE 2 EX ESCUELA DOLORES SUCRE,SI,CEVALLOS Y JUAN BENIGNO VELA,32746250,6,6,12,10,15,9,14,4200,766243.2917,9847154.833,-78.6073472,-1.38162225,NO,NO
18,TUNGURAHUA,845,CEVALLOS,6555,CEVALLOS,0,,1442,UNIDAD EDUCATIVA PEDRO FERMIN CEVALLOS BLOQUE 1 - CEVALLOS,SI,AV. ORIENTE 06 Y POLICARPA TINAJERO,32872142,8,8,16,1,8,1,8,5600,765515.573,9850076.697,-78.6139093,-1.35521708,NO,NO
18,TUNGURAHUA,845,CEVALLOS,6555,CEVALLOS,0,,1395,UNIDAD EDUCATIVA PEDRO FERMIN CEVALLOS BLOQUE 2 EX ESCUELA JUANA DE ARCO,NO,JUAN E. BUCHELI S/N Y FELIPE REAL,32872142,5,4,9,9,13,9,12,2917,765215.406,9850043.568,-78.61660493,-1.35551922,NO,NO
18,TUNGURAHUA,850,MOCHA,4555,PINGUILI,0,,3006,GAD PARROQUIAL PINGUILI EX ESCUELA COSTA RICA,NO,AV. VICENTE ROCAFUERTE,32147045,2,2,4,1,2,1,2,972,764805.0156,9846858.026,-78.62026239,-1.38431828,NO,NO
18,TUNGURAHUA,850,MOCHA,6560,MOCHA,1,MOCHA,1357,UNIDAD EDUCATIVA VICENTE ANDA AGUIRRE SEDE 1,SI,SUCRE 0665 Y JAIME MELO RENDON,32779193,6,6,12,1,6,1,6,4200,761076.056,9842813.346,-78.6537182,-1.42091427,NO,NO
18,TUNGURAHUA,850,MOCHA,6560,MOCHA,1,MOCHA,2877,UNIDAD EDUCATIVA VICENTE ANDA AGUIRRE SEDE 2 EX ESCUELA FRANCISCO DE ORELLANA,NO,VENEZUELA Y SUCRE,32779193,2,2,4,7,8,7,8,1110,761092,9842750,-78.65357441,-1.42148674,NO,NO
18,TUNGURAHUA,135,AMBATO,1625,HUACHI GRANDE,2,HUACHI SAN FRANCISCO,2653,UNIDAD EDUCATIVA HONDURAS,NO,PABLO MUÑOZ SANZ Y GONZALO CASTRO,32405068,1,1,2,1,1,1,1,530,765159.6902,9857175.495,-78.61716689,-1.29105145,NO,NO
18,TUNGURAHUA,135,AMBATO,5840,PISHILATA,2,SAN VICENTE,2827,UNIDAD EDUCATIVA LUIS FELIPE BORJA,NO,AV.BENJAMIN FRANKLIN Y HENRY CAVINDISH,32758045,2,2,4,1,2,1,2,954,767532.714,9860584.539,-78.5958831,-1.26021604,NO,NO
18,TUNGURAHUA,135,AMBATO,5840,PISHILATA,3,LA JOYA,2847,ESCUELA DE EDUCACION BASICA GENERAL CORDOVA,NO,CARLOTA JARAMILLO Y CARLOS MENDOZA MOREIRA,32405035,2,2,4,1,2,1,2,1187,765752.109,9858507.098,-78.61185746,-1.27900959,NO,NO
18,TUNGURAHUA,140,PELILEO,3905,SALASACA,0,,2872,UNIDAD EDUCATIVA FRAY BARTOLOME DE LAS CASAS BLOQUE 1,SI,VIA AMBATO-BAÑOS Y VIA A EL ROSARIO,32748644,6,6,12,1,6,1,6,4200,769591,9853891,-78.5773406,-1.32070254,NO,NO
18,TUNGURAHUA,140,PELILEO,3905,SALASACA,0,,3320,UNIDAD EDUCATIVA MANZANAPAMBA,NO,VIA A LA PARROQUIA EL ROSARIO,32494007,1,1,2,7,7,7,7,577,770195.8001,9854699.673,-78.57191596,-1.31338754,NO,NO
18,TUNGURAHUA,90,TISALEO,1375,QUINCHICOTO,0,,3010,GAD PARROQUIAL QUINCHICOTO,NO,13 DE ABRIL Y MOISES ORTIZ,32770043,2,1,3,1,2,1,1,817,760680,9846574,-78.6573094,-1.38692292,NO,NO
18,TUNGURAHUA,90,TISALEO,5515,TISALEO,0,,1693,UNIDAD EDUCATIVA ANIBAL SALGADO RUIZ BLOQUE 2 EX ESCUELA PEDRO CARBO,SI,ANTONIO CLAVIJO Y JOSE NARANJO,32751137,5,5,10,8,12,8,12,3500,759447,9850911,-78.66842185,-1.34772866,NO,NO
18,TUNGURAHUA,90,TISALEO,5515,TISALEO,0,,1720,UNIDAD EDUCATIVA ANIBAL SALGADO RUIZ BLOQUE 4,SI,ANTONIO CLAVIJO Y SIMON BOLIVAR,32751167,7,7,14,1,7,1,7,4900,759426.1,9851080.04,-78.66861102,-1.34620076,NO,NO
18,TUNGURAHUA,90,TISALEO,5515,TISALEO,0,,3085,UNIDAD EDUCATIVA ANIBAL SALGADO RUIZ BLOQUE 3 EX ESCUELA 10 DE AGOSTO,NO,20 DE OCTUBRE Y CACIQUE,32751312,2,1,3,13,14,13,13,975,759219,9850771,-78.67046848,-1.34899619,NO,NO
18,TUNGURAHUA,135,AMBATO,95,AMBATILLO,1,AMBATILLO,1673,UNIDAD EDUCATIVA JOSE JOAQUIN OLMEDO,SI,MADRID Y VALENCIA,32470016,5,5,10,1,5,1,5,3411,760950.3855,9863789.118,-78.65502551,-1.23130206,NO,NO
18,TUNGURAHUA,135,AMBATO,190,ATAHUALPA /CHIPZALATA,0,,1424,UNIDAD EDUCATIVA ATAHUALPA,SI,CONDOR MIRADOR Y 12 DE SEPTIEMBRE,32855812,13,12,25,1,13,1,12,8744,765764.0844,9865627.756,-78.61180794,-1.2146433,NO,NO
18,TUNGURAHUA,135,AMBATO,210,AUGUSTO N MARTINEZ,1,AUGUSTO N. MARTINEZ,1782,AULAS DE LA CATEQUESIS,NO,LA CEIBA 03-05 Y 13 DE DICIEMBRE,32525664,3,2,5,9,11,9,10,1640,764920.3813,9865241.919,-78.61938212,-1.21813777,NO,NO
18,TUNGURAHUA,135,AMBATO,210,AUGUSTO N MARTINEZ,1,AUGUSTO N. MARTINEZ,1292,UNIDAD EDUCATIVA AUGUSTO NICOLAS MARTINEZ BLOQUE 1 EX ESCUELA SECUNDINO EGUEZ 1,NO,AV. 13 DE DICIEMBRE 04-210 Y CHANUL,32850550,4,3,7,1,4,1,3,2450,765021.0188,9865161.144,-78.61847765,-1.21886713,NO,NO
18,TUNGURAHUA,135,AMBATO,210,AUGUSTO N MARTINEZ,1,AUGUSTO N. MARTINEZ,1296,UNIDAD EDUCATIVA AUGUSTO NICOLAS MARTINEZ BLOQUE 2 EX ESCUELA SECUNDINO EGUEZ 2,SI,EL CHANUL Y 13 DE DICIEMBRE,32855055,3,3,6,5,7,4,6,2100,765012.0312,9865244.019,-78.61855903,-1.21811806,NO,NO
18,TUNGURAHUA,135,AMBATO,210,AUGUSTO N MARTINEZ,1,AUGUSTO N. MARTINEZ,7046,COMPLEJO DEPORTIVO PARROQUIAL DE AUGUSTO N. MARTINEZ,NO,EL CAOBA Y EL ENEBRO,32450962,1,2,3,8,8,7,8,1050,764847.2212,9865288.106,-78.62003953,-1.21772085,NO,NO
18,TUNGURAHUA,135,AMBATO,800,CUNCHIBAMBA,0,,938,UNIDAD EDUCATIVA DARIO GUEVARA,SI,PANAMERICANA NORTE Y CHORRERA,32476008,6,5,11,1,6,1,5,3564,768512,9874102,-78.58719526,-1.13802084,NO,NO
18,TUNGURAHUA,135,AMBATO,810,UNAMUNCHO,1,UNAMUNCHO,2859,UNIDAD EDUCATIVA TOMAS SEVILLA BLOQUE 1,NO,ANDRES PINCH Y PUEGAN,32476237,3,3,6,1,3,1,3,1943,766998,9871672,-78.60077345,-1.15999774,NO,NO
18,TUNGURAHUA,135,AMBATO,1625,HUACHI GRANDE,1,HUACHI GRANDE,2651,GAD PARROQUIAL HUACHI GRANDE,NO,MONTANA Y AV. ATAHUALPA,32441418,2,1,3,11,12,11,11,1014,762914,9855383,-78.63732095,-1.3072737,NO,NO
18,TUNGURAHUA,135,AMBATO,1625,HUACHI GRANDE,1,HUACHI GRANDE,2655,UNIDAD EDUCATIVA HUACHI GRANDE EX ESCUELA 9 DE OCTUBRE,NO,ILLINOIS y ALASKA,32442082,4,5,9,7,10,6,10,3150,762788,9855449,-78.63845316,-1.30667817,NO,NO
18,TUNGURAHUA,135,AMBATO,1625,HUACHI GRANDE,1,HUACHI GRANDE,1727,UNIDAD EDUCATIVA HUACHI GRANDE SEDE 2 EX ESCUELA VICENTE FLOR,SI,NEVADA E ILLINOIS,32442187,6,5,11,1,6,1,5,3850,762882,9855280,-78.63760748,-1.30820505,NO,NO
18,TUNGURAHUA,135,AMBATO,1745,IZAMBA,0,,1120,UNIDAD EDUCATIVA FISCOMISIONAL TIRSO DE MOLINA,SI,AV PEDRO VASCONEZ,32855912,11,10,21,1,11,1,10,7350,767902.6155,9864235.83,-78.59259096,-1.22720809,NO,NO
18,TUNGURAHUA,135,AMBATO,1745,IZAMBA,0,,830,UNIDAD EDUCATIVA JULIO ENRIQUE FERNANDEZ,SI,MENTOR TACOAMAN Y ALFONSO TROYA,32855502,5,5,10,23,27,21,25,2946,768475.3,9864202.875,-78.58744753,-1.22750131,NO,NO
18,TUNGURAHUA,135,AMBATO,1745,IZAMBA,0,,1722,UNIDAD EDUCATIVA FISCOMISIONAL TIRSO DE MOLINA BLOQUE 2,SI,AV PEDRO VASCONEZ,32855912,5,5,10,12,16,11,15,3500,767978.7916,9864214.604,-78.59190667,-1.22739933,NO,NO
18,TUNGURAHUA,135,AMBATO,1745,IZAMBA,0,,6357,UNIDAD EDUCATIVA CEBI,NO,MODESTO CHACON Y PEDRO VASCONEZ,33730370,3,3,6,20,22,18,20,2100,768818.6953,9864375,-78.58436498,-1.22594263,NO,NO
18,TUNGURAHUA,135,AMBATO,1745,IZAMBA,0,,6993,UNIDAD EDUCATIVA AMBATO DE LOS ANGELES,NO,AV. PEDRO VASCONEZ Y CIRO PEÑAHERRERA,32854178,3,2,5,17,19,16,17,1750,768691.9323,9864383.922,-78.58550348,-1.22586302,NO,NO
18,TUNGURAHUA,135,AMBATO,1860,JUAN BENIGNO VELA,0,,1505,UNIDAD EDUCATIVA JUAN BENIGNO VELA BLOQUE 2 EX BELISARIO QUEVEDO,SI,MOISES BUENAÑO Y ENRIQUE NUÑEZ,32483059,5,4,9,6,10,6,9,3107,756527.4453,9855979.558,-78.69468711,-1.30193457,NO,NO
18,TUNGURAHUA,135,AMBATO,1860,JUAN BENIGNO VELA,0,,1734,UNIDAD EDUCATIVA JUAN BENIGNO VELA - EX COLEGIO JOSE FIDEL HIDALGO,NO,VIA A GUARANDA PASAJE LA MERCED,32483033,5,5,10,1,5,1,5,3500,756945,9856338,-78.69093969,-1.29869084,NO,NO
18,TUNGURAHUA,135,AMBATO,2435,MONTALVO,0,,3210,ESCUELA DE EDUCACION BASICA ELOY ALFARO,NO,7 TRATADOS Y ESPECTADORES,32456364,3,3,6,3,5,3,5,1665,764064,9852782,-78.62697012,-1.33077552,NO,NO
18,TUNGURAHUA,135,AMBATO,2435,MONTALVO,0,,3131,CASA DEL PUEBLO MONTALVO,NO,7 TRATADOS Y JUAN MONTALVO,32456350,2,2,4,1,2,1,2,1400,764028,9852821,-78.62729378,-1.33042329,NO,NO
18,TUNGURAHUA,135,AMBATO,2775,PASA,1,PASA,2728,UNIDAD EDUCATIVA PASA BLOQUE 4 EX JUAN ESPIN 1,NO,RAFAEL ARIAS Y AQUILINO FERNANDEZ,2486006,3,3,6,1,3,1,3,2100,752384,9859690,-78.7319325,-1.26842566,NO,NO
18,TUNGURAHUA,135,AMBATO,2775,PASA,1,PASA,2764,UNIDAD EDUCATIVA PASA BLOQUE 2 EX JUAN ESPIN 2,NO,RAFAEL ARIAS Y JOAQUIN CALVACHE,2486006,3,3,6,4,6,4,6,2100,752378.7008,9859552.382,-78.73197901,-1.2696698,NO,NO
18,TUNGURAHUA,135,AMBATO,2775,PASA,1,PASA,1718,UNIDAD EDUCATIVA PASA BLOQUE 1,SI,ALFONSO ALDAS Y JUAN ANTONIO QUILLIGANA,32486006,2,2,4,7,8,7,8,1143,752212.9731,9859876.372,-78.7334701,-1.26674219,NO,NO
18,TUNGURAHUA,135,AMBATO,2830,PICAYHUA,1,PICAYHUA,2533,CANCHA CUBIERTA DEL GAD PARROQUIAL PICAIHUA,NO,JOSE INGENIEROS Y PITAGORAS,32762191,4,4,8,6,9,6,9,2800,768762.2735,9858850.815,-78.58482601,-1.2758772,NO,NO
18,TUNGURAHUA,135,AMBATO,2830,PICAYHUA,1,PICAYHUA,1779,UNIDAD EDUCATIVA PICAIHUA EX EMILIO PARDO BAZAN,SI,SAN AGUSTIN Y JOSE INGENIEROS,32000000,5,5,10,1,5,1,5,3500,768543.3854,9858830.292,-78.58679165,-1.27606457,NO,NO
18,TUNGURAHUA,135,AMBATO,2830,PICAYHUA,1,PICAYHUA,1780,UNIDAD EDUCATIVA PICAIHUA EX COLEGIO PICAIHUA,SI,CALLE LOS CIPRESES VÍA CASERIO SIMON BOLIVAR,32862004,6,5,11,13,18,13,17,3797,769232.2333,9859145.296,-78.58060783,-1.27321135,NO,NO
18,TUNGURAHUA,135,AMBATO,2830,PICAYHUA,1,PICAYHUA,3479,UNIDAD EDUCATIVA PICAIHUA EX CRISTOBAL VELA,NO,VÍA CASERIO SIMON BOLIVAR Y LOS CIPRESES,32762004,3,3,6,10,12,10,12,2100,769277.7031,9859129.796,-78.58019934,-1.27335106,NO,NO
18,TUNGURAHUA,135,AMBATO,2860,PILAHUIN,1,PILAHUIN,2626,COLISEO PARROQUIAL DE PILAHUIN,NO,BOLIVAR Y JUAN MONTALVO,32760059,3,2,5,11,13,11,12,1243,753114.5872,9856885.951,-78.72534813,-1.29376873,NO,NO
18,TUNGURAHUA,135,AMBATO,2860,PILAHUIN,1,PILAHUIN,1366,ESCUELA DE EDUCACION BASICA INTERCULTURAL BILINGUE JOSE FELIX AYALA,SI,VIA A PALUGSHA PUCARA GRANDE,32760177,5,5,10,6,10,6,10,3500,751805.7401,9854693.363,-78.73708639,-1.31360067,NO,NO
18,TUNGURAHUA,135,AMBATO,2860,PILAHUIN,1,PILAHUIN,1371,UNIDAD EDUCATIVA PILAHUIN,SI,VÍA A GUARANDA KM 17,32760026,5,5,10,1,5,1,5,3500,752995,9856587,-78.72641984,-1.29647224,NO,NO
18,TUNGURAHUA,135,AMBATO,3120,QUISAPINCHA,1,QUISAPINCHA,1055,UNIDAD EDUCATIVA QUISAPINCHA BLOQUE 1,SI,GONZALES SUAREZ Y ALONSO PALACIOS,32772107,7,6,13,1,7,1,6,4550,757727,9863272,-78.68397174,-1.2360022,NO,NO
18,TUNGURAHUA,135,AMBATO,3120,QUISAPINCHA,1,QUISAPINCHA,1060,UNIDAD EDUCATIVA QUISAPINCHA BLOQUE 2 EX ESCUELA ELIAS TORO FUNES,SI,VÍA A SANTA ELENA Y ALONSO PALACIOS,32772915,6,5,11,8,13,7,11,3792,758046,9863076,-78.68110513,-1.23777148,NO,NO
18,TUNGURAHUA,135,AMBATO,3355,SAN BARTOLOME,1,SAN BARTOLOME,1006,UNIDAD EDUCATIVA NICOLAS MARTINEZ BLOQUE 1,SI,LA NACION Y PRECURSOR,32466104,4,3,7,1,4,1,3,2450,762469.5015,9863676.04,-78.64138115,-1.23231211,NO,NO
18,TUNGURAHUA,135,AMBATO,3355,SAN BARTOLOME,1,SAN BARTOLOME,3419,UNIDAD EDUCATIVA NICOLAS MARTINEZ BLOQUE 2 EX JARDIN LOS CAPULLITOS,NO,SHUARTZ Y LA NACION,32466104,2,2,4,7,8,8,9,1400,762468.5156,9863675.859,-78.64139,-1.23231375,NO,NO
18,TUNGURAHUA,135,AMBATO,3355,SAN BARTOLOME,1,SAN BARTOLOME,3480,AULAS DE LA CATEQUESIS DON BOSCO,NO,MAUGERI Y PERIODICO EL COSMOS,32466208,2,1,3,9,10,10,10,725,762496,9863619,-78.64114271,-1.23282752,NO,NO
18,TUNGURAHUA,135,AMBATO,3355,SAN BARTOLOME,1,SAN BARTOLOME,6915,UNIDAD EDUCATIVA GENESIS,NO,AGUACOLLAS Y OLLERO,32423593,2,4,6,5,6,4,7,2100,763126.9965,9863346.301,-78.63547347,-1.23528752,NO,NO
18,TUNGURAHUA,135,AMBATO,3380,SAN FERNANDO,0,,1721,UNIDAD EDUCATIVA TOMAS MARTINEZ,NO,QUITO Y AMBATO,32486147,4,3,7,1,4,1,3,2158,750431,9860061,-78.74947705,-1.26508715,NO,NO
18,TUNGURAHUA,135,AMBATO,3730,SANTA ROSA,1,SANTA ROSA,1416,UNIDAD EDUCATIVA SANTA ROSA BLOQUE 1 EX REINALDO MIÑO,SI,ROCAFUERTE Y 24 DE MAYO,32754097,9,9,18,11,19,8,16,6300,760379.8571,9857807.93,-78.66010136,-1.28537459,NO,NO
18,TUNGURAHUA,135,AMBATO,3730,SANTA ROSA,1,SANTA ROSA,1389,UNIDAD EDUCATIVA SANTA ROSA BLOQUE 2,SI,GONZALEZ SUAREZ Y ANTONIO JOSE DE SUCRE,32754076,10,7,17,1,10,1,7,5950,759729.1999,9858062.509,-78.66594731,-1.28307865,NO,NO
18,TUNGURAHUA,135,AMBATO,3730,SANTA ROSA,1,SANTA ROSA,6468,CASA PARROQUIAL ECLESIASTICA DE SANTA ROSA / GAD SANTA ROSA,NO,ELOY ALFARO Y GARCIA MORENO,32754028,2,2,4,23,24,20,21,1400,760053,9858182,-78.66304009,-1.28199582,NO,NO
18,TUNGURAHUA,135,AMBATO,3730,SANTA ROSA,1,SANTA ROSA,6999,ESCUELA DE EDUCACION BASICA ARCHIPIELAGO DE GALAPAGOS,NO,ROCAFUERTE VIA EL QUINCHE,32754757,3,3,6,20,22,17,19,2100,760911.2709,9857100.074,-78.65532265,-1.29176894,NO,NO
18,TUNGURAHUA,135,AMBATO,3730,SANTA ROSA,1,SANTA ROSA,7950,AUDITORIO GAD PARROQUIAL SANTA ROSA,NO,AV. GONZALEZ SUAREZ Y AV. JUAN MONTALVO,32754223,1,2,3,25,25,22,23,862,759911.99,9858189.62,-78.66430663,-1.2819281,NO,NO
18,TUNGURAHUA,135,AMBATO,4065,TOTORAS,1,TOTORAS,2130,SINDICATO DE CHOFERES PROFESIONALES 15 DE AGOSTO,NO,ORQUIDEAS S/N Y REINA DEL TRANSITO,32748129,1,1,2,6,6,5,5,700,767521,9854427,-78.59593611,-1.31587568,NO,NO
18,TUNGURAHUA,135,AMBATO,4065,TOTORAS,1,TOTORAS,2133,COLISEO SINDICATO DE CHOFERES,NO,DALIAS Y MAGNOLIAS,32748129,2,2,4,7,8,6,7,1182,767508,9854549,-78.59605392,-1.31477301,NO,NO
18,TUNGURAHUA,135,AMBATO,4065,TOTORAS,1,TOTORAS,2136,UNIDAD EDUCATIVA TOTORAS BLOQUE 2,NO,MAGNOLIAS Y ORQUIDEAS,32748042,3,2,5,3,5,3,4,1750,767603.9238,9854423.149,-78.59519133,-1.31590977,NO,NO
18,TUNGURAHUA,135,AMBATO,4065,TOTORAS,1,TOTORAS,2138,UNIDAD EDUCATIVA TOTORAS BLOQUE 1,NO,ORQUIDEAS S/N Y REINA DEL TRANSITO,32748042,2,2,4,1,2,1,2,1400,767564,9854463,-78.59555023,-1.31554989,NO,NO
18,TUNGURAHUA,135,AMBATO,5045,ATOCHA FICOA,1,ATOCHA FICOA,817,UNIDAD EDUCATIVA SAN ALFONSO,SI,LAS LIMAS Y AGUACATES,32820055,4,4,8,12,15,12,15,2800,762642,9862554,-78.63982294,-1.24245346,NO,NO
18,TUNGURAHUA,135,AMBATO,5045,ATOCHA FICOA,1,ATOCHA FICOA,843,UNIDAD EDUCATIVA SANTO DOMINGO DE GUZMAN,SI,AV. LOS GUAYTAMBOS Y LOS HIGOS,32822174,11,11,22,1,11,1,11,7700,762656.1511,9862363.386,-78.63969432,-1.24417641,NO,NO
18,TUNGURAHUA,135,AMBATO,5045,ATOCHA FICOA,1,ATOCHA FICOA,1676,UNIDAD EDUCATIVA RUMIÑAHUI BLOQUE 2 EX ESCUELA EDUARDO MERA,NO,LA DELICIA Y AVENIDA RODRIGO PACHANO,32824228,4,2,6,16,19,16,17,2032,763316,9862872.183,-78.63377221,-1.23957179,NO,NO
18,TUNGURAHUA,135,AMBATO,5445,HUACHI LORETO,0,,1346,UNIDAD EDUCATIVA GUAYAQUIL,SI,AV. BOLIVARIANA Y JUAN DE DIOS MORALES,32408970,11,11,22,47,57,43,53,7700,765410.95,9860869.175,-78.61494101,-1.25766075,NO,NO
18,TUNGURAHUA,135,AMBATO,5445,HUACHI LORETO,0,,445,ESCUELA DE EDUCACION BASICA SERGIO QUIROLA,NO,COTACACHI Y PASOCHOA,32822151,3,3,6,68,70,64,66,2100,764598.936,9862733.162,-78.62224893,-1.24081807,NO,NO
18,TUNGURAHUA,135,AMBATO,5445,HUACHI LORETO,0,,279,ESCUELA DE EDUCACION BASICA MANUELA ESPEJO,SI,TOA Y QUIMBALEMBO,32847801,6,4,10,24,29,23,26,3500,763784.6771,9861936.906,-78.62955542,-1.24802241,NO,NO
18,TUNGURAHUA,135,AMBATO,5445,HUACHI LORETO,0,,440,UNIDAD EDUCATIVA MARIO COBO BARONA,SI,AV. RUMIÑAHUI Y LOS SHYRIS,32846521,10,10,20,1,10,1,10,7000,763853,9861292,-78.62893657,-1.25385147,NO,NO
18,TUNGURAHUA,135,AMBATO,5445,HUACHI LORETO,0,,442,UNIDAD EDUCATIVA HISPANO AMERICA BLOQUE 2 EX ESCUELA HUMBERTO ALBORNOZ,SI,AVENIDA BOLIVARIANA Y CHINDUL,32520211,7,6,13,30,36,27,32,4550,764570.0312,9862387.073,-78.62250573,-1.24394675,NO,NO
18,TUNGURAHUA,135,AMBATO,5445,HUACHI LORETO,0,,1741,UNIDAD EDUCATIVA LUIS A. MARTINEZ AGROPECUARIO,SI,AV. RUMIÑAHUI Y PICHINCHA ALTA,32841236,10,10,20,58,67,54,63,7000,764221.903,9861292.126,-78.6256234,-1.25384731,NO,NO
18,TUNGURAHUA,135,AMBATO,5445,HUACHI LORETO,0,,269,UNIDAD EDUCATIVA GONZALEZ SUAREZ,SI,AVENIDA PICHINCHA Y QUIZ QUIZ,32843993,6,6,12,18,23,17,22,4200,764190.9334,9862021.175,-78.62590747,-1.24725736,NO,NO
18,TUNGURAHUA,135,AMBATO,5445,HUACHI LORETO,0,,396,ESCUELA DE EDUCACION BASICA EDUARDO REYES NARANJO,SI,CAMINO EL REY Y PASAJE SUMACO,32849689,6,5,11,71,76,67,71,3850,765081.093,9862191.131,-78.61791427,-1.24571378,NO,NO
18,TUNGURAHUA,135,AMBATO,5445,HUACHI LORETO,0,,1728,UNIDAD EDUCATIVA HISPANO AMERICA BLOQUE 1,SI,AV. BOLIVARIANA Y CHINDUL,32520211,10,10,20,37,46,33,42,7000,764647.076,9862370.325,-78.62181365,-1.24409752,NO,NO
18,TUNGURAHUA,135,AMBATO,5445,HUACHI LORETO,0,,6370,UNIDAD EDUCATIVA JUAN LEON MERA LA SALLE,SI,AV. LOS CHASQUIS Y RIO GUAYLLABAMBA,32841007,7,6,13,11,17,11,16,4550,764284.5593,9860001.475,-78.62505011,-1.26551356,NO,NO
18,TUNGURAHUA,135,AMBATO,5445,HUACHI LORETO,0,,7030,POLIDEPORTIVO IVAN VALLEJO,NO,AV BOLIVARIANA Y VICTOR HUGO,32409064,2,2,4,77,78,72,73,1361,765517.5698,9860479.172,-78.61398024,-1.26118525,NO,NO
18,TUNGURAHUA,135,AMBATO,5455,HUACHI CHICO,0,,514,UNIDAD EDUCATIVA FRANCISCO FLOR BLOQUE 3,SI,CERVANTES Y RIO MISAHUALLI,32844001,5,5,10,1,5,1,5,3500,763901.078,9859236.456,-78.62848792,-1.2724321,NO,NO
18,TUNGURAHUA,135,AMBATO,5455,HUACHI CHICO,0,,518,UNIDAD EDUCATIVA FRANCISCO FLOR BLOQUE 2 EX ESCUELA 3 DE NOVIEMBRE,SI,AV. ATAHUALPA Y JULIO JARAMILLO,32844001,5,5,10,6,10,6,10,3500,763779.875,9858924.771,-78.62957389,-1.27525058,NO,NO
18,TUNGURAHUA,135,AMBATO,5455,HUACHI CHICO,0,,1685,UNIVERSIDAD TECNICA DE AMBATO - FACULTAD DE CIENCIAS ADMINISTRATIVAS,SI,AV. LOS CHASQUIS Y RIO CUTUCHI,3370090,5,5,10,15,19,15,19,3500,764226,9859726,-78.62557377,-1.26800419,NO,NO
18,TUNGURAHUA,135,AMBATO,5455,HUACHI CHICO,0,,1628,UNIVERSIDAD TECNICA DE AMBATO - FACULTAD DE CONTABILIDAD Y AUDITORIA,NO,AV. LOS CHASQUIS Y RIO CUTUCHI,32848487,4,4,8,11,14,11,14,2800,764294.0453,9859682.684,-78.62496229,-1.26839518,NO,NO
18,TUNGURAHUA,135,AMBATO,5455,HUACHI CHICO,0,,2525,UNIVERSIDAD TECNICA DE AMBATO - FACULTAD DE CIENCIAS HUMANAS Y DE LA EDUCACION,SI,LOS CHASQUIS Y RIO CUTUCHI,32410021,8,8,16,20,27,20,27,5600,764290,9859732,-78.62499903,-1.26794942,NO,NO
18,TUNGURAHUA,135,AMBATO,5455,HUACHI CHICO,0,,6127,"UNIVERSIDAD TECNICA DE AMBATO - FACULTAD DE SISTEMAS, ELECTRONICA E INDUSTRIAL - FISEI",SI,AV LOS CHASQUIS Y RIO CUTUCHI,32851894,7,6,13,39,45,37,42,4319,764384,9859731,-78.62415479,-1.26795768,NO,NO
18,TUNGURAHUA,135,AMBATO,5455,HUACHI CHICO,0,,6063,UNIVERSIDAD TECNICA DE AMBATO - FACULTAD DE ALIMENTOS,SI,AV LOS CHASQUIS Y RÍO CUTUCHI,32400987,7,6,13,32,38,31,36,4550,764425,9859604,-78.62378552,-1.26910535,NO,NO
18,TUNGURAHUA,135,AMBATO,5455,HUACHI CHICO,0,,7901,UNIVERSIDAD TECNICA DE AMBATO - FACULTAD DE JURISPRUDENCIA Y CIENCIAS SOCIALES,NO,AV. LOS CHASQUIS Y RIO CUTUCHI,32845338,4,3,7,28,31,28,30,2450,764367.71,9859733.3,-78.62430111,-1.26793703,NO,NO
18,TUNGURAHUA,135,AMBATO,5545,LA MATRIZ,1,LA MATRIZ,1128,UNIDAD EDUCATIVA LICEO CEVALLOS,SI,BOLIVAR 159 Y FRANCISCO FLOR,32821344,8,8,16,9,16,9,16,5600,763549.222,9862402.445,-78.63167383,-1.2438161,NO,NO
18,TUNGURAHUA,135,AMBATO,5545,LA MATRIZ,1,LA MATRIZ,1689,CENTRO DE IDIOMAS DE LA UNIVERSIDAD TECNICA DE AMBATO,SI,ROCAFUERTE Y QUITO,32427331,6,4,10,22,27,22,25,3500,763620.3222,9862623.058,-78.63103705,-1.2418213,NO,NO
18,TUNGURAHUA,135,AMBATO,5545,LA MATRIZ,1,LA MATRIZ,1773,UNIDAD EDUCATIVA LUIS A. MARTINEZ - CENTRO,SI,QUITO Y CEVALLOS,32821774,8,8,16,1,8,1,8,5600,763801.611,9862326.309,-78.62940648,-1.24450228,NO,NO
18,TUNGURAHUA,135,AMBATO,5545,LA MATRIZ,1,LA MATRIZ,61,UNIDAD EDUCATIVA GENERAL ELOY ALFARO DELGADO,SI,CADIZ 06-36 Y BARCELONA,32841579,4,4,8,41,44,37,40,2567,763037.0239,9861032.196,-78.63626287,-1.25620664,NO,NO
18,TUNGURAHUA,135,AMBATO,5545,LA MATRIZ,1,LA MATRIZ,1776,UNIDAD EDUCATIVA BOLIVAR,SI,QUIZ QUIZ Y AV. ATAHUALPA,32846390,13,11,24,28,40,26,36,8400,763153.8987,9861472.336,-78.63521677,-1.25222704,NO,NO
18,TUNGURAHUA,135,AMBATO,5545,LA MATRIZ,1,LA MATRIZ,6367,UNIDAD EDUCATIVA LA PROVIDENCIA,SI,AV. CEVALLOS Y LALAMA,32421371,5,5,10,17,21,17,21,3500,764121.288,9862616.65,-78.62653778,-1.24187515,NO,NO
18,TUNGURAHUA,135,AMBATO,5560,LA MERCED,0,,453,UNIDAD EDUCATIVA TERESA FLOR,SI,CEVALLOS Y VARGAS TORRES,32821728,6,2,8,28,33,28,29,2833,764638.565,9863120.1,-78.62189614,-1.23732005,NO,NO
18,TUNGURAHUA,135,AMBATO,5560,LA MERCED,0,,485,UNIDAD EDUCATIVA JUAN BENIGNO VELA - LA MERCED,SI,ROCAFUERTE 01-18 Y VARGAS TORRES,32423307,5,5,10,23,27,23,27,3500,764419.421,9863355.647,-78.62386618,-1.23519261,NO,NO
18,TUNGURAHUA,135,AMBATO,5560,LA MERCED,0,,1675,UNIDAD EDUCATIVA AMBATO,SI,VARGAS TORRES Y GARCIA MORENO,32420479,7,7,14,1,7,1,7,4900,764286.7929,9863521.64,-78.62505865,-1.2336932,NO,NO
18,TUNGURAHUA,135,AMBATO,5560,LA MERCED,0,,1679,UNIDAD EDUCATIVA AMBATO BLOQUE 2 EX ESCUELA EUGENIA MERA,NO,HUMBERTO ALBORNOZ Y AYLLON,32420274,4,4,8,19,22,19,22,2800,764088.2312,9863575.306,-78.62684237,-1.23320969,NO,NO
18,TUNGURAHUA,135,AMBATO,5560,LA MERCED,0,,6290,UNIVERSIDAD TECNICA DE AMBATO FACULTAD DE CIENCIAS DE LA SALUD,SI,AV. COLOMBIA Y EL SALVADOR,33730268,7,7,14,8,14,8,14,4900,765279,9863455,-78.61614708,-1.23428756,NO,NO
18,TUNGURAHUA,135,AMBATO,5560,LA MERCED,0,,6368,UNIDAD EDUCATIVA SAGRADA FAMILIA,NO,AV. LAS AMÉRICAS Y SABANILLA,32521877,4,4,8,15,18,15,18,2800,765490.1741,9862968.001,-78.6142466,-1.23868802,NO,NO
18,TUNGURAHUA,135,AMBATO,5605,LA PENINSULA,0,,2987,ESCUELA DE EDUCACION BASICA MARQUES DE SELVA ALEGRE,NO,BOGOTA Y ASUNCION,32445172,4,3,7,1,4,1,3,2221,766302.961,9862402.08,-78.60694239,-1.24379693,NO,NO
18,TUNGURAHUA,135,AMBATO,5840,PISHILATA,1,PISHILATA,2866,ATRIO DE LA IGLESIA CRISTO SALVADOR,NO,AV. EUROPA,32753004,2,2,4,1,2,1,2,1069,766000,9861208,-78.60965351,-1.25459312,NO,NO
18,TUNGURAHUA,140,PELILEO,365,BOLIVAR,0,,2886,ESCUELA DE EDUCACION BASICA ABDON CALDERON,NO,16 DE AGOSTO Y ABDON CALDERON,32574034,2,2,4,1,2,1,2,1400,773476,9847204,-78.54238898,-1.38111108,NO,NO
18,TUNGURAHUA,140,PELILEO,365,BOLIVAR,0,,3328,COLISEO GAD PARROQUIAL BOLIVAR,NO,16 DE AGOSTO Y JUAN MONTALVO,2574067,2,2,4,3,4,3,4,878,773404,9847197,-78.54303555,-1.38117503,NO,NO
18,TUNGURAHUA,140,PELILEO,675,COTALO,0,,2883,UNIDAD EDUCATIVA COTALO,NO,COTALO CENTRO,32837000,3,3,6,1,3,1,3,1854,776888,9841761,-78.51169399,-1.43027647,NO,NO
18,TUNGURAHUA,140,PELILEO,900,CHIQUICHA,0,,2884,UNIDAD EDUCATIVA DOCTOR BENIGNO MALO,NO,VIA PELILEO-NITON,33059767,3,3,6,1,3,1,3,1898,773775,9861844.01,-78.5398333,-1.24877913,NO,NO
18,TUNGURAHUA,140,PELILEO,1185,EL ROSARIO /RUMICHACA,0,,1688,UNIDAD EDUCATIVA EUGENIO ESPEJO,SI,EUGENIO ESPEJO Y SUCRE,32492057,4,4,8,1,4,1,4,2417,770788,9856752,-78.56661527,-1.29483124,NO,NO
18,TUNGURAHUA,140,PELILEO,1320,GARCIA MORENO,0,,3418,COLISEO GAD GARCIA MORENO,NO,LAS GARDENIAS Y PARAISO,32830036,2,2,4,4,5,3,4,1245,773200.0821,9854010.527,-78.54492877,-1.31959013,NO,NO
18,TUNGURAHUA,140,PELILEO,1320,GARCIA MORENO,0,,5428,UNIDAD EDUCATIVA EUCLIDES BARRERA EX ESCUELA MIGUEL DE CERVANTES,NO,PARAISO Y GARDENIAS,32871218,3,2,5,1,3,1,2,1750,773343.6704,9853533.865,-78.543635,-1.32389735,NO,NO
18,TUNGURAHUA,140,PELILEO,1630,HUAMBALO,0,,1690,ESCUELA DE EDUCACION BASICA 12 DE OCTUBRE,NO,CALLE VICENTE ROCAFUERTE Y CAMILO SEGOVIA,32864461,5,5,10,6,10,6,10,3468,774845,9846511,-78.53008754,-1.38736214,NO,NO
18,TUNGURAHUA,140,PELILEO,1630,HUAMBALO,0,,1701,UNIDAD EDUCATIVA HUAMBALO,SI,CALLE 24 DE MAYO Y JUAN MONTALVO,32864018,5,5,10,1,5,1,5,3500,774427.7852,9846736.629,-78.53383665,-1.38532665,NO,NO
18,TUNGURAHUA,135,AMBATO,5945,SAN FRANCISCO,0,,1036,UNIDAD EDUCATIVA BOLIVAR CENTRO,NO,SUCRE ENTRE LALAMA Y MARTINEZ,32846390,4,4,8,7,10,6,9,2722,764022.3854,9862745.458,-78.62742707,-1.2407116,NO,NO
18,TUNGURAHUA,135,AMBATO,5945,SAN FRANCISCO,0,,1013,UNIDAD EDUCATIVA LICEO JUAN MONTALVO,SI,ROCAFUERTE 09-022 Y ESPEJO,32422817,6,5,11,1,6,1,5,3850,764038.8719,9862962.303,-78.62728075,-1.2387513,NO,NO
18,TUNGURAHUA,140,PELILEO,335,BENITEZ /PACHANLICA,0,,2861,UNIDAD EDUCATIVA MARIANO BENITEZ TORRES,NO,SIMON BOLIVAR S/N Y 24 DE SEPTIEMBRE,32765021,3,3,6,1,3,1,3,2071,768482.9052,9851448.589,-78.58727099,-1.34278971,NO,NO
18,TUNGURAHUA,135,AMBATO,5045,ATOCHA FICOA,2,ATOCHA,5113,UNIDAD EDUCATIVA RUMIÑAHUI BLOQUE 1,NO,AV. RODRIGO PACHANO Y EDUARDO MERA,32420929,1,1,2,1,1,1,1,129,763751.6123,9863645.235,-78.62986612,-1.23258028,NO,NO
18,TUNGURAHUA,135,AMBATO,5545,LA MATRIZ,2,MIRAFLORES,1151,UNIDAD EDUCATIVA LA INMACULADA,NO,AV. MIRAFLORES 11-59 Y MARGARITAS,32823988,1,1,2,1,1,1,1,495,762826.17,9861813.813,-78.63816292,-1.24914292,NO,NO
18,TUNGURAHUA,155,PATATE,2210,LOS ANDES,0,,3333,ESCUELA DE EDUCACION BASICA MARCIAL AGUSTO SORIA,NO,VIA PATATE-PILLARO,32573134,2,2,4,1,2,1,2,1088,776545,9861003,-78.5149503,-1.25635721,NO,NO
18,TUNGURAHUA,135,AMBATO,635,CONSTANTINO FERNANDEZ,0,,1771,UNIDAD EDUCATIVA HONORATO VASQUEZ,NO,ROMERILLO Y 28 DE JULIO,32473033,4,4,8,1,4,1,4,2402,762918.9291,9867282.758,-78.63737314,-1.19970547,NO,NO
18,TUNGURAHUA,135,AMBATO,5230,CELIANO MONGE,0,,449,ESCUELA DE EDUCACION BASICA FE Y ALEGRIA,NO,ISIDRO VITERI 7-07 Y PASAJE SOLANDA,32847714,5,5,10,1,5,1,5,3226,764627.2333,9860747.65,-78.62197864,-1.25876573,NO,NO
18,TUNGURAHUA,135,AMBATO,95,AMBATILLO,2,AMBATILLO ALTO,4633,UNIDAD EDUCATIVA REINALDO ESPINOZA BLOQUE 1,NO,VALENCIA VIA A SAN FRANCISCO,32470117,1,1,2,1,1,1,1,291,759995.0555,9866115.027,-78.66362374,-1.21028412,NO,NO
18,TUNGURAHUA,135,AMBATO,3730,SANTA ROSA,2,CUATRO ESQUINAS,4634,UNIDAD EDUCATIVA INTERCULTURAL BILINGUE HUAYNA CAPAC,NO,VIA JUAN BENIGNO VELA - TISALEO,33073191,1,1,2,1,1,1,1,188,757222,9853752,-78.68843033,-1.32206562,NO,NO
18,TUNGURAHUA,150,BAÑOS,3200,RIO VERDE,0,,2628,UNIDAD EDUCATIVA PUERTAS DEL DORADO,NO,EL DORADO,32493079,2,2,4,1,2,1,2,1195,800439,9844860,-78.30023255,-1.40202965,NO,NO
18,TUNGURAHUA,150,BAÑOS,4135,ULBA,1,ULBA,2982,UNIDAD EDUCATIVA PALOMINO FLORES,NO,JUAN MONTALVO Y 25 DE AGOSTO,32776025,3,3,6,1,3,1,3,1697,789818,9845597,-78.39561358,-1.39547755,NO,NO
18,TUNGURAHUA,150,BAÑOS,5105,BAÑOS,0,,283,ESCUELA DE EDUCACION BASICA PEDRO VICENTE MALDONADO,NO,MONTALVO Y MALDONADO,32740447,4,3,7,19,22,19,21,2320,786712.018,9845085.757,-78.42350071,-1.40012912,NO,NO
18,TUNGURAHUA,150,BAÑOS,5105,BAÑOS,0,,288,UNIDAD EDUCATIVA FRAY SEBASTIAN ACOSTA,SI,THOMAS HALFLANTS Y MONTALVO,32740452,6,6,12,13,18,13,18,4200,786785.26,9845137.352,-78.42284349,-1.39966208,NO,NO
18,TUNGURAHUA,150,BAÑOS,5105,BAÑOS,0,,290,ESCUELA DE EDUCACION BASICA PABLO ARTURO SUAREZ,SI,16 DE DICIEMBRE Y ORIENTE,32740448,5,5,10,8,12,8,12,3500,786899.48,9845520.626,-78.42182155,-1.3961969,NO,NO
18,TUNGURAHUA,150,BAÑOS,5105,BAÑOS,0,,165,UNIDAD EDUCATIVA OSCAR EFREN REYES,SI,12 DE NOVIEMBRE Y AMBATO,34740444,7,7,14,1,7,1,7,4900,787107.671,9845330.278,-78.41995007,-1.3979152,NO,NO
18,TUNGURAHUA,145,PILLARO,3300,SAN ANDRES,2,HUAPANTE GRANDE,2906,UNIDAD EDUCATIVA DEL MILENIO PILLARO,NO,VIA SALCEDO,3200000,1,1,2,1,1,1,1,321,772556.6982,9880920.442,-78.550923,-1.07635838,NO,NO
18,TUNGURAHUA,135,AMBATO,4065,TOTORAS,2,HUACHI TOTORAS,2134,UNIDAD EDUCATIVA EL ORO,NO,HUACHI TOTORAS,32488194,2,1,3,1,2,1,1,829,765974,9855526,-78.60983943,-1.30595489,NO,NO
18,TUNGURAHUA,135,AMBATO,2830,PICAYHUA,2,SIGSIPAMBA,3332,CASA COMUNAL SIGSIPAMBA EX ESCUELA AGUSTO MARIÑO,NO,VIA SAN JUAN,0,1,1,2,1,1,1,1,95,771393,9861654,-78.5612235,-1.25051671,NO,NO
18,TUNGURAHUA,135,AMBATO,2830,PICAYHUA,3,TANGAICHE,7898,CENTRO DE CAPACITACION PRIORITARIO TANGAICHE,NO,SIN NOMBRE,0,1,1,2,1,1,1,1,299,767863,9857617,-78.59289192,-1.28703756,NO,NO
18,TUNGURAHUA,135,AMBATO,2775,PASA,2,MOGATO,2775,UNIDAD EDUCATIVA MANUEL MARIA SANCHEZ,NO,S/N,32487009,1,1,2,1,1,1,1,375,755702,9859165,-78.70212685,-1.27314517,NO,SI
19,ZAMORA CHINCHIPE,980,CENTINELA DEL CONDOR,6625,ZUMBI,4,LA WINTZA,3597,ESCUELA DE EDUCACIÓN BÁSICA HERMANO MIGUEL,NO,S/N,73038860,1,1,2,1,1,1,1,231,757460,9558329,-78.68131193,-3.99258819,SI,NO
19,ZAMORA CHINCHIPE,980,CENTINELA DEL CONDOR,6625,ZUMBI,1,ZUMBI,885,COLEGIO DE BACHILLERATO ZUMBI,SI,CALLE JAIME ROLDÓS AGUILERA Y 13 DE ABRIL,73037145,2,3,5,5,6,5,7,1521,746727,9569240,-78.77818544,-3.89422019,NO,NO
19,ZAMORA CHINCHIPE,980,CENTINELA DEL CONDOR,6625,ZUMBI,1,ZUMBI,886,ESCUELA DE EDUCACIÓN BASICA GENERAL EPICLACHIMA,NO,CALLE 24 DE MAYO ENTRE MACARÁ Y 13 DE ABRIL,2117310,4,4,8,1,4,1,4,2800,746552.75,9569162.22,-78.77975195,-3.89492748,NO,NO
19,ZAMORA CHINCHIPE,980,CENTINELA DEL CONDOR,6625,ZUMBI,3,NANGUIPA ALTO,3506,ESCUELA DE EDUCACIÓN BÁSICA NUEVE DE OCTUBRE,NO,VIA A SAN JOSE Y LA GUAJIRA,73036912,1,1,2,1,1,1,1,150,750200.32,9563283.63,-78.74677961,-3.94798156,NO,NO
19,ZAMORA CHINCHIPE,980,CENTINELA DEL CONDOR,6625,ZUMBI,6,SAN PABLO,3598,ESCUELA DE CAPACITACION DEL CUERPO DE BOMBEROS DEL CANTON CENTINELA DEL CONDOR,NO,VIA A YANTZAZA,3037029,1,1,2,1,1,1,1,124,747510,9570830,-78.77117576,-3.8798279,NO,NO
19,ZAMORA CHINCHIPE,980,CENTINELA DEL CONDOR,4600,PANGUINTZA,0,,3505,ESCUELA DE EDUCACIÓN BÁSICA CIUDAD DE LATACUNGA,NO,TRONCAL AMAZÓNICA,73036988,2,2,4,1,2,1,2,1189,742678.95,9568310.07,-78.81459901,-3.90272265,NO,NO
19,ZAMORA CHINCHIPE,980,CENTINELA DEL CONDOR,4385,TRIUNFO DORADO,0,,3596,ESCUELA DE EDUCACIÓN BÁSICA LUZ DE AMÉRICA,NO,"VIA A GUAYZIMI, CALLE SECUNDARIA NUEVA ESPERANZA",73038627,1,1,2,1,1,1,1,777,754758.03,9564816.76,-78.70579438,-3.93401007,SI,NO
19,ZAMORA CHINCHIPE,660,CHINCHIPE,6315,ZUMBA,6,GUARIMIZAL,3544,ESCUELA DE EDUCACIÓN BÁSICA VICENTE PIEDRAHITA,NO,VIA A LAS PIRCAS,73059991,1,1,2,1,1,1,1,134,704674.8565,9473324.258,-79.15462585,-4.76241419,SI,SI
19,ZAMORA CHINCHIPE,660,CHINCHIPE,2110,SAN ANDRES,2,LA PALMA,3518,ESCUELA DE EDUCACIÓN BÁSICA JOSÉ VICENTE LEÓN,NO,VIA A LA PALMA,0,1,1,2,1,1,1,1,66,695766.3649,9468420.322,-79.23480596,-4.80696814,SI,SI
19,ZAMORA CHINCHIPE,660,CHINCHIPE,915,CHITO,2,NUEVOS HORIZONTES,3514,ESCUELA DE EDUCACIÓN BÁSICA ECUADOR AMAZÓNICO,NO,VIA NUEVOS HORIZONTES - CHAUPE,0,1,1,2,1,1,1,1,97,729707.619,9464535.845,-78.92878177,-4.84122542,SI,SI
19,ZAMORA CHINCHIPE,660,CHINCHIPE,6315,ZUMBA,3,BELLAVISTA,3521,ESCUELA DE EDUCACIÓN BÁSICA LUIS PASTEUR,NO,"VIA A ZUMBA, BELLAVISTA.",73060001,1,1,2,1,1,1,1,151,710143.1441,9473288.961,-79.10534019,-4.76259931,SI,NO
19,ZAMORA CHINCHIPE,660,CHINCHIPE,915,CHITO,1,CHITO,3383,ESCUELA DE EDUCACIÓN BÁSICA REINO DE QUITO,NO,"VIA A SAN LUIS, VIA AL SUBCENTRO DE SALUD, CHITO",73035844,2,2,4,1,2,1,2,1012,717031.1088,9454968.244,-79.04278549,-4.92806955,SI,SI
19,ZAMORA CHINCHIPE,660,CHINCHIPE,1145,EL CHORRO,0,,3515,ESCUELA ALEJANDRO ENCALADA,NO,"VIA AL CHAUPI, VIA AL ESTADIO, EL CHORRO.",0,1,1,2,1,1,1,1,409,710184.02,9456494.08,-79.10454925,-4.91445233,SI,SI
19,ZAMORA CHINCHIPE,660,CHINCHIPE,2015,LA CHONTA,0,,3516,ESCUELA DE EDUCACIÓN BÁSICA GUAYAQUIL,NO,CENTRO DE LA CHONTA.,73059827,1,1,2,1,1,1,1,304,711197.85,9452612.69,-79.09530985,-4.9495203,SI,SI
19,ZAMORA CHINCHIPE,660,CHINCHIPE,2955,PUCAPAMBA,0,,3519,ESCUELA DE EDUCACIÓN BÁSICA ECUADOR,NO,"VIA AL CEMENTERIO, PUCAPAMBA.",73059828,1,1,2,1,1,1,1,275,708854.3915,9452934.882,-79.11644483,-4.94666759,SI,SI
19,ZAMORA CHINCHIPE,660,CHINCHIPE,6315,ZUMBA,1,ZUMBA,908,ESCUELA FISCOMISIONAL YAGUARZONGO,NO,CALLE ZUMBA Y CALLE ORELLANA,72308095,2,2,4,4,5,4,5,1400,707306,9462084,-79.13063417,-4.86398263,SI,NO
19,ZAMORA CHINCHIPE,660,CHINCHIPE,6315,ZUMBA,1,ZUMBA,909,COLEGIO DE BACHILLERATO MANUELA SÁENZ,NO,CALLE MANUELA SAENZ Y CALLE GALO PLAZA,72308037,2,3,5,6,7,6,8,1557,706986,9462234.7,-79.13352246,-4.86262802,SI,NO
19,ZAMORA CHINCHIPE,660,CHINCHIPE,6315,ZUMBA,1,ZUMBA,858,COLEGIO DE BACHILLERATO ZUMBA,SI,AVENIDA DEL COLEGIO Y CALLE 10 DE AGOSTO,72308034,3,3,6,1,3,1,3,2100,706830.57,9462089.14,-79.13491991,-4.86394803,SI,NO
19,ZAMORA CHINCHIPE,660,CHINCHIPE,6315,ZUMBA,2,EL PROGRESO,3520,UNIDAD EDUCATIVA MARIO PALTIN LAVANDA,NO,"VIA A LAS PIRCAS, MARGEN IZQUIERDA, EL PROGRESO",73059781,1,1,2,1,1,1,1,209,709580.0754,9467765.983,-79.1102779,-4.81255055,SI,NO
19,ZAMORA CHINCHIPE,660,CHINCHIPE,6315,ZUMBA,4,LA DIVERSION,3522,UNIDAD EDUCATIVA PRIMERO DE MAYO,NO,VIA ZUMBA - LA DIVERSION - SAN ANDRES,73059809,1,1,2,1,1,1,1,296,699930.32,9461697.95,-79.19711183,-4.86765463,SI,SI
19,ZAMORA CHINCHIPE,660,CHINCHIPE,6315,ZUMBA,5,LA GUAYUSA,3523,ESCUELA DE EDUCACIÓN BÁSICA YAGUACHI,NO,VIA LAS SUNGAS - LA GUAYUSA,73060028,1,1,2,1,1,1,1,56,704423.9525,9455177.688,-79.15644265,-4.92650069,SI,SI
19,ZAMORA CHINCHIPE,660,CHINCHIPE,915,CHITO,3,SALTO DEL INCA,3533,ESCUELA DE EDUCACIÓN BÁSICA MARÍA FRANCISCA GUEVARA,NO,BARRIO SALTO DEL INCA,73059841,1,1,2,1,1,1,1,64,716812.3796,9465392.743,-79.04503016,-4.83382376,SI,SI
19,ZAMORA CHINCHIPE,660,CHINCHIPE,2110,SAN ANDRES,1,SAN ANDRES,3517,COLEGIO DE BACHILLERATO LUIS G. TUFIÑO,NO,CALLE CRISTÓBAL PADILLA Y CARIAMANGA,73058081,1,1,2,1,1,1,1,394,689583.41,9467385.74,-79.29051629,-4.81646558,SI,SI
19,ZAMORA CHINCHIPE,775,EL PANGUI,1015,PACHICUTZA,2,SAN ROQUE,3540,ESCUELA DE EDUCACIÓN BÁSICA LEONIDAS GARCÍA,NO,AV. 4 DE OCTUBRE Y ENTRADA VIA CATACOCHA LA DELICIA,73035003,1,1,2,1,1,1,1,346,765831.64,9591771.94,-78.60680328,-3.690082,NO,NO
19,ZAMORA CHINCHIPE,775,EL PANGUI,1015,PACHICUTZA,3,SHACAY,3572,"CENTRO EDUCATIVO COMUNITARIO INTERCULTURAL BILINGÜE ""SAANT""",NO,VIA A EL PANGUI,0,1,1,2,1,1,1,1,124,772110.1471,9592362.669,-78.55032894,-3.68458818,SI,SI
19,ZAMORA CHINCHIPE,775,EL PANGUI,6355,EL PANGUI,3,UWENTS,3570,ESCUELA DE EDUCACIÓN BÁSICA BILINGUE TUTIN,NO,"ENTRADA POR CHICAÑA VIA UWENTS LA ARGELIA, BARRIO EL OSO",961469108,1,1,2,1,1,1,1,72,756985.14,9601855.46,-78.68663397,-3.59914331,SI,SI
19,ZAMORA CHINCHIPE,775,EL PANGUI,665,EL GUISMI,1,EL GUISMI,3566,UNIDAD EDUCATIVA ABELARDO MONCAYO,NO,VIA A LA ARGELIA,73057975,2,2,4,1,2,1,2,979,770050.35,9606788.91,-78.5692088,-3.55424391,NO,NO
19,ZAMORA CHINCHIPE,775,EL PANGUI,945,TUNDAYME,0,,3538,UNIDAD EDUCATIVA JAIME ROLDOS AGUILERA,NO,CALLE MANUELITA CAÑIZARES Y AV. DEL EJERCITO,73058083,2,2,4,1,2,1,2,1088,778616,9604319,-78.49209571,-3.57636057,NO,NO
19,ZAMORA CHINCHIPE,775,EL PANGUI,1015,PACHICUTZA,1,PACHICUTZA,3539,UNIVERSIDAD ESTATAL AMAZONICA EL PANGUI,NO,AV. IVAN RIOFRIO E ISIDRO AYORA,73034304,2,1,3,1,2,1,1,796,765351,9594092,-78.61118368,-3.6691226,NO,NO
19,ZAMORA CHINCHIPE,775,EL PANGUI,6355,EL PANGUI,1,EL PANGUI,914,COLEGIO DE BACHILLERATO ECUADOR AMAZÓNICO,SI,CALLE JORGE MOSQUERA Y CALLE EDUARDO MARIÑO,72310123,3,4,7,1,3,1,4,2450,768198,9599157,-78.58569107,-3.62327169,NO,NO
19,ZAMORA CHINCHIPE,775,EL PANGUI,6355,EL PANGUI,1,EL PANGUI,915,UNIDAD EDUCATIVA FISCOMISIONAL CACHA,NO,AVENIDA LUIS IMAICELA Y CALLE SOR RUFINA,72310126,4,4,8,4,7,5,8,2800,767651,9598492,-78.59059629,-3.62929572,NO,NO
19,ZAMORA CHINCHIPE,775,EL PANGUI,6355,EL PANGUI,1,EL PANGUI,6161,UNIVERSIDAD ESTATAL AMAZONICA SEDE EL PANGUI,NO,LUIS IMAICELA ENTRE AZUAY Y MAYOR RENE ULLOA,72310928,3,3,6,8,10,9,11,1703,767899.6187,9599043.666,-78.58837277,-3.62430329,NO,NO
19,ZAMORA CHINCHIPE,775,EL PANGUI,6355,EL PANGUI,2,KUNKI,2069,UNIDAD EDUCATIVA CARMEN VALDIVIEZO,NO,CALLE PRINCIPAL DEL BARRIO KUNKI,0,1,1,2,1,1,1,1,65,756012,9596556,-78.69526807,-3.64707049,SI,SI
19,ZAMORA CHINCHIPE,775,EL PANGUI,665,EL GUISMI,2,LA ARGELIA,3567,EX - ESCUELA RÍO CHUCHUMBLETZA,NO,VIA A LA ARGELIA,72000000,1,1,2,1,1,1,1,31,761559,9608204,-78.6456298,-3.54165134,SI,SI
19,ZAMORA CHINCHIPE,775,EL PANGUI,665,EL GUISMI,4,CHUCHUMBLETZA,3569,ESCUELA DE EDUCACIÓN BÁSICA FISCOMISIONAL HUALCOPO DUCHICELA,NO,VIA A TUNDAYME,72122090,1,1,2,1,1,1,1,189,774105,9609008,-78.53278768,-3.53408944,NO,NO
19,ZAMORA CHINCHIPE,775,EL PANGUI,665,EL GUISMI,3,MIASI,3568,ESCUELA DE EDUCACIÓN BÁSICA JUAN BENIGNO VELA,NO,VIA PRINCIPAL A LA ARGELIA,72000000,1,1,2,1,1,1,1,118,767049.33,9606995.81,-78.59621048,-3.55244474,SI,SI
19,ZAMORA CHINCHIPE,130,NANGARITZA,4570,NUEVO PARAISO,2,YAWI,3534,"CENTRO DE EDUCACION BASICA ""WAMPACH""",NO,YAWI,73038673,1,1,2,1,1,1,1,129,760724,9509282,-78.65060185,-4.43584874,SI,SI
19,ZAMORA CHINCHIPE,130,NANGARITZA,4570,NUEVO PARAISO,3,SELVA ALEGRE,3527,ESCUELA DE EDUCACIÓN BÁSICA MANUEL CAIZA UNTUÑA,NO,VIA PRINCIPAL A LA COMUNIDAD S/N,73038690,1,1,2,1,1,1,1,155,754432,9515226,-78.70743315,-4.38229633,SI,SI
19,ZAMORA CHINCHIPE,130,NANGARITZA,4570,NUEVO PARAISO,1,NUEVO PARAISO,3526,ESCUELA TENIENTE SEGUNDO QUIROZ,NO,S/N,3038614,1,1,2,1,1,1,1,397,759879.83,9516098.52,-78.65839723,-4.37425721,SI,SI
19,ZAMORA CHINCHIPE,130,NANGARITZA,1675,ZURMI,1,ZURMI,3528,UNIDAD EDUCATIVA PEDRO FERMIN CEVALLOS,NO,VIA A NUEVO PARAISO,73038821,2,2,4,1,2,1,2,1411,759200,9546074,-78.66533274,-4.10332035,SI,SI
19,ZAMORA CHINCHIPE,130,NANGARITZA,5520,GUAYZIMI,0,,905,"ESCUELA FISCOMISIONAL ""MONSEÑOR JORGE MOSQUERA""",NO,AVENIDA JORGE MOSQUERA Y CALLE CARLOS VÉLEZ,73038676,2,3,5,4,5,3,5,1478,757286,9552321,-78.6827247,-4.04690146,SI,NO
19,ZAMORA CHINCHIPE,130,NANGARITZA,5520,GUAYZIMI,0,,906,UNIDAD EDUCATIVA DEL MILENIO GUAYZIMI,SI,CALLE AMAZONAS Y CALLE RIO CENEPA,73038672,3,2,5,1,3,1,2,1750,757222,9552033,-78.6832934,-4.04950646,SI,NO
19,ZAMORA CHINCHIPE,130,NANGARITZA,4655,NANKAIS,0,,3529,CENTRO EDUCATIVO BASICO INTERCULTURAL EDUCACION BILINGÜE JOSE LUIS NANTIPA,NO,VIA PRINCIPAL,73039043,1,1,2,1,1,1,1,518,761718,9548724,-78.64273555,-4.07929989,SI,SI
19,ZAMORA CHINCHIPE,130,NANGARITZA,1675,ZURMI,3,SHAIMI,3525,UNIDAD EDUCATIVA COMUNITARIA INTERCULTURAL BILINGUE JUAN CHUINDA,NO,S/N,73038779,1,1,2,1,1,1,1,214,758999,9522483,-78.66650686,-4.31657116,SI,SI
19,ZAMORA CHINCHIPE,661,PALANDA,1240,EL PORVENIR DEL CARMEN,6,NUMBALA,3487,ESCUELA DE EDUCACIÓN BÁSICA ANGEL POLIBIO CHÁVEZ,NO,VIA SAN FRANCISCO,0,1,1,2,1,1,1,1,117,711117.4249,9485534.896,-79.09686025,-4.65185127,SI,SI
19,ZAMORA CHINCHIPE,661,PALANDA,1240,EL PORVENIR DEL CARMEN,3,CUMANDA,3485,ESCUELA DE EDUCACIÓN BÁSICA HERNÁN ÍÑIGUEZ,NO,VIA PRINCIPAL A CUMANDA,993551803,1,1,2,1,1,1,1,191,717483,9485538,-79.03949956,-4.65166576,SI,SI
19,ZAMORA CHINCHIPE,661,PALANDA,2170,LA CANELA,0,,3488,UNIDAD EDUCATIVA HERNANDO DE BENAVENTE,NO,CALLE 28 DE NOVIEMBRE,73040755,1,1,2,1,1,1,1,386,727008.0641,9489820.015,-78.95378341,-4.61270814,SI,SI
19,ZAMORA CHINCHIPE,661,PALANDA,4505,SAN FRANCISCO DEL VERGEL,2,SAN JUAN DE PUNCHES,3493,ESCUELA DE EDUCACIÓN BÁSICA FERNANDO DAQUILEMA,NO,VIA A SAN VICENTE DE PUNCHES,73040895,1,1,2,1,1,1,1,182,715980,9474692,-79.05277074,-4.74976687,SI,SI
19,ZAMORA CHINCHIPE,661,PALANDA,4505,SAN FRANCISCO DEL VERGEL,3,SAN MARTIN DE PORRES,3494,ESCUELA DE EDUCACIÓN BÁSICA MADRE TERESA DE CALCUTA,NO,CAMINO A SAN MARTIN DE PORREZ,96843753,1,1,2,1,1,1,1,79,711729.7564,9475515.489,-79.09109598,-4.74242831,SI,SI
19,ZAMORA CHINCHIPE,661,PALANDA,1240,EL PORVENIR DEL CARMEN,5,LOYOLA,3486,ESCUELA DE EDUCACIÓN BÁSICA OSCAR EFRÉN REYES,NO,VIA A SAN LUIS,939534906,1,1,2,1,1,1,1,121,720643.8079,9500014.156,-79.01138012,-4.52070335,SI,SI
19,ZAMORA CHINCHIPE,661,PALANDA,4195,VALLADOLID,3,FATIMA,3491,ESCUELA DE EDUCACIÓN BÁSICA CIUDAD DE RIOBAMBA,NO,VÍA A RÍO BLANCO,3041195,1,1,2,1,1,1,1,69,700511.84,9490374.69,-79.19254351,-4.60834086,SI,SI
19,ZAMORA CHINCHIPE,661,PALANDA,6740,PALANDA,3,PUCARON,3496,ESCUELA DE EDUCACIÓN BÁSICA ALBERTO SAETAMA MASACHE,NO,VIA A CAHUINAL,73041119,1,1,2,1,1,1,1,82,704995.9,9481971.41,-79.15193937,-4.68421922,SI,SI
19,ZAMORA CHINCHIPE,661,PALANDA,4195,VALLADOLID,2,TAPALA,3490,ESCUELA DE EDUCACIÓN BÁSICA CIUDAD DE LOYOLA,NO,CALLE CARIAMANGA S/N Y CALLE VILCABAMBA,73040977,1,1,2,1,1,1,1,132,711818.05,9496688.84,-79.09081555,-4.55098385,SI,SI
19,ZAMORA CHINCHIPE,661,PALANDA,1240,EL PORVENIR DEL CARMEN,2,SANTA CLARA,3484,UNIDAD EDUCATIVA JOSÉ MEJÍA LEQUERICA,NO,AV.SANTA CLARA (VIA LA CANELA),73040794,1,1,2,1,1,1,1,224,718616.1847,9485334.318,-79.02928342,-4.6534788,SI,SI
19,ZAMORA CHINCHIPE,661,PALANDA,1240,EL PORVENIR DEL CARMEN,1,EL PORVENIR DEL CARMEN,3483,UNIDAD EDUCATIVA EL PORVENIR,NO,VIA A LOYOLA,99183595,1,1,2,1,1,1,1,498,718170.01,9497138.96,-79.03359676,-4.54675997,SI,SI
19,ZAMORA CHINCHIPE,661,PALANDA,4195,VALLADOLID,1,VALLADOLID,3489,ESCUELA DE EDUCACIÓN BÁSICA VALLADOLID,NO,AVENIDA AMAZONAS ENTRE PODOCARPUS Y CALLE A,3041660,2,2,4,1,2,1,2,1123,707246.64,9496812.47,-79.13200707,-4.54997415,NO,NO
19,ZAMORA CHINCHIPE,661,PALANDA,4505,SAN FRANCISCO DEL VERGEL,1,SAN FRANCISCO DEL VERGEL,7766,COLEGIO DE BACHILLERATO VALLE DEL CHINCHIPE,NO,CALLE LUIS RIVADENEIRA,73040785,2,2,4,1,2,1,2,966,716654.38,9482484.17,-79.04688989,-4.67929749,SI,SI
19,ZAMORA CHINCHIPE,661,PALANDA,6740,PALANDA,1,PALANDA,910,UNIDAD EDUCATIVA ORIENTE ECUATORIANO,SI,CALLE TENIENTE HUGO ORTIZ ENTRE AVENIDA DEL MAESTRO Y CALLE 12 DE FEBRERO,73040781,3,3,6,1,3,1,3,2100,707179.5923,9485561.729,-79.13234603,-4.6517037,NO,NO
19,ZAMORA CHINCHIPE,661,PALANDA,6740,PALANDA,1,PALANDA,912,ESCUELA DE EDUCACIÓN BÁSICA LA DOLOROSA,NO,AVENIDA LOJA,73912272,2,3,5,4,5,4,6,1629,707155,9486117,-79.13258087,-4.64668359,NO,NO
19,ZAMORA CHINCHIPE,661,PALANDA,6740,PALANDA,2,VALLE HERMOZO,3495,ESCUELA DE EDUCACIÓN BÁSICA CIUDAD DE ZAMORA,NO,VIA A FATIMA,990437511,1,1,2,1,1,1,1,34,704040,9490557.43,-79.16075514,-4.60660693,SI,SI
19,ZAMORA CHINCHIPE,981,PAQUISHA,6885,PAQUISHA,2,RIO BLANCO,3622,ESCUELA DE EDUCACIÓN BÁSICA CONCHITA SALAMEA,NO,VÍA A RÍO BLANCO,73037633,1,1,2,1,1,1,1,66,775764.4317,9569183.734,-78.51685427,-3.89399649,SI,SI
19,ZAMORA CHINCHIPE,981,PAQUISHA,1120,NUEVO QUITO,3,CONGUIME,6916,Unidad Educativa Intercultural Bilingüe Eduardo Juank Miik,NO,Barrio Conguime,3037538,1,1,2,1,1,1,1,140,762256,9553321,-78.63801342,-4.0377328,SI,NO
19,ZAMORA CHINCHIPE,981,PAQUISHA,1120,NUEVO QUITO,4,LA HERRADURA,6949,CANCHA CUBIERTA LA HERRADURA,NO,"PAQUISHA, VIA PRINCIPAL LA HERRADURA",0,1,1,2,1,1,1,1,195,769562,9553385,-78.57225357,-4.03695985,SI,NO
19,ZAMORA CHINCHIPE,981,PAQUISHA,455,BELLAVISTA,0,,3502,ESCUELA DE EDUCACIÓN BÁSICA RÍO CANCHIS,NO,BELLAVISTA,72300429,1,1,2,1,1,1,1,544,758171.86,9571785.95,-78.67524164,-3.87092741,SI,NO
19,ZAMORA CHINCHIPE,981,PAQUISHA,1120,NUEVO QUITO,1,NUEVO QUITO,3503,ESCUELA DE EDUCACIÓN BÁSICA VICENTE ROCAFUERTE,NO,AVENIDA QUITO VIA A CHINAPINTZA,73037780,2,2,4,1,2,1,2,1246,760881.37,9559810.85,-78.65055442,-3.97910565,SI,SI
19,ZAMORA CHINCHIPE,981,PAQUISHA,6885,PAQUISHA,1,PAQUISHA,888,ESCUELA DE EDUCACIÓN BÁSICA SEGUNDO CUEVA CELI,SI,AVENIDA JAIME ROLDÓS AGUILERA Y CALLE MARTHA BUCARAM DE ROLDÓS,2269044,4,4,8,1,4,1,4,2322,757996,9564824,-78.67665132,-3.93386366,NO,NO
19,ZAMORA CHINCHIPE,981,PAQUISHA,1120,NUEVO QUITO,2,PTO. MINERO LA PUNTA,3501,ESCUELA DE EDUCACIÓN BÁSICA JOAQUIN GALLEGOS LARA,NO,S/N,73037573,1,1,2,1,1,1,1,147,766813.97,9552930.37,-78.5969762,-4.04114295,SI,SI
19,ZAMORA CHINCHIPE,665,YACUAMBI,4105,TUTUPALI,3,LA ESPERANZA,3563,CENTRO EDUCATIVO COMUNITARIO INTERCULTURAL BILINGÜE DE EDUCACIÓN BÁSICA OTTO AROSEMENA GÓMEZ,NO,VIA A TUTUPALI,73035927,1,1,2,1,1,1,1,175,729014,9604444,-78.93836457,-3.57634657,SI,SI
19,ZAMORA CHINCHIPE,665,YACUAMBI,2070,LA PAZ,3,KURINTS,3559,CENTRO EDUCATIVO COMUNITARIO INTERCULTURAL BILINGÜE DE EDUCACIÓN BÁSICA LUIS TSUKANKA,NO,VIA PRINCIPAL A YACUAMBI,73035444,1,1,2,1,1,1,1,262,724565,9582833.98,-78.97795855,-3.77181806,SI,SI
19,ZAMORA CHINCHIPE,665,YACUAMBI,2070,LA PAZ,4,NUEVO PORVENIR,3560,CENTRO EDUCATIVO COMUNITARIO INTERCULTURAL BILINGÜE DE EDUCACIÓN BÁSICA HUAYNA CAPAC,NO,VIA A GUAYACANES,73035903,1,1,2,1,1,1,1,172,736408.5004,9583207.937,-78.87137319,-3.768182,SI,SI
19,ZAMORA CHINCHIPE,665,YACUAMBI,2070,LA PAZ,1,LA PAZ,3557,UNIDAD EDUCATIVA COMUNITARIA INTERCULTURAL BILINGUE ANGEL NOLBERTO SUAREZ,NO,VIA PRINCIPAL A YACUAMBI,0,2,2,4,1,2,1,2,983,733534.8231,9590307.924,-78.89738889,-3.70405555,SI,SI
19,ZAMORA CHINCHIPE,665,YACUAMBI,4105,TUTUPALI,1,TUTUPALI,3561,ESCUELA DE EDUCACIÓN BÁSICA GENERAL MIRANDA,NO,VIA A TUTUPALI,3035632,1,1,2,1,1,1,1,496,727639,9609732,-78.95084277,-3.52856485,SI,SI
19,ZAMORA CHINCHIPE,665,YACUAMBI,6215,28 DE MAYO,0,,913,UNIDAD EDUCATIVA ALONSO DE MERCADILLO,SI,"CALLE 10 DE MARZO Y CALLE SAN FRANCISCO, ESQUINA",73035548,3,2,5,1,3,1,2,1750,730395,9597910,-78.92580405,-3.63539226,NO,NO
19,ZAMORA CHINCHIPE,665,YACUAMBI,6215,28 DE MAYO,0,,6248,UNIDAD EDUCATIVA ALONSO DE MERCADILLO BLOQUE 2,NO,10 DE MARZO Y AMAZONAS,73035688,2,3,5,4,5,3,5,1219,730277.4442,9597734.775,-78.92685829,-3.63697891,NO,NO
19,ZAMORA CHINCHIPE,665,YACUAMBI,4105,TUTUPALI,2,SAYUPAMBA,3562,CENTRO EDUCATIVO COMUNITARIO INTERCULTURAL BILINGÜE DE EDUCACIÓN BÁSICA JAIME ROLDÓS AGUILERA,NO,VIA A ORTEGA,73035889,1,1,2,1,1,1,1,133,731677.13,9608450.46,-78.91448259,-3.54007006,SI,SI
19,ZAMORA CHINCHIPE,665,YACUAMBI,2070,LA PAZ,2,CHAPINTZA BAJO,3558,ESCUELA DE EDUCACIÓN BÁSICA CIUDAD DE IBARRA,NO,VIA A YACUAMBI,73036295,1,1,2,1,1,1,1,238,736355,9583226,-78.87185508,-3.76801989,SI,SI
19,ZAMORA CHINCHIPE,670,YANZATZA,985,CHICANA,1,CHICANA,3509,ESCUELA DE EDUCACIÓN BÁSICA PADRE JUAN GONZALEZ,NO,AVENIDA MAYAICU ENTRE AVENIDA SAN VICENTE,73038276,3,3,6,1,3,1,3,1885,750317.92,9587842.96,-78.74630327,-3.72596576,NO,NO
19,ZAMORA CHINCHIPE,670,YANZATZA,2240,LOS ENCUENTROS,1,LOS ENCUENTROS,3535,UNIDAD EDUCATIVA DEL MILENIO LOS ENCUENTROS,NO,AV. 24 DE MAYO Y JAIME ROLDOS AGUILERA,73034792,6,7,13,1,6,1,7,4067,761644,9584107,-78.6442973,-3.7594682,NO,NO
19,ZAMORA CHINCHIPE,670,YANZATZA,6295,YANZATZA,1,YANZATZA,472,COLEGIO DE BACHILLERATO PRIMERO DE MAYO,SI,AVENIDA IVAN RIOFRIO Y CALLE 22 DE NOVIEMBRE,72300165,5,6,11,1,5,1,6,3850,748801.05,9576532.89,-78.75969081,-3.82824329,NO,NO
19,ZAMORA CHINCHIPE,670,YANZATZA,6295,YANZATZA,1,YANZATZA,474,UNIDAD EDUCATIVA FISCOMISIONAL JUAN XXIII,NO,"CALLE JORGE MOSQUERA Y CALLE ARMANDO ARIAS, ESQUINA",72300151,3,4,7,6,8,7,10,2450,748572,9576038,-78.76174058,-3.83272249,NO,NO
19,ZAMORA CHINCHIPE,670,YANZATZA,6295,YANZATZA,1,YANZATZA,848,ESCUELA DE EDUCACION BASICA GENERAL RUMIÑAHUI,NO,CALLE ARMANDO ARIAS Y CALLE GENERAL RUMIÑAHUI,72300267,4,3,7,9,12,11,13,2450,748336.14,9576148.03,-78.76386587,-3.83173339,NO,NO
19,ZAMORA CHINCHIPE,670,YANZATZA,6295,YANZATZA,1,YANZATZA,850,UNIDAD EDUCATIVA MARTHA BUCARÁM DE ROLDÓS,NO,CALLE IVÁN RIOFRÍO Y CALLE MARTHA BUCARÁM DE ROLDÓS,72300385,3,4,7,17,19,17,20,2133,748656.17,9575485.24,-78.76097006,-3.83771742,NO,NO
19,ZAMORA CHINCHIPE,670,YANZATZA,6295,YANZATZA,1,YANZATZA,3498,ESCUELA DE EDUCACIÓN BÁSICA MARÍA PAULINA SOLIS,NO,22 DE NOVIEMBRE,2300623,4,3,7,13,16,14,16,2450,748481.5682,9576603.819,-78.76256775,-3.82760964,NO,NO
19,ZAMORA CHINCHIPE,670,YANZATZA,985,CHICANA,3,LA YONA,6951,ESCUELA GABRIEL GARCÍA MORENO,NO,VIA AL PANGUI TRONCAL AMAZÓNICO BARRIO LA YONA,0,1,1,2,1,1,1,1,123,753699,9584142,-78.71579174,-3.7593426,NO,NO
19,ZAMORA CHINCHIPE,670,YANZATZA,2240,LOS ENCUENTROS,2,EL ZARZA,3536,ESCUELA DE EDUCACION BASICA SEIS DE OCTUBRE,NO,VIA A RIO BLANCO,73041017,1,1,2,1,1,1,1,105,769429,9575437,-78.5740281,-3.83764156,SI,SI
19,ZAMORA CHINCHIPE,670,YANZATZA,6295,YANZATZA,2,SAN SEBASTIAN,3537,ESCUELA DE EDUCACION BASICA DOCTOR PEDRO MONCAYO,NO,SAN SEBASTIAN VIA PRINCIPAL CHUCHUMBLETZA,0,1,1,2,1,1,1,1,66,745506.0027,9584302.874,-78.78952439,-3.75807885,SI,SI
19,ZAMORA CHINCHIPE,670,YANZATZA,6295,YANZATZA,3,NUEVA ESPERANZA,3565,ESCUELA DE EDUCACION BASICA LEOPOLDO LUCERO,NO,VIA AL TRINFO,73034692,1,1,2,1,1,1,1,29,757180,9574219,-78.68422772,-3.84895847,SI,SI
19,ZAMORA CHINCHIPE,670,YANZATZA,985,CHICANA,2,SAN VICENTE DE CANEY,3508,CENTRO EDUCATIVO COMUNITARIO INTERCULTURAL EDUCACION BILINGUE CIUDAD DE AMBATO,NO,Av. ANGELITO IÑAMAGUA,73038357,1,1,2,1,1,1,1,238,747052.95,9591302.2,-78.77576211,-3.69476898,SI,SI
19,ZAMORA CHINCHIPE,655,ZAMORA,4010,TIMBARA,3,LA PITUCA,3556,UNIDAD EDUCATIVA DOCE DE OCTUBRE,NO,VIA A ROMERILLOS,73040322,1,1,2,1,1,1,1,270,728560,9543098,-78.94111607,-4.13098662,SI,SI
19,ZAMORA CHINCHIPE,655,ZAMORA,1770,SAN CARLOS DE LAS MINAS,2,NAMBIJA,3549,ESCUELA DE EDUCACION BÁSICA BERNARDO VALDIVIESO,NO,NAMBIJA,73061113,1,1,2,1,1,1,1,275,745571,9549489,-78.78811316,-4.0727985,SI,NO
19,ZAMORA CHINCHIPE,655,ZAMORA,1390,GUADALUPE,1,GUADALUPE,907,UNIDAD EDICATIVA DANIEL MARTINEZ ORDOÑEZ,NO,"CALLE ZAMORA, VÍA A YACUAMBI",73035870,3,3,6,1,3,1,3,2033,734322.8246,9574962.366,-78.88996257,-3.84277391,NO,NO
19,ZAMORA CHINCHIPE,655,ZAMORA,1770,SAN CARLOS DE LAS MINAS,1,SAN CARLOS DE LAS MINAS,3548,ESCUELA DE EDUCACION BASICA VICTOR MANUEL PEÑAHERRERA,NO,CALLE LOURDES Y CALLE POLONIA,72303116,2,2,4,1,2,1,2,1347,741599.997,9554948.669,-78.82399476,-4.02353918,NO,NO
19,ZAMORA CHINCHIPE,655,ZAMORA,2155,LA VICTORIA DE IMBANA,1,LA VICTORIA DE IMBANA,6288,CANCHA CON CUBIERTA VICTORIA DE IMBANA,NO,S/N,3060421,1,2,3,1,1,1,2,766,708823.4166,9574518.393,-79.11948317,-3.84732666,SI,SI
19,ZAMORA CHINCHIPE,655,ZAMORA,3260,SABANILLA,0,,3553,UNIDAD EDUCATIVA VICTOR MANUEL RODRIGUEZ PEÑARRETA,NO,VIA LOJA - ZAMORA,2607070,1,1,2,1,1,1,1,732,715657,9561380,-79.05769492,-3.96598119,NO,NO
19,ZAMORA CHINCHIPE,655,ZAMORA,720,CUMBARATZA,2,NAMBIJA BAJO,3545,CASA COMUNAL,NO,VIA PRINCIPAL A SAN CARLOS DE LAS MINAS Y NAMBIJA,0,1,1,2,1,1,1,1,271,739088,9561548,-78.84676416,-3.96393854,NO,NO
19,ZAMORA CHINCHIPE,655,ZAMORA,4010,TIMBARA,2,ROMERILLOS BAJOS,3555,ESCUELA DE EDUCACIÓN BÁSICA CIUDAD DE QUITO,NO,VIA A ROMERILLOS ALTO,0,1,1,2,1,1,1,1,97,728958,9536939,-78.93738758,-4.18666042,SI,SI
19,ZAMORA CHINCHIPE,655,ZAMORA,1390,GUADALUPE,3,SOAPACA,3547,ESCUELA DE EDUCACIÓN BÁSICA CARLOS GARBAY,NO,TRONCAL AMAZONICA ZAMORA - YANZATZA,73039573,1,1,2,1,1,1,1,76,740272,9567291,-78.83624027,-3.91199168,NO,NO
19,ZAMORA CHINCHIPE,655,ZAMORA,2155,LA VICTORIA DE IMBANA,3,TAMBO BLANCO,3552,ESCUELA DE EDUCACIÓN BÁSICA ANTONIO ANTE,NO,"CALLE PRINCIPAL, TAMBO BLANCO",3060587,1,1,2,1,1,1,1,141,711297,9569816,-79.09712116,-3.88979555,SI,SI
19,ZAMORA CHINCHIPE,655,ZAMORA,720,CUMBARATZA,1,CUMBARATZA,3530,UNIDAD EDUCATIVA RIO ZAMORA BLOQUE 2,NO,CALLE JUAN MONTALVO Y GONZALEZ SUAREZ,72318151,2,2,4,3,4,3,4,1331,737038.146,9558115.187,-78.86513661,-3.99502104,NO,NO
19,ZAMORA CHINCHIPE,655,ZAMORA,720,CUMBARATZA,1,CUMBARATZA,3531,UNIDAD EDUCATIVA RIO ZAMORA BLOQUE 1,NO,CALLE JUAN MONTALVO Y TRONCAL AMAZONICA,72318162,2,2,4,1,2,1,2,1400,736972,9558393,-78.86573856,-3.99251101,NO,NO
19,ZAMORA CHINCHIPE,655,ZAMORA,6305,ZAMORA,0,,458,UNIDAD EDUCATIVA LUIS FELIPE BORJA DEL ALCÁZAR,NO,AVENIDA ALONSO DE MERCADILLO Y CLEOTARIO PIEDRA,2605943,3,3,6,7,9,7,9,2100,727669,9550054,-78.94929911,-4.06811814,NO,NO
19,ZAMORA CHINCHIPE,655,ZAMORA,6305,ZAMORA,0,,459,ESCUELA DE EDUCACIÓN BÁSICA AMAZONAS,NO,AVENIDA DEL MAESTRO Y CALLE FRANCISCO DE ORELLANA,72605075,3,3,6,10,12,10,12,2100,727179.61,9550252.14,-78.95370985,-4.06633797,NO,NO
19,ZAMORA CHINCHIPE,655,ZAMORA,6305,ZAMORA,0,,447,UNIDAD EDUCATIVA SAN FRANCISCO DE ASIS,NO,"CALLE JORGE MOSQUERA Y AVENIDA JOSÉ LUIS TAMAYO, ESQUINA",72605129,3,3,6,1,3,1,3,2100,726788,9550093,-78.95723209,-4.06778573,NO,NO
19,ZAMORA CHINCHIPE,655,ZAMORA,6305,ZAMORA,0,,3511,ESCUELA DE EDUCACION BASICA LA INMACULADA,NO,"CALLE JORGE MOSQUERA Y PASAJE SAN FRANCISCO, ZAMORA.",72605213,3,3,6,4,6,4,6,2100,726871,9550043,-78.95648366,-4.06823588,NO,NO
19,ZAMORA CHINCHIPE,655,ZAMORA,6305,ZAMORA,0,,6262,UNIDAD EDUCATIVA 12 DE FEBRERO BLOQUE 2,NO,AV. DEL EJERCITO,2606788,3,3,6,17,19,17,19,2137,728070.7969,9550809.669,-78.94569884,-4.06127689,NO,NO
19,ZAMORA CHINCHIPE,655,ZAMORA,6305,ZAMORA,0,,6256,UNIDAD EDUCATIVA 12 DE FEBRERO,NO,AV. DEL EJERCITO Y MARCELO REYES,607223,4,4,8,13,16,13,16,2800,727877.8802,9550778.284,-78.94743503,-4.06156508,NO,NO
19,ZAMORA CHINCHIPE,655,ZAMORA,6840,EL LIMON,0,,3510,CENTRO ARTESANAL LA INMACULADA,NO,CALLE 25 DE ABRIL Y VICENTE MARQUEZ EL LIMON.,73035848,1,1,2,1,1,1,1,437,725799.89,9550930.67,-78.96614757,-4.06023481,NO,NO
19,ZAMORA CHINCHIPE,655,ZAMORA,720,CUMBARATZA,3,LA QUEBRADA DE CUMBARATZA,6287,ESCUELA DE EDUCACIÓN BÁSICA MANUEL QUIROGA,NO,VIA A SAN FRANCISCO Y TRONCAL AMAZONICA,72318506,1,1,2,1,1,1,1,263,735672.8424,9557198.613,-78.87740606,-4.0033394,SI,NO
19,ZAMORA CHINCHIPE,655,ZAMORA,4010,TIMBARA,1,TIMBARA,3554,ESCUELA DE EDUCACIÓN BÁSICA ISMAEL APOLO,NO,AVENIDA DEL MAESTRO,73035798,3,3,6,1,3,1,3,1613,733271.7,9554100.14,-78.89895046,-4.03140779,NO,NO
19,ZAMORA CHINCHIPE,655,ZAMORA,1390,GUADALUPE,4,PIUNTZA,1977,ESCUELA DE EDUCACIÓN BÁSICA MEDARDO ANGEL SILVA,NO,AVENIDA AMAZONAS,73036540,1,1,2,1,1,1,1,559,735575.34,9571691.547,-78.87861571,-3.87231625,NO,NO
19,ZAMORA CHINCHIPE,655,ZAMORA,2155,LA VICTORIA DE IMBANA,2,EL TIBIO,6266,UNIDAD EDUCATIVA COMUNITARIA INTER CULTURAL BILINGUE BERNARDINO ECHEVERRIA,NO,VÍA AL CRISTA,73060583,1,1,2,1,1,1,1,137,712075,9570519,-79.09013164,-3.88342326,SI,SI
19,ZAMORA CHINCHIPE,655,ZAMORA,1390,GUADALUPE,2,GUAGUAYME ALTO,3546,ESCUELA DE EDUCACIÓN BÁSICA LUIS VARGAS TORRES,NO,VIA A CANSAMA,73060403,1,1,2,1,1,1,1,183,734714,9567793,-78.88628075,-3.90758128,NO,NO
20,GALAPAGOS,800,SAN CRISTOBAL,1220,EL PROGRESO,0,,2773,Unidad Educativa Carlos Darwin,NO,,,1,1,2,1,1,1,1,662,-455517.5855,9898498.51,-89.55588889,-0.90802778,NO,SI
20,GALAPAGOS,800,SAN CRISTOBAL,4415,ISLA SANTA MARIA,0,,3093,Unidad Educativa Amazonas,NO,,,1,1,2,1,1,1,1,139,-560380,9857090,-90.48779759,-1.27514874,SI,SI
20,GALAPAGOS,800,SAN CRISTOBAL,6510,PTO. BAQUERIZO MORENO,0,,468,Unidad Educativa Fiscomisional San Cristóbal / Alejandro Humboldt,NO,,,3,3,6,3,5,3,5,2100,-461463.3731,9898944.318,-89.60871692,-0.90391296,NO,NO
20,GALAPAGOS,800,SAN CRISTOBAL,6510,PTO. BAQUERIZO MORENO,0,,1663,Coliseo San Cristóbal,NO,,,2,3,5,8,9,7,9,1671,-461766.0696,9898529.53,-89.61141546,-0.90761661,NO,NO
20,GALAPAGOS,800,SAN CRISTOBAL,6510,PTO. BAQUERIZO MORENO,0,,5746,Unidad Educativa Fiscal Ignacio Hernandez,NO,,,2,1,3,6,7,6,6,1050,-460986,9899180,-89.60447,-0.90181503,NO,NO
20,GALAPAGOS,800,SAN CRISTOBAL,6510,PTO. BAQUERIZO MORENO,0,,5747,Escuela de Educación Basica Alejandro Alvear,NO,,,2,2,4,1,2,1,2,1400,-461396.2912,9899665.939,-89.60810557,-0.89745972,NO,NO
20,GALAPAGOS,805,SANTA CRUZ,235,BELLA VISTA,1,BELLA VISTA,3145,Escuela de Educación Básica Caupolican Marín,NO,,,3,3,6,1,3,1,3,1626,-542131.8669,9922216.366,-90.32435587,-0.69437195,NO,SI
20,GALAPAGOS,805,SANTA CRUZ,1985,SANTA ROSA,0,,3075,Delia Ibarra de Velasco,NO,,,1,1,2,1,1,1,1,551,-551467.1822,9926901.489,-90.40704922,-0.65239157,NO,SI
20,GALAPAGOS,805,SANTA CRUZ,6505,PUERTO AYORA,0,,1837,Unidad Educativa San Francisco de Asis,SI,,,3,3,6,1,3,1,3,2100,-540859.6673,9917567.618,-90.31315841,-0.73589501,NO,NO
20,GALAPAGOS,805,SANTA CRUZ,6505,PUERTO AYORA,0,,1866,Coliseo de Deportes Santa Cruz,NO,,,2,3,5,7,8,7,9,1750,-541010.1313,9917416.034,-90.31449559,-0.7372454,NO,NO
20,GALAPAGOS,805,SANTA CRUZ,6505,PUERTO AYORA,0,,1883,Unidad Educativa Galo Plaza Lasso,NO,,,3,3,6,12,14,13,15,2100,-540968.1055,9916566.145,-90.31413889,-0.74483333,NO,NO
20,GALAPAGOS,805,SANTA CRUZ,6505,PUERTO AYORA,0,,5706,Unidad Educativa Fiscomisional SAn Francisco de Asis Campus Eden,NO,,,3,3,6,9,11,10,12,2100,-540930.4651,9917157.093,-90.31379395,-0.73955852,NO,NO
20,GALAPAGOS,805,SANTA CRUZ,6505,PUERTO AYORA,0,,5826,UNIDAD EDUCATIVA MIGUEL ANGEL CAZARES,NO,,,3,3,6,4,6,4,6,2100,-541420.7737,9917273.114,-90.3181399,-0.73851353,NO,NO
20,GALAPAGOS,805,SANTA CRUZ,6505,PUERTO AYORA,0,,7031,Unidad Educativa Oswaldo Guayasamin,NO,,,2,2,4,15,16,16,17,974,-540835.1486,9917680.429,-90.31293887,-0.73488839,NO,NO
20,GALAPAGOS,810,ISABELA,4165,TOMAS DE BERLANGA,0,,3428,Escuela de Educación Básica Odilo Aguilar,NO,,,1,1,2,1,1,1,1,307,-621249.2406,9903935.882,-91.02561579,-0.85576195,NO,SI
20,GALAPAGOS,810,ISABELA,6515,PUERTO VILLAMIL,0,,3440,Unidad Educativa Stella Maris,NO,,,1,2,3,1,1,1,2,1050,-614210.0126,9892782.367,-90.9635898,-0.95530395,NO,NO
20,GALAPAGOS,810,ISABELA,6515,PUERTO VILLAMIL,0,,7997,UNIDAD EDUCATIVA ESCUELA STELLA MARIS,NO,,,2,1,3,2,3,3,3,1119,-614165.25,9892748.02,-90.96319448,-0.95561114,NO,NO
20,GALAPAGOS,805,SANTA CRUZ,235,BELLA VISTA,2,EL CASCAJO EL CAMOTE,2897,Escuela Fiscal Mixta Julio Puebla Castellanos,NO,,,1,1,2,1,1,1,1,97,-536196.1401,9925053.319,-90.27166587,-0.66914795,NO,SI
21,SUCUMBIOS,865,GONZALO PIZARRO,3615,PUERTO LIBRE,2,SINANGUE,3924,CANCHA CUBIERTA DE LA COMUNIDAD SINANGÜE,NO,VÍA QUITO - VÍA INTEROCEÁNICA LA BONITA - RECINTO EL CABENO MARGEN IZQUIERDO - RÍO AGUARICO,0,1,1,2,1,1,1,1,143,897413.7815,10013796.45,-77.43086042,0.12457711,SI,SI
21,SUCUMBIOS,745,CASCALES,4740,NUEVA TRONCAL,4,MUSHUK KAWSAY,6065,CANCHA CUBIERTA COMUNIDAD MUSHUK KAWSAY,NO,MUSHUK KAWSAY,962032223,1,1,2,1,1,1,1,239,923455.2297,10000166.25,-77.19732841,0.00150074,NO,NO
21,SUCUMBIOS,625,LAGO AGRIO,1790,SANTA CECILIA,3,AKIWARI,3759,CASA COMUNAL DE AKIWARI,NO,VÍA EL COCA KM 12 MARGEN DERECHO 9NA LINEA ENTRADA ATARI Y CONTINUA AKIWARI MARGEN DERECHO,0,1,1,2,1,1,1,1,130,945958.6082,9997747.837,-76.99556842,-0.02032594,SI,SI
21,SUCUMBIOS,625,LAGO AGRIO,1285,EL ENO,2,ATARY,4025,UNIDAD EDUCATIVA RICARDO CERDA TAPUY,NO,VÍA ASHIRI,,1,1,2,1,1,1,1,315,949661.0524,9996896.528,-76.96237772,-0.02800793,NO,NO
21,SUCUMBIOS,745,CASCALES,6325,EL DORADO DE CASCALES,5,BERMEJO,3022,ESCUELA DE EDUCACIÓN BÁSICA CHARLES DARWIN,NO,VÍA A QUITO KM 46 MARGEN DERECHO VÍA A BERMEJO KM 16 MARGEN DERECHO,,1,1,2,1,1,1,1,155,907906.175,10015871.38,-77.33675394,0.14329795,NO,SI
21,SUCUMBIOS,745,CASCALES,4740,NUEVA TRONCAL,3,LOS MADEROS,6036,ESCUELA DE EDUCACIÓN BÁSICA 9 DE OCTUBRE,NO,VÍA LUMBAQUI COCA KM 29 MARGEN IZQUIERDO,,1,1,2,1,1,1,1,338,924230.4762,9989530.399,-77.19037178,-0.09451105,NO,SI
21,SUCUMBIOS,650,PUTUMAYO,3705,SANTA ELENA,2,UNIÓN ORENSE,2999,UNIDAD EDUCATIVA UNIÓN ORENSE,NO,VÍA CANTAGALLO - EL PALMAR,0,1,1,2,1,1,1,1,458,1024314.376,10037814.68,-76.29337398,0.34095982,NO,SI
21,SUCUMBIOS,745,CASCALES,4740,NUEVA TRONCAL,1,NUEVA TRONCAL,6035,UNIDAD EDUCATIVA JUAN BENIGNO VELA,NO,S/N,,2,2,4,1,2,1,2,1183,923143.564,9994998.637,-77.2001219,-0.04514875,NO,SI
21,SUCUMBIOS,625,LAGO AGRIO,1285,EL ENO,3,EL TRIUNFO UNO,3921,CENTRO EDUCATIVO SAN MIGUEL DE BOLÍVAR,NO,VÍA EL GUANTA SHUSHUFINDIKM25 - AV. LA LOJANITA,0,1,1,2,1,1,1,1,371,970038.4638,9997980.097,-76.77972992,-0.01822481,NO,NO
21,SUCUMBIOS,625,LAGO AGRIO,4625,10 DE AGOSTO,5,JUAN YANEZ,8347,ESCUELA DE EDUCACION BASICA DRA. MATILDE HIDALGO DE PROCEL,NO,VIA 10 DE AGOSTO,,1,1,2,1,1,1,1,83,951541,10017179,-76.94551121,0.15503219,NO,NO
21,SUCUMBIOS,625,LAGO AGRIO,1290,PACAYACU,6,TIGRE PLAYA,8329,CANCHA CUBIERTA DE LA COMUNIDAD TIGRE PLAYA,NO,VIA CANTAGALLO - EL PALMAR KM 43,,1,1,2,1,1,1,1,143,1021676.018,10024494.35,-76.31705249,0.22086324,SI,NO
21,SUCUMBIOS,626,CUYABENO,1555,AGUAS NEGRAS,2,SAN VICTORIANO,3885,CASA COMUNAL DE LA COMUNIDAD SAN VICTORIANO,NO,VÍA TARAPOA - PUENTE DE AGUAS NEGRAS MARGEN DERECHO POR EL RÍO CUYABENO,62307526,1,1,2,1,1,1,1,97,1040934.589,9989454.012,-76.14461188,-0.09506816,SI,SI
21,SUCUMBIOS,625,LAGO AGRIO,1290,PACAYACU,3,CHIRITZA,2996,ESCUELA EDUCACIÓN ANTONIO ANTE,NO,VÍA A TARAPOA KM 51,,1,1,2,1,1,1,1,207,998903.0376,9991677.357,-76.52108004,-0.07506606,NO,NO
21,SUCUMBIOS,625,LAGO AGRIO,1290,PACAYACU,4,JUAN MONTALVO,2988,UNIDAD EDUCATIVA JUAN MONTALVO,NO,VÍA A LOS TETETES KM 18,0,1,1,2,1,1,1,1,276,993186.15,10010518.8,-76.57229789,0.09488094,NO,NO
21,SUCUMBIOS,625,LAGO AGRIO,1290,PACAYACU,5,PUERTO NUEVO,4080,UNIDAD EDUCATIVA CARLOS AZUERO AÑAZCO,NO,VIA DURENO - TETETES KM 72,0,1,1,2,1,1,1,1,403,991539.2518,10023862.44,-76.58702888,0.21524663,NO,NO
21,SUCUMBIOS,720,SHUSHUFINDI,2765,PANACOCHA,2,PUKA PEÑA,3952,CANCHA CUBIERTA DE LA COMUNIDAD PUKA PEÑA,NO,VÍA TARAPOA - VÍA CENTRO UNIÓN - RÍO AGUARICO MARGEN IZQUIERDO,0,1,1,2,1,1,1,1,103,1041034,9967267,-76.14366425,-0.2950754,SI,SI
21,SUCUMBIOS,720,SHUSHUFINDI,6140,SHUSHUFINDI CENTRAL,2,MISS ECUADOR,5086,ESCUELA GENERAL BÁSICA ELOY ALFARO,NO,VÍA POZA HONDA KM. 17 MARGEN DERECHO,0,1,1,2,1,1,1,1,560,996352,9981246,-76.54391994,-0.16915697,NO,NO
21,SUCUMBIOS,650,PUTUMAYO,3705,SANTA ELENA,3,EL PALMAR,6995,CANCHA CUBIERTA EL PALMAR,NO,VIA PUTUMAYO,0,1,1,2,1,1,1,1,203,1023101.536,10046509.1,-76.3041943,0.41936049,NO,NO
21,SUCUMBIOS,720,SHUSHUFINDI,4760,LA MAGDALENA,2,18 DE NOVIEMBRE,7006,ESCUELA DE EDUCACIÓN BÁSICA RÍO DE JANEIRO,SI,VIA LIMONCOCHA KM 11 1/2,0,2,2,4,1,2,1,2,975,983239.5215,9970055.279,-76.66138057,-0.27013768,NO,NO
21,SUCUMBIOS,720,SHUSHUFINDI,6140,SHUSHUFINDI CENTRAL,5,PROVINCIAS UNIDAS,6985,ESCUELA DE EDUCACIÓN BÁSICA PROVINCIAS UNIDAS,NO,VIA POZA HONDA,0,1,1,2,1,1,1,1,123,993633.1984,9984621.318,-76.56828558,-0.13871695,NO,NO
21,SUCUMBIOS,720,SHUSHUFINDI,3645,SAN ROQUE,4,NUEVA VIDA,6962,CANCHA CUBIERTA DE NUEVA VIDA,NO,VÍA PUERTO PROVIDENCIA,0,1,1,2,1,1,1,1,570,1001434.053,9964443.779,-76.49833836,-0.32068919,NO,NO
21,SUCUMBIOS,865,GONZALO PIZARRO,3615,PUERTO LIBRE,3,EL RECODO,6969,ESCUELA 24 DE JULIO,NO,VIA INTEROCEÁNICA,99704735,1,1,2,1,1,1,1,39,894982.4754,10027418.21,-77.452643,0.24758265,NO,NO
21,SUCUMBIOS,626,CUYABENO,6765,TARAPOA,6,PAZ Y BIEN,6974,COLISEO DE PAZ Y BIEN,NO,VIA A PUERTO EL CARMEN,999999999,1,1,2,1,1,1,1,174,1009558.752,9986310.03,-76.4256138,-0.12346026,NO,NO
21,SUCUMBIOS,865,GONZALO PIZARRO,3615,PUERTO LIBRE,4,EL CABENO,6983,ESCUELA DE EDUCACIÓN BÁSICA JORGE CALAPUCHA,NO,VIA INTEROCEÁNICA LA BONITA -TULCAN,0,1,1,2,1,1,1,1,268,898666.4414,10015396.62,-77.41962304,0.13902435,NO,NO
21,SUCUMBIOS,865,GONZALO PIZARRO,230,EL REVENTADOR,2,SIMÓN BOLÍVAR,6996,CANCHA CUBIERTA DEL RECINTO SIMON BOLIVAR,NO,VIA QUITO,0,1,1,2,1,1,1,1,322,896016.436,9996454.785,-77.44340142,-0.03201248,NO,NO
21,SUCUMBIOS,625,LAGO AGRIO,4625,10 DE AGOSTO,4,RECINTO ORELLANA,6976,CANCHA CUBIERTA DEL RECINTO ORELLANA,NO,VIA COCHAS DEL BETANO,98930464,1,1,2,1,1,1,1,126,948817.4546,10023473.01,-76.96991308,0.21183905,NO,NO
21,SUCUMBIOS,625,LAGO AGRIO,1045,DURENO,0,,3382,UNIDAD EDUCATIVA DURENO BLOQUE 3,NO,VÍA TETETES KM 1 MARGEN DERECHO,,2,2,4,1,2,1,2,1400,981822.2887,10005511.44,-76.67412662,0.04972076,NO,NO
21,SUCUMBIOS,625,LAGO AGRIO,1045,DURENO,0,,6489,UNIDAD EDUCATIVA DURENO BLOQUE 2,NO,VIA TARAPOA,,2,2,4,3,4,3,4,1344,981369.1787,10005580.57,-76.6781869,0.05034465,NO,NO
21,SUCUMBIOS,625,LAGO AGRIO,1285,EL ENO,1,EL ENO,1719,UNIDAD EDUCATIVA SEBASTIAN DE BENALCAZAR,SI,VIA A LAGO AGRIO - COCA,,4,4,8,1,4,1,4,2800,958789.67,9992540.61,-76.88054795,-0.06731191,NO,NO
21,SUCUMBIOS,625,LAGO AGRIO,1285,EL ENO,1,EL ENO,6316,UNIDAD EDUCATIVA SEBASTIAN DE BENALCAZAR - BLOQUE 2,NO,VIA LAGO AGRIO - COCA KM19,0,4,4,8,5,8,5,8,2252,959171.1014,9992953.441,-76.87712935,-0.06358634,NO,NO
21,SUCUMBIOS,625,LAGO AGRIO,1290,PACAYACU,1,PACAYACU,2000,UNIDAD EDUCATIVA PACAYACU,SI,VIA LAGO AGRIO - TARAPOA KM 42,62343241,3,3,6,1,3,1,3,2100,990473.162,9995913.596,-76.59661111,-0.03686111,NO,NO
21,SUCUMBIOS,625,LAGO AGRIO,1290,PACAYACU,1,PACAYACU,6455,UNIDAD EDUCATIVA PACAYACU - BLOQUE 2,NO,KM 41 VIA TARAPOA,62343241,4,5,9,4,7,4,8,2985,990494.1744,9995909.437,-76.59642284,-0.03689862,NO,NO
21,SUCUMBIOS,625,LAGO AGRIO,1330,GENERAL FARFAN,1,GENERAL FARFAN,2782,UNIDAD EDUCATIVA DEL MILENIO RAFAEL RODRíGUEZ PALACIOS,SI,AV. RAFAEL RODRÍGUEZ PALACIO Y VÍA COLOMBIA KM 20,62336054,2,4,6,1,2,1,4,2100,962460.61,10025676.6,-76.84761368,0.23169033,NO,NO
21,SUCUMBIOS,625,LAGO AGRIO,1330,GENERAL FARFAN,1,GENERAL FARFAN,5972,COLISEO DE LA PARROQUIA GENERAL FARFAN,NO,VIA COLOMBIA VIA AL PUENTE INTERNACIONAL,62336055,3,1,4,3,5,5,5,1237,962646.2644,10025896.99,-76.84594907,0.23367852,NO,NO
21,SUCUMBIOS,625,LAGO AGRIO,1790,SANTA CECILIA,1,SANTA CECILIA,3381,UNIDAD EDUCATIVA UNIÓN NACIONAL DE EDUCADORES,SI,CALLE EL ORO Y 6 DE DICIEMBRE,,4,3,7,1,4,1,3,2450,946347.98,10009042.5,-76.99207405,0.08160891,NO,NO
21,SUCUMBIOS,625,LAGO AGRIO,1790,SANTA CECILIA,1,SANTA CECILIA,6348,CANCHA CUBIERTA DE LA JUNTA PARROQUIAL SANTA CECILIA,NO,CALLE CHIMBORAZO Y LOJA,62354071,2,2,4,5,6,4,5,1155,946511.0127,10008954.63,-76.9906126,0.08081576,NO,NO
21,SUCUMBIOS,625,LAGO AGRIO,1795,JAMBELI,1,JAMBELI,3757,UNIDAD EDUCATIVA JAMBELÍ BLOQUE 2,NO,VÍA QUITO KM 23 MARGEN IZQUIERDO,,4,4,8,1,4,1,4,2346,936985.86,10009269.9,-77.0760061,0.08366976,NO,NO
21,SUCUMBIOS,625,LAGO AGRIO,5710,NUEVA LOJA,1,NUEVA LOJA,2194,UNIDAD EDUCATIVA NAPO,SI,AV QUITO Y MAESTRO,62362352,23,19,42,1,23,1,19,14700,956851.0159,10009510.29,-76.89792328,0.08582063,NO,NO
21,SUCUMBIOS,625,LAGO AGRIO,5710,NUEVA LOJA,1,NUEVA LOJA,1651,UNIDAD EDUCATIVA LAGO AGRIO,SI,CALLE 12 DE FEBRERO Y 9 DE OCTUBRE,62833766,6,6,12,44,49,42,47,4200,958311.3932,10009127.49,-76.88483354,0.08236495,NO,NO
21,SUCUMBIOS,625,LAGO AGRIO,5710,NUEVA LOJA,1,NUEVA LOJA,1732,UNIDAD EDUCATIVA LEOPOLDO LUCERO,SI,VÍA COLOMBIA Y VENEZUELA,62832405,4,6,10,40,43,36,41,3500,958871.6046,10009609.37,-76.87981168,0.08671279,NO,NO
21,SUCUMBIOS,625,LAGO AGRIO,5710,NUEVA LOJA,1,NUEVA LOJA,2524,UNIDAD EDUCATIVA DEL MILENIO DR CAMILO GALLEGOS DOMÍNGUEZ,SI,CALLE MANUELITA SAENZ Y GENERAL SUBÍA,62358251,16,16,32,24,39,20,35,11200,957915.7932,10010590.99,-76.88837801,0.0955717,NO,NO
21,SUCUMBIOS,625,LAGO AGRIO,5710,NUEVA LOJA,1,NUEVA LOJA,4667,UNIDAD EDUCATIVA ORIENTE ECUATORIANO,SI,AV. 12 DE FEBRERO Y HUAYNA CAPAC,62358712,4,4,8,58,61,58,61,2800,958524.43,10010965.6,-76.88292212,0.09895148,NO,NO
21,SUCUMBIOS,625,LAGO AGRIO,5710,NUEVA LOJA,1,NUEVA LOJA,5325,UNIDAD EDUCATIVA 26 DE SEPTIEMBRE,SI,CALLE FAUSTO ESPINOZA PINTO Y TERCERA,62366125,4,4,8,62,65,62,65,2800,958135,10007951,-76.88641565,0.07174862,NO,NO
21,SUCUMBIOS,625,LAGO AGRIO,5710,NUEVA LOJA,1,NUEVA LOJA,6041,UNIDAD EDUCATIVA REPÚBLICA DE CANADÁ,SI,CALLE COTOPAXI,62820178,5,5,10,53,57,53,57,3500,957444.1197,10010139.66,-76.89260633,0.09149949,NO,NO
21,SUCUMBIOS,625,LAGO AGRIO,5710,NUEVA LOJA,1,NUEVA LOJA,6376,ESCUELA DE EDUCACIÓN BÁSICA JAIME ROLDOS AGUILERA,NO,CALLE CHONGON Y JUAN LEON MERA,0,5,7,12,68,72,68,74,4200,956726.869,10008816.86,-76.89903672,0.0795633,NO,NO
21,SUCUMBIOS,625,LAGO AGRIO,5710,NUEVA LOJA,1,NUEVA LOJA,6375,UNIDAD EDUCATIVA TECNICA INTI PAKARI,SI,CALLE JOSE JOAQUIN DE OLMEDO Y CALLE ABDON CALDERON,62362539,2,2,4,66,67,66,67,1400,956465.2874,10009169.54,-76.90138111,0.08274608,NO,NO
21,SUCUMBIOS,625,LAGO AGRIO,5710,NUEVA LOJA,1,NUEVA LOJA,6018,UNIDAD EDUCATIVA CONSEJO PROVINCIAL DE NAPO,SI,GENERAL MIGUEL ITURRALDE Y TULCAN,62830355,3,5,8,50,52,48,52,2800,957163.0828,10009334.59,-76.89512621,0.08423482,NO,NO
21,SUCUMBIOS,625,LAGO AGRIO,5710,NUEVA LOJA,1,NUEVA LOJA,7747,UNIDAD EDUCATIVA EJERCITO ECUATORIANO,NO,AV. AMAZONAS Y VICENTE NARVAEZ,,3,4,7,73,75,75,78,2450,958173.557,10008812.52,-76.88606931,0.07952284,NO,NO
21,SUCUMBIOS,625,LAGO AGRIO,5710,NUEVA LOJA,1,NUEVA LOJA,8351,UNIDAD EDUCATIVA TENIENTE HUGO ORTIZ GARCES,NO,LOS ANDES Y SUMACO,,3,4,7,76,78,79,82,2427,956553,10010797,-76.90059325,0.09743224,NO,NO
21,SUCUMBIOS,625,LAGO AGRIO,1330,GENERAL FARFAN,2,TRES PALMAS,2979,ESCUELA DE EDUCACIÓN BÁSICA TRES PALMAS,NO,VÍA A PARAHUACO MARGEN DERECHO,0,1,1,2,1,1,1,1,471,977539,10012804,-76.71250298,0.11551543,NO,NO
21,SUCUMBIOS,626,CUYABENO,760,CUYABENO,1,CUYABENO,3925,UNIDAD EDUCATIVA DEL MILENIO INTERCULTURAL BILINGÜE VÍCTOR DÁVALOS,NO,RÍO AGUARICO,0,1,1,2,1,1,1,1,359,1069138,9970812,-75.89207208,-0.26301721,SI,SI
21,SUCUMBIOS,626,CUYABENO,1555,AGUAS NEGRAS,1,AGUAS NEGRAS,6042,UNIDAD EDUCATIVA RÍO QUININDÉ,NO,VÍA REY DE LOS ANDES LAS PALMAS,99603136,2,2,4,1,2,1,2,1207,1023646.203,9985362.213,-76.29942888,-0.13198422,NO,NO
21,SUCUMBIOS,626,CUYABENO,6765,TARAPOA,1,TARAPOA,3482,UNIDAD EDUCATIVA CUYABENO,SI,Barrio 30 de agosto,,3,5,8,1,3,1,5,2800,1018955.99,9985842.887,-76.34143809,-0.12765785,NO,NO
21,SUCUMBIOS,626,CUYABENO,6765,TARAPOA,1,TARAPOA,6458,UNIDAD EDUCATIVA CUYABENO - BLOQUE 2,NO,PABLO RUBEN CEVALLOS Y BLAS ENCARNACION,,4,3,7,4,7,6,8,2091,1018954.823,9985841.806,-76.34144855,-0.1276676,NO,NO
21,SUCUMBIOS,640,SUCUMBIOS,1170,EL PLAYON DE SN. FRANCISCO,0,,4041,UNIDAD EDUCATIVA EL PLAYON DE SAN FRANCISCO,NO,LUIS HERNANDEZ TELIO - CALLE NAPO,,3,3,6,1,3,1,3,1807,875938.1622,10070691.97,-77.62329941,0.63845442,SI,NO
21,SUCUMBIOS,640,SUCUMBIOS,2095,LA SOFIA,0,,3949,CANCHA CUBIERTA DE LA PARROQUIA LA SOFÍA,NO,CALLE SUCUMBÍOS Y CALLE 30 DE ABRIL,0,1,1,2,1,1,1,1,157,873827.893,10039854.28,-77.6423735,0.35995097,SI,NO
21,SUCUMBIOS,640,SUCUMBIOS,3220,ROSA FLORIDA,1,ROSA FLORIDA,3883,ESCUELA DE EDUCACIÓN BÁSICA ATAHUALPA,NO,VÍA QUITO MARGEN DERECHO VIA LA BONITA -INTEROCEÁNICA MARGEN DERECHO,0,1,1,2,1,1,1,1,152,886263.6634,10044507.14,-77.53079698,0.40192716,NO,NO
21,SUCUMBIOS,640,SUCUMBIOS,3690,SANTA BARBARA,0,,4040,UNIDAD EDUCATIVA LA MERCED,NO,ESTUDIO - PROGRESO Y 12 DE FEBRERO,62353040,1,2,3,1,1,1,2,763,886888.0367,10071506.52,-77.52506167,0.64574423,NO,NO
21,SUCUMBIOS,640,SUCUMBIOS,5525,LA BONITA,0,,3481,UNIDAD EDUCATIVA SUCUMBÍOS,SI,VÍA QUITO - MARGEN DERECHO - VÍA LA BONITA / CALLE LA BONITA - OLIMPICA Y 30 DE ABRIL,62630057,1,1,2,1,1,1,1,718,884386.6165,10052542.44,-77.54760171,0.47449933,SI,NO
21,SUCUMBIOS,650,PUTUMAYO,2720,PALMA ROJA,0,,3806,ESCUELA DE EDUCACIÓN BÁSICA ABDON CALDERON,NO,VÍA PUERTO EL CARMEN,,2,2,4,1,2,1,2,1352,1051178.254,10013621.72,-76.05288889,0.12277778,NO,NO
21,SUCUMBIOS,650,PUTUMAYO,3005,PUERTO BOLIVAR,0,,4042,CANCHA CUBIERTA DE LA COMUNIDAD,NO,COMUNIDAD PUERTO BOLIVAR - RIVERAS DEL RIO CUYABENO,63075475,1,1,2,1,1,1,1,112,1055728.745,9990017.47,-76.0121546,-0.08997076,SI,SI
21,SUCUMBIOS,650,PUTUMAYO,3020,PUERTO RODRIGUEZ,0,,4021,ESCUELA SIMÓN BOLÍVAR,NO,RÍO PUTUMAYO 70 KM MARGEN DERECHO,0,1,1,2,1,1,1,1,255,1114883,9994299,-75.48280342,-0.05133818,SI,SI
21,SUCUMBIOS,650,PUTUMAYO,3705,SANTA ELENA,1,SANTA ELENA,3629,ESCUELA EDUCACIÓN BÁSICA AZUAY,NO,VIA SANTA ELENA,0,1,1,2,1,1,1,1,433,1035414,10041230,-76.19395256,0.37170034,NO,NO
21,SUCUMBIOS,650,PUTUMAYO,6500,EL CARMEN DE PUTUMAYO,0,,2004,UNIDAD EDUCATIVA DEL MILENIO DE SAN MIGUEL DE PUTUMAYO,SI,AV AMAZONAS Y CALLE TERCERA,62999180,2,3,5,1,2,1,3,1750,1072083.597,10012929.01,-75.86575015,0.11650031,NO,NO
21,SUCUMBIOS,650,PUTUMAYO,6500,EL CARMEN DE PUTUMAYO,0,,6479,COLISEO DE LA LIGA CANTONAL DE PUTUMAYO,NO,MIGUEL CEDANO Y 30 DE ABRIL,0,2,2,4,3,4,4,5,1083,1072492.045,10012768.2,-75.86209463,0.11505062,NO,NO
21,SUCUMBIOS,720,SHUSHUFINDI,600,SAN PEDRO DE LOS COFANES,1,SAN PEDRO DE LOS COFANES,2715,UNIDAD EDUCATIVA JOSÉ JOAQUIN DE OLMEDO,NO,VIA LAGO AGRIO - COCA km29,,3,3,6,1,3,1,3,1629,961930,9984676,-76.85239132,-0.13827549,NO,NO
21,SUCUMBIOS,720,SHUSHUFINDI,780,SIETE DE JULIO,1,SIETE DE JULIO,3804,UNIDAD EDUCATIVA CIUDAD DE PORTOVIEJO,SI,VIA LA LIBERTAD Y QUITUMBE,98655007,3,3,6,1,3,1,3,2100,969892.3452,9979373.225,-76.78101753,-0.18610779,NO,NO
21,SUCUMBIOS,720,SHUSHUFINDI,780,SIETE DE JULIO,1,SIETE DE JULIO,5970,"UNIDAD EDUCATIVA ""CIUDAD DE PORTOVIEJO"" - PLANTA CENTRAL",NO,PARROQUIA SIETE DE JULIO CALLE SAN JACINTO,98655007,2,3,5,4,5,4,6,1518,970381.1015,9979077.906,-76.77663653,-0.18877127,NO,NO
21,SUCUMBIOS,720,SHUSHUFINDI,2175,LIMONCOCHA,1,LIMONCOCHA,3805,UNIDAD EDUCATIVA COMUNITARIA INTERCULTURAL BILINGUE ABOGADA MARTHA BUCARAM DE ROLDOS,NO,VIA A POMPEYA KM 31 MARGEN IZQUIERDO,,4,4,8,1,4,1,4,2332,987786.1241,9955183.374,-76.62057988,-0.40427818,NO,NO
21,SUCUMBIOS,720,SHUSHUFINDI,2765,PANACOCHA,1,PANACOCHA,3923,UNIDAD EDUCATIVA DEL MILENIO PEDRO VICENTE MALDONADO,NO,VÍA SHUSHUFINDI - VÍA PUERTO ITAYA - RÍO NAPO MARGEN IZQUIERDO,62804079,1,1,2,1,1,1,1,568,1049304.319,9949922.089,-76.06952547,-0.45138274,SI,SI
21,SUCUMBIOS,720,SHUSHUFINDI,6140,SHUSHUFINDI CENTRAL,1,SHUSHUFINDI CENTRAL,1959,UNIDAD EDUCATIVA SHUSHUFINDI,SI,CALLES 25 DE MAYO Y 7 DE AGOSTO,97944527,10,14,24,1,10,1,14,8400,985229.4988,9979917.702,-76.64357527,-0.18116236,NO,NO
21,SUCUMBIOS,720,SHUSHUFINDI,6140,SHUSHUFINDI CENTRAL,1,SHUSHUFINDI CENTRAL,4664,UNIDAD EDUCATIVA FRANCISCO JAVIER PEÑARRETA,SI,AVENIDA 11 DE JULIO ENTRE CHILE Y BRASIL,,4,4,8,25,28,31,34,2800,985541.1864,9979524.773,-76.6407815,-0.18470629,NO,NO
21,SUCUMBIOS,720,SHUSHUFINDI,6140,SHUSHUFINDI CENTRAL,1,SHUSHUFINDI CENTRAL,5333,UNIDAD EDUCATIVA DOCTOR JULIO ÁLVAREZ CRESPO,SI,AVENIDA UNIÓN NACIONAL Y ARGENTINA,62101267,4,6,10,21,24,25,30,3500,986044,9979018,-76.63627486,-0.18927672,NO,NO
21,SUCUMBIOS,720,SHUSHUFINDI,6140,SHUSHUFINDI CENTRAL,1,SHUSHUFINDI CENTRAL,6340,UNIDAD EDUCATIVA 11 DE JUIO,SI,AV NAPO,,10,10,20,11,20,15,24,7000,985060.1163,9979660.299,-76.64509249,-0.18348477,NO,NO
21,SUCUMBIOS,720,SHUSHUFINDI,6140,SHUSHUFINDI CENTRAL,1,SHUSHUFINDI CENTRAL,6038,UNIDAD EDUCATIVA SAN FRANCISCO DE ASIS,NO,RIO AGUARICO 3 Y RIO DOCH,62842044,5,5,10,29,33,35,39,3213,985664.5874,9979544.807,-76.63967579,-0.18452529,NO,NO
21,SUCUMBIOS,745,CASCALES,1095,SEVILLA,0,,3760,UNIDAD EDUCATIVA HUMBERTO FIERRO,NO,VÍA QUITO KM 29 SEVILLA - VÍA SAN CARLOS,62335010,4,4,8,1,4,1,4,2394,932459.4647,10009447.36,-77.11658854,0.08527565,NO,NO
21,SUCUMBIOS,745,CASCALES,3750,SANTA ROSA DE SUCUMBIOS,0,,2539,UNIDAD EDUCATIVA SARAGURO,NO,SANTA ROSA VIA QUITO KM 29 VIA SEVILLA BARRANCA KM 12,63020936,1,1,2,1,1,1,1,641,931580.5659,10019737.8,-77.1244544,0.17816299,NO,NO
21,SUCUMBIOS,745,CASCALES,6325,EL DORADO DE CASCALES,1,EL DORADO DE CASCALES,3478,UNIDAD EDUCATIVA CASCALES BLOQUE 2,SI,LEOPOLDO LUCERO Y BOLÍVAR,,3,2,5,1,3,1,2,1750,921909.342,10008697.63,-77.2111867,0.07851702,NO,NO
21,SUCUMBIOS,745,CASCALES,6325,EL DORADO DE CASCALES,1,EL DORADO DE CASCALES,4670,UNIDAD EDUCATIVA CASCALES - BLOQUE 3,NO,VÍA QUITO - AV LOJA,,2,2,4,4,5,3,4,1400,921676.9886,10008811.76,-77.21327012,0.07954753,NO,NO
21,SUCUMBIOS,745,CASCALES,6325,EL DORADO DE CASCALES,1,EL DORADO DE CASCALES,6477,COMPLEJO DEPORTIVO DEL GAD MUNICIPAL DE CASCALES,NO,12 DE FEBRERO,,1,3,4,6,6,5,7,1251,921486.715,10008800.72,-77.21497631,0.07944799,NO,NO
21,SUCUMBIOS,865,GONZALO PIZARRO,230,EL REVENTADOR,1,EL REVENTADOR,3630,UNIDAD EDUCATIVA DEL MILENIO EL REVENTADOR,NO,VÍA QUITO EL REVENTADOR KM 86 MARGEN IZQUIERDO,63020238,1,2,3,1,1,1,2,858,886748.8947,9994806.473,-77.52652812,-0.04690057,NO,NO
21,SUCUMBIOS,865,GONZALO PIZARRO,1090,GONZALO PIZARRO,1,GONZALO PIZARRO,3756,COLISEO DE LA CABECERA PARROQUIAL DE GONZALO PIZARRO,NO,VIA RUBEN CEVALLOS Y SIMON BUSTAMANTE,,1,2,3,1,1,1,2,1050,903199.8781,10001719.5,-77.37897351,0.01552561,NO,NO
21,SUCUMBIOS,865,GONZALO PIZARRO,1090,GONZALO PIZARRO,1,GONZALO PIZARRO,7887,CANCHA CUBIERTA DE VOLLEY,NO,QUIJOS Y RUBEN CEVALLOS,0,1,1,2,2,2,3,3,447,902993,10001508,-77.38082897,0.01361596,NO,NO
21,SUCUMBIOS,865,GONZALO PIZARRO,3615,PUERTO LIBRE,1,PUERTO LIBRE,6298,Unidad Educativa Puerto Libre - Bloque 2,NO,Puerto Libre - Vía Lumbaqui - La Bonita Km 25 margen derecho,0,1,1,2,1,1,1,1,672,891107.3602,10021211.02,-77.48741458,0.19153976,NO,NO
21,SUCUMBIOS,865,GONZALO PIZARRO,6300,LUMBAQUI,0,,3461,UNIDAD EDUCATIVA DEL MILENIO LUMBAQUI,SI,CALLE 4 DE JUNIO Y AV. QUITO,,5,5,10,1,5,1,5,3156,908737.6245,10005009.12,-77.32930757,0.04522544,NO,NO
21,SUCUMBIOS,865,GONZALO PIZARRO,1090,GONZALO PIZARRO,2,DASHINO,2686,UNIDAD EDUCATIVA FRAY JODOCO RICKE,NO,VIA QUITO KM 64 COMUNIDAD DASHINO,0,1,1,2,1,1,1,1,464,906171.3629,9995120.029,-77.35232265,-0.04406058,NO,NO
21,SUCUMBIOS,865,GONZALO PIZARRO,1090,GONZALO PIZARRO,3,PANDAYACU,2620,ESCUELA CORONEL JACINTO BEJARANO,NO,VIA SHIUA KUCHA,0,1,1,2,1,1,1,1,371,908416.1567,9996304.306,-77.33219108,-0.03336715,NO,NO
21,SUCUMBIOS,625,LAGO AGRIO,4625,10 DE AGOSTO,3,SAN PEDRO (EL CONDOR),6077,ESCUELA DE EDUCACIÓN BÁSICA LUIS NAPOLEÓN DILON,NO,10 DE AGOSTO,,1,1,2,1,1,1,1,320,953489.6588,10023175.76,-76.92803119,0.20914549,NO,NO
21,SUCUMBIOS,720,SHUSHUFINDI,6140,SHUSHUFINDI CENTRAL,6,NUEVO PARAISO,3151,UNIDAD EDUCATIVA 26 DE OCTUBRE,NO,SN,99943427,1,1,2,1,1,1,1,100,973821,9971788,-76.7457892,-0.2545348,NO,NO
21,SUCUMBIOS,720,SHUSHUFINDI,3645,SAN ROQUE,2,SAN PABLO,6338,Unidad Educativa Intercultural Bilingüe Río Aguarico,NO,VÍA A PROVIDENCIA MARGEN DERECHO,,1,1,2,1,1,1,1,140,1009175.864,9971765.406,-76.42900934,-0.25462926,NO,NO
21,SUCUMBIOS,720,SHUSHUFINDI,3645,SAN ROQUE,3,TIERRAS ORIENTALES,6300,Unidad Educativa Río Yasuní,NO,Via Nueva Vida- Pto Providencia-Margen Izquierdo-Tierras Orientales,,1,1,2,1,1,1,1,320,1016618.481,9967098.888,-76.36232476,-0.29668551,NO,NO
21,SUCUMBIOS,720,SHUSHUFINDI,780,SIETE DE JULIO,2,LUZ DE AMERICA,2181,UNIDAD EDUCATIVA 14 DE ABRIL,NO,VIA PROYECTO SHUSHUFINDI 4 Y MEDIO KM,,1,1,2,1,1,1,1,285,967148,9984393,-76.80562292,-0.14082069,NO,NO
21,SUCUMBIOS,640,SUCUMBIOS,3220,ROSA FLORIDA,2,LA BARQUILLA,3884,ESCUELA DE EDUCACIÓN BÁSICA LA BARQUILLA,NO,VÍA QUITO MARGEN DERECHO VÍA LA BONITA - INTEROCEÁNICA MARGEN DERECHO KM 38,3019268,1,1,2,1,1,1,1,330,894539.846,10032830.58,-77.4565989,0.29645689,NO,NO
21,SUCUMBIOS,720,SHUSHUFINDI,3645,SAN ROQUE,1,SAN ROQUE,3809,UNIDAD EDUCATIVA JUAN MONTALVO,NO,VÍA PUERTO PROVIDENCIA-SAN ROQUE MARGEN DERECHO,62352061,3,4,7,1,3,1,4,2270,990046.84,9965816.41,-76.60036848,-0.30835216,NO,NO
21,SUCUMBIOS,625,LAGO AGRIO,4625,10 DE AGOSTO,1,10 DE AGOSTO,6040,COLISEO DE LA PARROQUIA 10 DE AGOSTO,NO,AV. 10 DE AGOSTO,,2,2,4,1,2,1,2,1423,958790.2943,10020404.03,-76.88052402,0.18412151,NO,NO
21,SUCUMBIOS,650,PUTUMAYO,4745,SANSAHUARI,1,SANSAHUARI,3808,UNIDAD EDUCATIVA UNIÓN Y PROGRESO,NO,VÍA PUERTO EL CARMEN,,3,3,6,1,3,1,3,1866,1027515.129,10015830.53,-76.26477621,0.14273159,NO,NO
21,SUCUMBIOS,745,CASCALES,4740,NUEVA TRONCAL,5,KUYLLIS,6055,COMUNIDAD CASA COMUNAL KUYLLIS,NO,VIA MUSHUK KAWSAY Y DUBUNO,939807320,1,1,2,1,1,1,1,139,939639.1771,10003837.69,-77.05222147,0.03463788,NO,NO
21,SUCUMBIOS,720,SHUSHUFINDI,2175,LIMONCOCHA,6,SANI ISLA,5189,CASA COMUNAL DE LA COMUNIDAD KICWA SANI ISLA,NO,RIVERAS DEL RÍO NAPO KM 23 - MARGEN IZQUIERDO,0,1,1,2,1,1,1,1,132,1022104.219,9947199.17,-76.31309084,-0.47609745,SI,SI
21,SUCUMBIOS,720,SHUSHUFINDI,4760,LA MAGDALENA,1,LA MAGDALENA,7706,ESCUELA DE EDUCACION BASICA 7 DE AGOSTO,NO,RECINTO EL CARMEN VIA LA MAGDALENA,0,1,1,2,1,1,1,1,575,978533.567,9970913.547,-76.70355412,-0.26240974,NO,NO
21,SUCUMBIOS,720,SHUSHUFINDI,4755,LA PRIMAVERA,0,,6973,UNIDAD EDUCATIVA VILCABAMBA,NO,VIA AGUARICO 3,999999999,2,2,4,1,2,1,2,1227,985076.2672,9990610.05,-76.64496526,-0.08470688,NO,NO
21,SUCUMBIOS,720,SHUSHUFINDI,2175,LIMONCOCHA,5,YAMANUNKA,5324,UNIDAD EDUCATIVA INTERCULTURAL BILINGUE LUIS FELIPE WUJAREI,NO,LOS JILGEROS Y 27 DE FEBRERO,0,2,1,3,1,2,1,1,750,983428.0279,9967204.474,-76.65968181,-0.29585472,NO,NO
21,SUCUMBIOS,650,PUTUMAYO,4745,SANSAHUARI,2,UNIÓN NACIONAL,5148,COLISEO DEL RECINTO UNIÓN NACIONAL - CANCHA CUBIERTA,NO,ROLANDO RIOFRIO Y PEATONAL,0,1,1,2,1,1,1,1,415,1025462.663,10001245.93,-76.28317261,0.01123393,NO,NO
21,SUCUMBIOS,625,LAGO AGRIO,1790,SANTA CECILIA,4,CUCHAPAMBA,4665,CANCHA CUBIERTA DE LA COMUNIDAD CUCHAPAMBA,NO,VÍA LUMBAQUI,0,1,1,2,1,1,1,1,190,948273.6591,10006174.65,-76.9748134,0.05572525,NO,NO
21,SUCUMBIOS,625,LAGO AGRIO,1330,GENERAL FARFAN,4,CORAZÓN ORENSE,5971,ESCUELA MARTIN LUTHER KING,NO,VIA PUERTO MESTANZA,63072608,1,1,2,1,1,1,1,379,973579.6254,10025522.8,-76.74795996,0.23027286,NO,NO
21,SUCUMBIOS,865,GONZALO PIZARRO,1090,GONZALO PIZARRO,4,AMAZONAS,5289,UNIDAD EDUCATIVA AMAZONAS - BLOQUE 1,NO,JOSÉ PLAZARTE Y JORGE GONZALES,,1,1,2,1,1,1,1,637,902673.5838,10000974.72,-77.38369378,0.00880095,NO,NO
21,SUCUMBIOS,720,SHUSHUFINDI,6140,SHUSHUFINDI CENTRAL,3,CUMANDA,5369,ESCUELA DE EDUCACIÓN BÁSICA CUMANDA,NO,"CUMANDA , VIA SHUSHUFINDI POZA HONDA KM23",0,1,1,2,1,1,1,1,223,996364,9990610,-76.54382691,-0.08469573,NO,NO
21,SUCUMBIOS,625,LAGO AGRIO,1790,SANTA CECILIA,5,LUCHA DE LOS POBRES,6039,ESCUELA DE EDUCACIÓN GENERAL BÁSICA DRA IRENE GUERRÓN,NO,CALLE RAFAEL CORREA,,1,1,2,1,1,1,1,333,950890.1173,10010146.58,-76.95135543,0.09156866,NO,NO
21,SUCUMBIOS,625,LAGO AGRIO,5710,NUEVA LOJA,3,LA PISTA,5261,UNIDAD EDUCATIVA 16 DE FEBRERO,NO,CALLE 16 DE FRBRERO,62826177,1,1,2,1,1,1,1,263,961231.8154,10010950,-76.8586551,0.09880763,NO,NO
21,SUCUMBIOS,625,LAGO AGRIO,4625,10 DE AGOSTO,2,SALINAS,6353,ESCUELA DE EDUCACIÓN BÁSICA RÍO GIRÓN,NO,VÍA AL RECINTO SALINAS,98837904,1,1,2,1,1,1,1,132,954033.4671,10025507.49,-76.92315081,0.23018635,NO,NO
21,SUCUMBIOS,625,LAGO AGRIO,1795,JAMBELI,2,BARRANCA BERMEJA,6282,ESCUELA DE EDUCACIÓN GENERAL BÁSICA VICENTE PIEDRAHITA,NO,VÍA QUITO KM 29 MARGEN DERECHO 16TA LÍNEA - BARRANCA BERMEJA,3019228,1,1,2,1,1,1,1,83,936244.0649,10031932.91,-77.08261156,0.2882275,NO,SI
21,SUCUMBIOS,625,LAGO AGRIO,1790,SANTA CECILIA,2,LUZ Y VIDA,6020,ESCUELA DE EDUCACIÓN BÁSICA ISLA SAN CRISTOBAL,NO,VIA LUZ Y VIDA Y RECINTO NAZARENO,,1,1,2,1,1,1,1,482,944094.7989,10013192.98,-77.01226869,0.1190701,NO,NO
21,SUCUMBIOS,625,LAGO AGRIO,1290,PACAYACU,2,CHONE UNO,2961,ESCUELA DE EDUCACIÓN BÁSICA CARLOS ALBERTO FLORES RODRIGUEZ,NO,VIA TETETES PUERTO NUEVO,0,1,1,2,1,1,1,1,625,998887.9131,10021241.02,-76.52119444,0.19158333,NO,NO
21,SUCUMBIOS,625,LAGO AGRIO,5710,NUEVA LOJA,2,PUERTO AGUARICO,2035,ESCUELA GENERAL BÁSICA FUERZA AÉREA ECUATORIANA,NO,PUERTO AGUARICO - CARLOS MANUEL ANDRADE Y JOSÉ DE LA CUADRA,62828044,1,1,2,1,1,1,1,451,959248.2,10006209.3,-76.87643886,0.05603108,NO,NO
21,SUCUMBIOS,745,CASCALES,4740,NUEVA TRONCAL,2,LOS ANGELES,6059,CANCHA DE USO MÚLTIPLE RECINTO LOS ÁNGELES,NO,VÍA LUMBAQUI - EL ENO,96825918,1,1,2,1,1,1,1,331,925904.7584,9995883.753,-77.17536339,-0.03715748,NO,NO
21,SUCUMBIOS,720,SHUSHUFINDI,600,SAN PEDRO DE LOS COFANES,2,JIVINO VERDE,2261,UNIDAD EDUCATIVA GUILLERMO BUSTAMANTE CEVALLOS - BLOQUE 1,NO,el estudiante,62346090,2,2,4,1,2,1,2,1075,963977.3,9980304.59,-76.83403355,-0.17771656,NO,NO
21,SUCUMBIOS,720,SHUSHUFINDI,2175,LIMONCOCHA,3,UNIÓN AMAZÓNICA,3387,COLISEO DE LA ESCUELA DE EDUCACIÓN BÁSICA PROVINCIA DEL CAÑAR,NO,VÍA PUERTO PROVIDENCIA - VÍA UNIÓN AMAZÓNICA,0,1,1,2,1,1,1,1,175,1003570.25,9952936.332,-76.47914747,-0.42446601,NO,NO
21,SUCUMBIOS,720,SHUSHUFINDI,6140,SHUSHUFINDI CENTRAL,7,24 DE MAYO,3028,UNIDAD EDUCATIVA RÍO JIVINO VERDE,NO,VIA NUEVO PARAISO - SACHA KM 11 / 6TA LINEA,0,1,1,2,1,1,1,1,50,974546,9968081,-76.73928012,-0.2879777,NO,NO
21,SUCUMBIOS,625,LAGO AGRIO,1330,GENERAL FARFAN,3,PATRIA NUEVA,3922,UNIDAD EDUCATIVA VASCO NUÑEZ DE BALBOA,NO,VIA A PUERTO MESTANZA CALLE 12 DE MAYO,0,1,1,2,1,1,1,1,442,966697.8775,10021052.11,-76.80964685,0.18995244,NO,NO
21,SUCUMBIOS,626,CUYABENO,1555,AGUAS NEGRAS,3,REY DE LOS ANDES,6021,ESCUELA DE EDUCACIÓN BÁSICA ESPAÑA,NO,S/N,986470331,1,1,2,1,1,1,1,101,1030694.055,9976964.271,-76.23629023,-0.20768668,NO,NO
21,SUCUMBIOS,626,CUYABENO,6765,TARAPOA,2,CENTRO UNIÓN,4022,ESCUELA DE EDUCACIÓN BÁSICA JOSÉ MARÍA PLACIDO CAAMAÑO,NO,VÍA TARAPOA - VÍA CENTRO UNIÓN,0,1,1,2,1,1,1,1,292,1016374,9967417,-76.36451583,-0.29381786,NO,NO
21,SUCUMBIOS,745,CASCALES,6325,EL DORADO DE CASCALES,6,TARUKA,3474,UNIDAD EDUCATIVA JUAN LUIS ENTSAKUA NAJARAIP,NO,VIA CASCALES AV ETSA,,1,1,2,1,1,1,1,148,921721.1747,10017474.32,-77.21286325,0.15774805,NO,NO
21,SUCUMBIOS,626,CUYABENO,760,CUYABENO,2,ZABALO,3920,CASA CUBIERTA DE LA COMUNIDAD ZABALO,NO,VÍA TARAPOA - VÍA CENTRO UNIÓN - RÍO AGUARICO - COMUNIDAD ZABALO MARGEN IZQUIERDO,0,1,1,2,1,1,1,1,132,1083484.737,9964643.677,-75.76364309,-0.31853577,SI,SI
21,SUCUMBIOS,626,CUYABENO,6765,TARAPOA,3,CENTRO ENO,3882,CENTRO EDUCATIVO COMUNITARIO INTERCULTURAL BILINGUE DE EDUCACIÓN BÁSICA MIGUEL TANKAMASH,NO,VÍA CENTRO ENO,0,1,1,2,1,1,1,1,72,1001836.205,9979516.28,-76.49478244,-0.18474616,NO,SI
21,SUCUMBIOS,626,CUYABENO,6765,TARAPOA,4,TAIKIWA,4081,UNIDAD EDUCATIVA INTERCULTURAL BILINGUE SAN PEDRO,NO,RIVERA DEL RÍO AGUARICO MARGEN INQUIERDO KM 14 CENTRO DE LA COMUNIDAD,0,1,1,2,1,1,1,1,86,1035755.521,9969277.57,-76.19093902,-0.27697033,SI,SI
21,SUCUMBIOS,626,CUYABENO,6765,TARAPOA,5,SOTOSIAYA,4023,CASA COMUNAL DE LA COMUNIDAD SOTOSIAYA,NO,VÍA SOTOSIAYA,0,1,1,2,1,1,1,1,83,1008265.921,9973269.152,-76.43716535,-0.24107072,NO,SI
21,SUCUMBIOS,745,CASCALES,4740,NUEVA TRONCAL,6,SAN JOSE DE AGUARICO,8348,CANCHA CUBIERTA,NO,EL DORADO DE CASCALES,,1,1,2,1,1,1,1,147,917299.959,10007704.6,-77.2525207,0.06955588,NO,NO
22,ORELLANA,645,FCO.DE ORELLANA,1820,LA BELLEZA,4,CANAAN SANGAY,3421,Unidad Educativa La Belleza,NO,Via a los Zorros Km 62,0,1,1,2,1,1,1,1,280,929437.825,9900893.761,-77.14321751,-0.8946005,NO,NO
22,ORELLANA,935,LORETO,1050,PUERTO MURIALDO,2,BAJO HUINO,3147,ESCUELA JOSE MARIA TANDALIA,NO,ALFREDO SHIGUANGO Y 5 DE JULIO,0,1,1,2,1,1,1,1,461,931477.3604,9930402.384,-77.12516667,-0.62822222,NO,NO
22,ORELLANA,645,FCO.DE ORELLANA,1565,INES ARANGO,2,TIGUINO,3423,ESCUELA FISCAL MIXTA TIGUINO,NO,VIA AUCA KM 12,0,1,1,2,1,1,1,1,289,952555.18,9876658.83,-76.93567171,-1.11308024,NO,NO
22,ORELLANA,935,LORETO,3480,SAN JOSE DE PAYAMINO,3,SAN FRANCISCO DE ASIS,3148,UNIDAD EDUCATIVA SAN FRANCISCO DE ASIS,NO,VIA LORETO - COCA . KM26,0,1,1,2,1,1,1,1,546,925660.4947,9940779.83,-77.17738889,-0.53458333,NO,NO
22,ORELLANA,630,AGUARICO,4295,YASUNI,2,FRONTERAS DEL ECUADOR,3755,CASA COMUNAL FRONTERAS DEL ECUADOR,NO,Aso. de Agricultores y Comerciantes Agrip. F del Ecuador,0,1,1,2,1,1,1,1,237,1133040.841,9892400.383,-75.31960028,-0.96867486,SI,SI
22,ORELLANA,935,LORETO,1680,SAN JOSE DE DAHUANO,4,SAN CARLOS DE RIO BUENO,4612,CASA COMUNAL SAN CARLOS RIO BUENO,NO,VIA PRINCIPAL,990668257,1,1,2,1,1,1,1,139,888108.3015,9895420.836,-77.51386433,-0.94439732,NO,SI
22,ORELLANA,935,LORETO,1680,SAN JOSE DE DAHUANO,5,MUSHUK LLAKTA,4614,CASA COMUNAL MUSHUK LLAKTA,NO,VIA PRINCIPAL,990668257,1,1,2,1,1,1,1,115,899636.7224,9901612.538,-77.41050187,-0.88838376,SI,SI
22,ORELLANA,935,LORETO,1050,PUERTO MURIALDO,3,JANDIA YACU,3726,ESCUELA MUNICIPIO DE ARCHIDONA,NO,VÍA GACELA KM 28,0,1,1,2,1,1,1,1,206,933557.6223,9936918.839,-77.10655556,-0.56938889,NO,NO
22,ORELLANA,935,LORETO,6455,LORETO,2,ALTAMIRA,3723,ESCUELA 11 DE NOVIEMBRE,NO,VÍA COCA LORETO KM 95 MARGEN DERECHO 2DA LINEA,0,1,1,2,1,1,1,1,123,916535.93,9930459.94,-77.25915144,-0.62780105,NO,NO
22,ORELLANA,645,FCO.DE ORELLANA,1235,DAYUMA,5,RIO TIPUTINI,3430,CENTRO DE EDUCACION GENERAL BASICA INTERCULTURAL NUEVA FRONTERA,NO,VIA PINDO Km 75,0,1,1,2,1,1,1,1,257,972625.9133,9918621.735,-76.75619444,-0.73422222,NO,NO
22,ORELLANA,725,JOYA DE LOS SACHAS,1960,LAGO SAN PEDRO,2,MIRAFLORES,3741,ESCUELA DE EDUCACION BASICA COJIMIES,NO,VIA SACHA - LAGO AGRIO SAN PEDRO KM 6 1/2,0,1,1,2,1,1,1,1,256,957676.04,9971902.66,-76.89049269,-0.25354744,NO,NO
22,ORELLANA,725,JOYA DE LOS SACHAS,6200,LA JOYA DE LOS SACHAS,2,MARISCAL SUCRE,3737,ESCUELA DE EDUCACIÓN BÁSICA PUYANGO,NO,AV MARISCAL SUCRE KM 6 1/2,0,1,1,2,1,1,1,1,294,967764.5299,9968174.735,-76.8000574,-0.2871547,NO,NO
22,ORELLANA,645,FCO.DE ORELLANA,1235,DAYUMA,2,EL ANGEL,3379,ESCUELA 12 DE FEBRERO,NO,VIA AUCA KM. 60,0,1,1,2,1,1,1,1,332,957641.82,9909907.38,-76.89042781,-0.81298603,NO,NO
22,ORELLANA,645,FCO.DE ORELLANA,1235,DAYUMA,3,ESFUERZO AMAZONICO,3378,ESCUELA FEDERICO GONZALES SUAREZ,NO,VIA PUMA KM 8 HIGUERON,0,1,1,2,1,1,1,1,315,951393.1868,9923153.87,-76.94655556,-0.6935,NO,NO
22,ORELLANA,645,FCO.DE ORELLANA,1235,DAYUMA,4,PUERTO PINDO,3401,UNIDAD EDUCATIVA DEL MILENIO YASUNI,NO,"VÍA AUCA ENTRADA EN EL KM 41, VÍA PINDO KM 25",0,1,1,2,1,1,1,1,375,977542.4602,9922480.622,-76.71216276,-0.69936569,NO,NO
22,ORELLANA,645,FCO.DE ORELLANA,1565,INES ARANGO,3,HUANCAVILCA,3404,ESCUELA DE EDUCACION BASICA HUANCAVILCA,NO,VIA AUCA KM 95,0,1,1,2,1,1,1,1,190,951411.02,9884402.16,-76.94602253,-1.04321486,NO,NO
22,ORELLANA,645,FCO.DE ORELLANA,1820,LA BELLEZA,3,LAS DELICIAS,3416,UNIDAD BASICA CABO JOSE ANDRANGO,NO,VIA A LOS ZORROS KM 41,0,1,1,2,1,1,1,1,414,933933.22,9916150.86,-77.10304103,-0.75684341,NO,NO
22,ORELLANA,645,FCO.DE ORELLANA,1245,TARACOA,4,PAMIWA KUCHA,3374,ESCUELA 25 DE SEPTIEMBRE,NO,VIA PRINCIPAL,0,1,1,2,1,1,1,1,114,974494.8946,9946086.356,-76.73963889,-0.48641667,NO,NO
22,ORELLANA,645,FCO.DE ORELLANA,1810,GARCIA MORENO,2,CASPISAPA,3427,ESCUELA ADRIAN CACERES,NO,VÍA A LOS ZORROS KM 12,0,1,1,2,1,1,1,1,131,934650.1061,9935283.963,-77.09675,-0.58413889,NO,NO
22,ORELLANA,645,FCO.DE ORELLANA,5815,EL COCA,2,SAN JOSE DEL COCA,3735,CENTRO EDUCATIVO COMUNITARIO INTERCULTURAL BILINGUE RIO COCA,NO,S/VIA PRINCIPAL CENTRO POBLADO,0,1,1,2,1,1,1,1,205,948320.2,9949850.31,-76.97427311,-0.45259288,NO,NO
22,ORELLANA,645,FCO.DE ORELLANA,1940,NUEVO PARAISO,2,SAN LORENZO DE ACORANO,3781,CENTRO EDUCATIVO RIO ACORANO,NO,VÍA GUAYUSA PALMAR DEL RÍO KM 40,0,1,1,2,1,1,1,1,187,929309.79,9971477.83,-77.14479447,-0.25746114,NO,NO
22,ORELLANA,645,FCO.DE ORELLANA,1820,LA BELLEZA,5,PALMA ROJA,3406,CENTRO EDUCATIVO COMUNITARIO INTERCULTURAL BILINGUE BASICA PRISCILA BAER,NO,VIA A PUYANGO PALMA ROJA,0,1,1,2,1,1,1,1,132,934003.7099,9932459.315,-77.10252778,-0.60963889,NO,NO
22,ORELLANA,645,FCO.DE ORELLANA,1820,LA BELLEZA,6,ELOY ALFARO,3417,ESCUELA CABO FAUSTO ESPINOZA,NO,VIA A LOS ZORROS KM 35,0,1,1,2,1,1,1,1,105,932851.6,9920388.1,-77.11277279,-0.7186054,NO,NO
22,ORELLANA,645,FCO.DE ORELLANA,1820,LA BELLEZA,8,CACIQUE JUMANDY,3414,UNIDAD EDUCATIVA ANDRES ALVARADO,NO,VIA A LOS ZORROS KM 64,0,1,1,2,1,1,1,1,207,940443.7113,9903986.627,-77.04455924,-0.86657964,NO,NO
22,ORELLANA,935,LORETO,215,AVILA,2,AVILA VIEJO,3215,CASA COMUNAL AVILA VIEJO,NO,VIA CALMITUYACO 37 KM,0,1,1,2,1,1,1,1,232,896817.8363,9929397.649,-77.43599455,-0.63751775,NO,NO
22,ORELLANA,935,LORETO,215,AVILA,3,PUSCO COCHA,3212,CANCHA CUBIERTA PUSCO COCHA,NO,VIA PUSCO COCHA,0,1,1,2,1,1,1,1,34,917592.2243,9920636.095,-77.2496109,-0.71648188,NO,NO
22,ORELLANA,935,LORETO,400,SAN VICENTE DE HUATICOCHA,0,,1351,UNIDAD EDUCATIVA MONSEÑOR ALEJANDRO LABAKA,NO,VÍA INTEREOCEÁNICA KM 63,0,2,2,4,1,2,1,2,1135,893023.4366,9916626.941,-77.46994444,-0.75286111,NO,NO
22,ORELLANA,935,LORETO,1050,PUERTO MURIALDO,1,PUERTO MURIALDO,1276,UNIDAD EDUCATIVA PADRE RICARDO NARDI,NO,SUMACO Y DIONICIO ALVARADO,0,4,4,8,1,4,1,4,2540,930059.2015,9923307.138,-77.13783333,-0.69227778,NO,NO
22,ORELLANA,935,LORETO,1680,SAN JOSE DE DAHUANO,1,SAN JOSE DE DAHUANO,1305,UNIDAD EDUCATIVA INTERCULTURAL BILINGE AVILA,SI,VIA INTEROCEÁNICA KM 67,0,5,5,10,1,5,1,5,3482,897353.2265,9917389.408,-77.43111111,-0.74594444,NO,NO
22,ORELLANA,935,LORETO,3480,SAN JOSE DE PAYAMINO,1,SAN JOSE DE PAYAMINO,3795,ESCUELA DE EDUCACION BASICA JOSE DE VILLAMIL,NO,AV. PRINCIPAL PAYAMINO 21KM,0,2,2,4,1,2,1,2,930,912565.74,9945750.71,-77.29484347,-0.48977747,NO,NO
22,ORELLANA,935,LORETO,6455,LORETO,1,LORETO,1313,UNIDAD EDUCATIVA MUNICIPIO DE LORETO,SI,MARCOS JIPA Y ROSALINO OLAYA,62893005,4,4,8,6,9,7,10,2561,911075.6,9923346.9,-77.30807367,-0.69205551,NO,NO
22,ORELLANA,935,LORETO,6455,LORETO,1,LORETO,1343,UNIDAD EDUCATIVA JUAN PABLO SEGUNDO,SI,AV RAFAEL ANDRADE Y JOSE RIVAS,62893158,5,6,11,1,5,1,6,3850,910609.2,9923301.98,-77.31225633,-0.69246434,NO,NO
22,ORELLANA,630,AGUARICO,630,CONONACO,2,DIKARO,3750,ESCUELA DICARO,NO,VIA DICARO,0,1,1,2,1,1,1,1,319,1033370.688,9896119.394,-76.21171435,-0.93653795,SI,SI
22,ORELLANA,935,LORETO,3480,SAN JOSE DE PAYAMINO,4,UNION Y PROGRESO,3724,ESCUELA DE EDUCACION BASICA BRISAS DEL SUNO,NO,GRAN SUMACO Y WILSON BORJA,0,1,1,2,1,1,1,1,210,900972.9932,9933602.156,-77.39875,-0.59952778,NO,NO
22,ORELLANA,935,LORETO,3480,SAN JOSE DE PAYAMINO,5,JUAN PIO MONTUFAR,3150,UNIDAD EDUCATIVA JUAN PIO MONTUFAR,NO,"VIA COCA - LORETO, KM 40",0,1,1,2,1,1,1,1,447,917642.3471,9938470.94,-77.24927778,-0.55547222,NO,NO
22,ORELLANA,935,LORETO,1680,SAN JOSE DE DAHUANO,3,PALTA COCHA,3731,ESCUELA CAPITAN PABLO VILLARROEL FUENTES,NO,VIA ENTRADA SARAYACU PALTACOCHA,0,1,1,2,1,1,1,1,102,904230.946,9902680.939,-77.36930168,-0.87869657,NO,NO
22,ORELLANA,725,JOYA DE LOS SACHAS,3660,SAN SEBASTIAN DE COCA,1,SAN SEBASTIAN DE COCA,1266,UNIDAD EDUCATIVA DEL MILENIO RIO COCA,SI,CALLE SAN SEBASTIAN,985128500,5,6,11,1,5,1,6,3716,944725.2216,9962293.842,-77.00655556,-0.34030556,NO,NO
22,ORELLANA,725,JOYA DE LOS SACHAS,6200,LA JOYA DE LOS SACHAS,1,JOYA DE LOS SACHAS,1484,UNIDAD EDUCATIVA CIUDAD DE IBARRA,SI,AV LOS FUNDADORES Y MACHALA,90111462,9,12,21,9,17,9,20,7016,961322.23,9966487.29,-76.85779342,-0.30240264,NO,NO
22,ORELLANA,725,JOYA DE LOS SACHAS,6200,LA JOYA DE LOS SACHAS,1,JOYA DE LOS SACHAS,1635,UNIDAD EDUCATIVA FISCOMISIONAL OSCAR ROMERO,SI,AV PRINCIPAL Y ALTA TENSION,0,8,8,16,1,8,1,8,5600,961888.8378,9966315.892,-76.85271421,-0.30394728,NO,NO
22,ORELLANA,935,LORETO,215,AVILA,1,AVILA,1297,UE DEL MILENIO WANKURISHPA YACHANA PAMPA HUIRUNO,SI,AV INTEROCEANICA ANICETO JIPA,63066238,5,6,11,1,5,1,6,3532,907287.5759,9920525.52,-77.34202778,-0.71755556,NO,NO
22,ORELLANA,630,AGUARICO,630,CONONACO,1,CONONACO - KAWIMENO,3754,ESCUELA KAWIMENO - UE NAMPAWE,NO,SIN CALLE,63063838,1,1,2,1,1,1,1,181,1081554.664,9885276.821,-75.78015011,-1.03360295,SI,SI
22,ORELLANA,630,AGUARICO,3720,STA. MARIA DE HUIRIRIMA,0,,3745,UNIDAD EDUCATIVA MANUELITA SAENZ,NO,CENTRO POBLADO,63064649,1,1,2,1,1,1,1,709,1104363.953,9919085.668,-75.57646713,-0.72875792,SI,SI
22,ORELLANA,630,AGUARICO,7485,TIPUTINI,0,,3751,UNIDAD EDUCATIVA TIPUTINI,NO,12 DE FEBRERO Y JAIME ROLDOS,62380073,3,3,6,1,3,1,3,1659,1109682.762,9912365.289,-75.52880556,-0.78922222,SI,NO
22,ORELLANA,630,AGUARICO,4295,YASUNI,1,YASUNI,3749,CASA COMUNAL YASUNI,NO,CENTRO POBLADO,0,1,1,2,1,1,1,1,112,1120906.624,9937010.794,-75.42865576,-0.56717283,SI,SI
22,ORELLANA,630,AGUARICO,5700,NUEVO ROCAFUERTE,0,,3794,UNIDAD EDUCATIVA DEL MILENIO NUEVO ROCAFUERTE,NO,AVENIDA FRANCISCO DE ORELLANA,2382137,2,2,4,1,2,1,2,995,1123605.273,9897737.71,-75.40407146,-0.92076001,SI,NO
22,ORELLANA,645,FCO.DE ORELLANA,1235,DAYUMA,1,DAYUMA,1153,UNIDAD EDUCATIVA DAYUMA,SI,BOLIVARIANA Y GUERRERO,0,8,12,20,1,8,1,12,6963,959309.6593,9925985.222,-76.87561111,-0.66788889,NO,NO
22,ORELLANA,645,FCO.DE ORELLANA,1245,TARACOA,1,TARACOA,1452,UNIDAD EDUCATIVA LA ESPERANZA,SI,9 DE OCTUBRE,0,3,4,7,1,3,1,4,2425,970080.9741,9945498.027,-76.77919444,-0.49175,NO,NO
22,ORELLANA,645,FCO.DE ORELLANA,1560,EL DORADO,0,,1450,UNIDAD EDUCATIVA DAVID CLARK,NO,VIA AUCA KM 5,0,5,6,11,1,5,1,6,3477,950426.4249,9944393.247,-76.95536284,-0.50183022,NO,NO
22,ORELLANA,645,FCO.DE ORELLANA,1565,INES ARANGO,1,INES ARANGO,1466,UNIDAD EDUCATIVA FLOR DEL ORIENTE,SI,VIA AUCA 70,63068652,4,5,9,1,4,1,5,2737,955026.08,9898972.16,-76.91377125,-0.91169098,NO,NO
22,ORELLANA,645,FCO.DE ORELLANA,1590,EL EDEN,0,,3743,CASA COMUNAL EL EDEN,NO,VIA AL PUERTO,0,1,2,3,1,1,1,2,767,1048431.4,9945081.74,-76.07731041,-0.49501759,NO,NO
22,ORELLANA,645,FCO.DE ORELLANA,1810,GARCIA MORENO,1,GARCIA MORENO,1465,UNIDAD EDUCATIVA BÁSICA CARIBE,NO,VIA LOS ZORROS,0,2,3,5,1,2,1,3,1466,943509.1225,9941672.336,-77.01736052,-0.52642565,NO,NO
22,ORELLANA,645,FCO.DE ORELLANA,1820,LA BELLEZA,1,LA BELLEZA,1453,UNIDAD EDUCATIVA JAIME ROLDOS AGUILERA,SI,CENTRO POBLADO- VIA HIGUERON,0,4,4,8,1,4,1,4,2497,940415.0988,9927284.61,-77.04500772,-0.65630151,NO,NO
22,ORELLANA,645,FCO.DE ORELLANA,1935,SAN LUIS DE ARMENIA,1,SAN LUIS DE ARMENIA,3780,ESCUELA FISCAL RAMON ANDI,NO,VIA LORETO COCA KM 14,0,3,4,7,1,3,1,4,2210,937836.24,9946943.92,-77.06824955,-0.47887757,NO,NO
22,ORELLANA,645,FCO.DE ORELLANA,1940,NUEVO PARAISO,1,NUEVO PARAISO,1261,UNIDAD EDUCATIVA PRINCESA TOA,SI,VÍA LAS PALMAS,0,4,5,9,1,4,1,5,2840,943916.5487,9958053.101,-77.01378867,-0.37858243,NO,NO
22,ORELLANA,645,FCO.DE ORELLANA,1945,SAN JOSE DE GUAYUSA,1,SAN JOSE DE GUAYUSA,1270,UNIDAD EDUCATIVA GUAYUSA,NO,VIA A GUAYUSA KM 15,0,3,3,6,1,3,1,3,2058,938928.92,9972982.42,-77.05855435,-0.24385448,NO,NO
22,ORELLANA,645,FCO.DE ORELLANA,5815,EL COCA,1,EL COCA,1154,UNIDAD EDUCATIVA PADRE MIGUEL GAMBOA,SI,Vicente Rocafuerte y Alejo de Vidania,62880173,32,34,66,1,32,1,34,23100,947412.9572,9947870.386,-76.98239627,-0.47046609,NO,NO
22,ORELLANA,645,FCO.DE ORELLANA,5815,EL COCA,1,EL COCA,1256,UNIDAD EDUCATIVA PRESIDENTE TAMAYO,SI,VICENTE ROCAFUERTE Y 9 DE OCTUBRE,62880019,7,9,16,33,39,35,43,5356,947078.6,9947676.78,-76.98539273,-0.47221512,NO,NO
22,ORELLANA,725,JOYA DE LOS SACHAS,415,SAN CARLOS,0,,1431,UNIDAD EDUCATIVA CORONEL EMILIO SUAREZ,SI,VIA CENTRAL,985655048,5,7,12,1,5,1,7,3944,958385.59,9958052.386,-76.88408333,-0.37852778,NO,NO
22,ORELLANA,725,JOYA DE LOS SACHAS,490,ENOKANQUI,0,,1481,UNIDAD EDUCATIVA 30 DE ABRIL,SI,RIO COCA Y TRES DE NOVIEMBRE CARRIL ASFALTADO,62384012,4,4,8,1,4,1,4,2692,962371.1402,9974729.321,-76.84841667,-0.22802778,NO,NO
22,ORELLANA,725,JOYA DE LOS SACHAS,1950,RUMIPAMBA,0,,1419,UNIDAD EDUCATIVA INTERCULTURAL BILINGUE RUMIPAMBA,NO,VIA AMAZONAS Y YURIMAGUA VIA SACHA - LAGO AGRIO KM 19 7MA LINEA,0,2,2,4,1,2,1,2,1309,946981.8613,9990858.95,-76.98639147,-0.08249775,NO,NO
22,ORELLANA,725,JOYA DE LOS SACHAS,1955,TRES DE NOVIEMBRE,1,TRES DE NOVIEMBRE,1280,UNIDAD EDUCATIVA 24 DE OCTUBRE,NO,VIA LAGO AGRIO - FUNDADORES,0,4,4,8,1,4,1,4,2650,955474.72,9978792.28,-76.91024177,-0.191381,NO,NO
22,ORELLANA,725,JOYA DE LOS SACHAS,1960,LAGO SAN PEDRO,1,LAGO SAN PEDRO,1301,UNIDAD EDUCATIVA LAGO SAN PEDRO,NO,VIA A LAGO AGRIO KM 15 ENTRADA A LA VALLADOLID,0,3,3,6,1,3,1,3,1790,951527.06,9973542.21,-76.94561591,-0.23876882,NO,NO
22,ORELLANA,725,JOYA DE LOS SACHAS,1965,UNION MILAGREÑA,1,UNION MILAGREÑA,1462,UNIDAD EDUCATIVA RIO CHIGUAL,SI,VÍA SACHA POMPEYA KM 12 1/2 MARGEN DERECHO,0,4,5,9,1,4,1,5,2833,969766.92,9959559.29,-76.78207865,-0.3648821,NO,NO
22,ORELLANA,645,FCO.DE ORELLANA,1235,DAYUMA,6,MIWAGUNO,6031,CASA COMUNAL MIWAGUNO,NO,VIA PRINCIPAL,979102090,1,1,2,1,1,1,1,106,975492.432,9919608.586,-76.73051162,-0.72529416,NO,NO
22,ORELLANA,645,FCO.DE ORELLANA,1235,DAYUMA,7,TIGUANO,6015,CASA COMUNAL TIGUANO,NO,VIA PRINCIPAL,996189656,1,1,2,1,1,1,1,122,966247.55,9921768.416,-76.81338969,-0.70588409,NO,NO
22,ORELLANA,935,LORETO,1680,SAN JOSE DE DAHUANO,6,ARAPINO,6032,CASA COMUNAL ARAPINO,NO,VIA PRINCIPAL,980649450,1,1,2,1,1,1,1,150,897193.3809,9917420.244,-77.43254514,-0.74566718,NO,SI
22,ORELLANA,645,FCO.DE ORELLANA,5815,EL COCA,3,FLOR DE ORIENTE,3784,ESCUELA EDUCACIÓN BÁSICA RICHARD BURGOS,NO,LAURELES Y 30 DE ABRIL,0,1,1,2,1,1,1,1,664,946733.125,9945742.75,-76.98847966,-0.48967153,NO,NO
22,ORELLANA,645,FCO.DE ORELLANA,5815,EL COCA,4,FLOR DE PANTANO,5033,UEM MUSHUK AYLLU,NO,CALLE MUSHUK AYLLU ENTRE 12 DE SEPTIEMBRE Y FELIPE SALAZAR,63069106,2,2,4,1,2,1,2,1321,944571.1241,9950551.425,-77.0078866,-0.4462839,NO,NO
22,ORELLANA,645,FCO.DE ORELLANA,5815,EL COCA,5,AMAZONAS,1234,UNIDAD EDUCATIVA AMAZONAS,SI,AMBATO Y ERNESTO RODRIGUEZ,62881268,9,10,19,1,9,1,10,6360,946327.4,9948277.02,-76.99213024,-0.46680185,NO,NO
22,ORELLANA,645,FCO.DE ORELLANA,5815,EL COCA,6,JORGE RODRIGUEZ ROMAN,1767,UNIDAD EDUCATIVA DEL MILENIUM JORGE RODRIGUEZ ROMAN,SI,VELASCO IBARRA ENTRE PECHICHE Y JULIO LLORI,0,9,12,21,1,9,1,12,6824,945484.4894,9951528.46,-76.99970299,-0.43746156,NO,NO
22,ORELLANA,725,JOYA DE LOS SACHAS,6200,LA JOYA DE LOS SACHAS,3,12 DE FEBRERO,1438,UNIDAD EDUCATIVA AGOYAN,SI,AV VELASCO IBARRA ENTRE DOLORES MONGE Y SIMÓN BOLÍVAR,62899166,6,6,12,4,9,5,10,4107,961389.4686,9967584.69,-76.85719444,-0.2925,NO,NO
22,ORELLANA,725,JOYA DE LOS SACHAS,6200,LA JOYA DE LOS SACHAS,3,12 DE FEBRERO,1338,UNIDAD EDUCATIVA 12 DE FEBRERO,SI,AV. LOS FUNDADORES Y CALLE D,62898206,3,4,7,1,3,1,4,2450,961627,9967810.3,-76.85506615,-0.29046342,NO,NO
22,ORELLANA,725,JOYA DE LOS SACHAS,6200,LA JOYA DE LOS SACHAS,4,EL ORO,5030,RIO CHINCHIPE,NO,VÍA EL ORO ALAMOR,63065917,1,1,2,1,1,1,1,264,969801.3255,9963326.821,-76.78178542,-0.33088889,NO,NO
22,ORELLANA,645,FCO.DE ORELLANA,1935,SAN LUIS DE ARMENIA,2,ALTO MANDURO,5018,CECIB ANDRES MAMALLACTA,NO,VIA BAJO HUINO,969328722,1,1,2,1,1,1,1,290,933918,9942627,-77.10335738,-0.5178634,NO,NO
22,ORELLANA,645,FCO.DE ORELLANA,1945,SAN JOSE DE GUAYUSA,2,10 DE AGOSTO,5032,ESCUELA INTI PAKARI,NO,ORILLAS DEL RIO COCA,0,1,1,2,1,1,1,1,106,924542.638,9989020.175,-77.18757219,-0.09911661,SI,SI
22,ORELLANA,645,FCO.DE ORELLANA,1945,SAN JOSE DE GUAYUSA,3,KANOA YAKU,5031,UE KANOA YAKU,NO,RIVERA DEL RÍO COCA,0,1,1,2,1,1,1,1,133,929171.9815,9987255.128,-77.14606109,-0.11504434,SI,SI
22,ORELLANA,645,FCO.DE ORELLANA,1820,LA BELLEZA,2,JAGUAR DOS,3782,UNIDAD EDUCATIVA CBO. WILSON CUEVA PILLAJO,NO,VIA LOS ZORROS KM 49,0,1,1,2,1,1,1,1,398,934473.99,9908892.26,-77.098131,-0.82235648,NO,NO
22,ORELLANA,645,FCO.DE ORELLANA,1245,TARACOA,2,SAN CARLOS,3434,ESCUELA HUAMANI,NO,CENTRO DE TARACOA,0,1,1,2,1,1,1,1,170,958975.036,9947669.02,-76.87875,-0.47222222,NO,NO
22,ORELLANA,645,FCO.DE ORELLANA,1245,TARACOA,3,SAN VICENTE,3372,ESCUELA BEJNAMIN CARRION,NO,VÍA EL YUCA KM 44,0,1,1,2,1,1,1,1,295,970482.8072,9935024.026,-76.77552778,-0.58625,NO,NO
22,ORELLANA,725,JOYA DE LOS SACHAS,3660,SAN SEBASTIAN DE COCA,2,SAN PABLO,3742,ESCUELA VALERIO GREFA,NO,VÍA PUCUNA LUMBAQUI KM 33,0,1,1,2,1,1,1,1,172,936691.0635,9982762.74,-77.07863889,-0.15558333,NO,NO
22,ORELLANA,725,JOYA DE LOS SACHAS,3660,SAN SEBASTIAN DE COCA,3,SARDINAS,3729,CENTRO EDUCATIVO YACURUMI,NO,VÍA PUCUNA Y LUMBAKI,0,1,1,2,1,1,1,1,135,930975.7653,9988032.21,-77.12988889,-0.10802778,NO,NO
22,ORELLANA,725,JOYA DE LOS SACHAS,2930,POMPEYA,2,SAN ANTONIO,3638,UNIDAD EDUCATIVA BILINGUE SAN ANTONIO,NO,Via Principal,0,1,1,2,1,1,1,1,305,983964.1313,9956343.252,-76.65483333,-0.39383333,NO,NO
22,ORELLANA,725,JOYA DE LOS SACHAS,1955,TRES DE NOVIEMBRE,2,25 DE DICIEMBRE,3733,ESCUELA DE EDUCACIÓN BÁSICA CIUDAD DE BELÉN,NO,VIA A LA 3 DE NOVIEMBRE,0,1,1,2,1,1,1,1,399,951086.67,9982341.67,-76.94958306,-0.15935872,NO,NO
22,ORELLANA,935,LORETO,3480,SAN JOSE DE PAYAMINO,2,VERDE SUMACO,3722,CENTRO EDUCATIVO BILINGUE RICARDO SHIGUANGO,NO,CENTRO POBLADO,0,1,1,2,1,1,1,1,213,917157.3974,9958511.101,-77.25372222,-0.37455556,NO,NO
22,ORELLANA,935,LORETO,1680,SAN JOSE DE DAHUANO,2,LA PAZ,3728,ESCUELA LA PAZ,NO,VÍA SAN FERNANDO,0,1,1,2,1,1,1,1,488,905819.1754,9912656.88,-77.35513889,-0.78861111,NO,NO
22,ORELLANA,725,JOYA DE LOS SACHAS,2930,POMPEYA,1,POMPEYA,3639,ESCUELA FISCAL MIXTA 9 DE DICIEMBRE,NO,SACHA - POMPEYA,0,2,2,4,1,2,1,2,855,986207.1,9951415.47,-76.63470999,-0.4382757,NO,NO
22,ORELLANA,630,AGUARICO,510,CAP. AUGUSTO RIVADENEIRA,0,,3753,CASA COMUNAL AGUSTO RIVADENEIRA,NO,A ORILLAS DEL RÍO NAPO,63068192,1,1,2,1,1,1,1,729,1072854.695,9931021.378,-75.85855778,-0.62154328,SI,SI
22,ORELLANA,725,JOYA DE LOS SACHAS,1965,UNION MILAGREÑA,2,SANTA ROSA,3153,ESCUELA RIO QUINCHAYACU,NO,VÍA 10 DE AGOSTO KM 2,0,1,1,2,1,1,1,1,369,966036.91,9957585.56,-76.81550086,-0.38270687,NO,NO
22,ORELLANA,630,AGUARICO,630,CONONACO,3,BAMENO,3113,CASA COMUNAL BAMENO,NO,VIA PRINCIPAL,0,1,1,2,1,1,1,1,103,1039648.136,9856411.159,-76.15490678,-1.29441927,SI,SI
22,ORELLANA,725,JOYA DE LOS SACHAS,3660,SAN SEBASTIAN DE COCA,4,HUATARACU,3156,ESCUELA IMBABURA,NO,VIA LUMBAQUI KM 12,0,1,1,2,1,1,1,1,287,942149.3628,9967643.978,-77.02966667,-0.29202778,NO,NO
22,ORELLANA,935,LORETO,215,AVILA,4,SAN BARTOLO,3641,CENTRO EDUCATIVO COMUNITARIO INTERCULTURAL BILINGUE CAMANGUY,NO,VIA COTONA KM 8,0,1,1,2,1,1,1,1,225,914160.7445,9917400.086,-77.28036111,-0.74572222,NO,NO
22,ORELLANA,645,FCO.DE ORELLANA,1995,ALEJANDRO LABAKA,0,,3792,UE AMAWTA SAMAY,NO,CENTRO POBLADO,0,2,2,4,1,2,1,2,1217,989086.61,9950301.39,-76.6089019,-0.44831013,NO,NO
23,STO DGO TSACHILAS,85,SANTO DOMINGO,5865,RIO VERDE,3,CRISTO VIVE,3465,UNIDAD EDUCATIVA LAURA FLORES DE PAZ Y MIÑO,NO,"COOP CRISTO VIVE, AV LOS ANTURIOS S/N Y PASAJE 20",23766275,3,3,6,1,3,1,3,2100,700777.822,9968183.106,-79.19593797,-0.28771376,NO,NO
23,STO DGO TSACHILAS,85,SANTO DOMINGO,5865,RIO VERDE,3,CRISTO VIVE,6230,CAPILLA VIRGEN DEL CISNE,NO,"AVENIDA LOS ANTURIOS, ENTRE PASAJE 18 Y CALLE, JUNTO A POLICIA COMUNITAIRA",23766276,3,2,5,4,6,4,5,1615,700657,9968365,-79.1970235,-0.2860691,NO,NO
23,STO DGO TSACHILAS,85,SANTO DOMINGO,1990,EL ESFUERZO,2,LA REFORMA,3439,UNIDAD EDUCATIVA LUIS ISCH CHIRIBOGA,NO,"RECINTO LA REFORMA, VIA QUEVEDO KM 7 MARGEN IZQUIERDO",36618494,1,1,2,1,1,1,1,503,701928.557,9950106.294,-79.1855685,-0.45117608,NO,NO
23,STO DGO TSACHILAS,85,SANTO DOMINGO,1755,LUZ DE AMERICA,2,EL CONGOMA,3436,UNIDAD EDUCATIVA BENIGNO RIVAS,NO,"VIA QUEVEDO KM 14.5 , VIA AL CONGOMA MEDIO",984812517,2,2,4,1,2,1,2,865,689407.8602,9960376.821,-79.29805832,-0.35832408,NO,NO
23,STO DGO TSACHILAS,85,SANTO DOMINGO,4440,PUERTO LIMON,2,SANTA CECILIA DE PUPUSA,3442,UNIDAD EDUCATIVA VASCO NUÑEZ DE BALBOA,NO,"RECINTO SANTA CECILIA DE PUPUSA, AV MACIAS VERA Y VIA A PUERTO LIMON",23622865,1,1,2,1,1,1,1,444,678428.5904,9962960.417,-79.39669077,-0.33497661,NO,NO
23,STO DGO TSACHILAS,85,SANTO DOMINGO,5865,RIO VERDE,2,JULIO MORENO ESPINOZA,2550,UNIDAD EDUCATIVA PIERA GRAZIA BRUCCOLERI,NO,"CENTRO POBLADO DE JULIO MORENO, CALLE 10 DE AGOSTO Y CALLE 3 DE NOVIEMBRE",23843116,2,2,4,1,2,1,2,1424,703945,9964309,-79.16748348,-0.32274139,NO,NO
23,STO DGO TSACHILAS,85,SANTO DOMINGO,6175,CHIGUILPE,2,SAN GABRIEL DEL BABA,2544,UNIDAD EDUCATIVA FRANCISCO DE ORELLANA,NO,"SAN GABRIEL DEL BABA, CALLE 29 DE SEPTIEMBRE Y RIO BABA",23860063,2,2,4,1,2,1,2,928,705558.77,9966312.433,-79.15299141,-0.30462254,NO,NO
23,STO DGO TSACHILAS,85,SANTO DOMINGO,5870,RIO TOACHI,2,EL PLACER DEL TOACHI,3467,UNIDAD EDUCATIVA CIUDAD DE MACARA BLOQUE-2,NO,"EL PLACER DEL TOACHI, VIA LAS MERCEDES -LOS BANCOS KM 5+16",23623471,1,1,2,1,1,1,1,639,707412.19,9985138.234,-79.13636483,-0.13438746,NO,NO
23,STO DGO TSACHILAS,85,SANTO DOMINGO,5870,RIO TOACHI,3,LAS MERCEDES,3468,UNIDAD EDUCATIVA BARON DE CARONDELET,NO,"LAS MERCEDES, VIA LAS MERCEDES km 24 MARGEN IZQUIERDO VIA QUITO",23621119,3,3,6,1,3,1,3,1710,720032.106,9979769.678,-79.02301206,-0.18292038,NO,NO
23,STO DGO TSACHILAS,85,SANTO DOMINGO,6175,CHIGUILPE,3,JULIO MORENO - SAN VICENTE DE AQUEPI,3470,UNIDAD EDUCATIVA BÁSICA TOMAS DE BERLANGA,NO,VIA JULIO MORENO KM 15+4,23619561,1,1,2,1,1,1,1,195,706777.045,9961585.389,-79.14204086,-0.34736505,NO,NO
23,STO DGO TSACHILAS,85,SANTO DOMINGO,5865,RIO VERDE,6,SANTA MARTHA -2-,1854,UNIDAD EDUCATIVA REPÚBLICA DE FRANCIA,SI,"COOP.SANTA MARTHA ,AV. JACINTO CORTEZ JHAYYA Y CALLE NUMA POMPILLO",23711083,8,7,15,1,8,1,7,5075,701979.505,9969593.167,-79.18514601,-0.27496121,NO,NO
23,STO DGO TSACHILAS,85,SANTO DOMINGO,5865,RIO VERDE,7,SANTA MARTHA -1-,1825,UNIDAD EDUCATIVA ALESSANDRO VOLTA,SI,"COOP.SANTA MARTHA SECTOR 3,AV. JACINTO CORTEZ JHAYYA Y CALLE LOS QUINCHES",23704269,8,7,15,1,8,1,7,4756,701950.235,9969996.881,-79.18540947,-0.27131057,NO,NO
23,STO DGO TSACHILAS,85,SANTO DOMINGO,5865,RIO VERDE,8,20 DE OCTUBRE,3473,UNIDAD EDUCATIVA REINO DE INGLATERRA,NO,CALLE SALVADOR DE BAHIA / CALLE PASAJE EL ALTO,23702789,5,4,9,1,5,1,4,2888,702957.51,9970753.321,-79.17636284,-0.26446894,NO,NO
23,STO DGO TSACHILAS,85,SANTO DOMINGO,5865,RIO VERDE,9,AQUEPÍ,3466,UNIDAD EDUCATIVA STEPHEN HAWKING,NO,"COOP AQUEPI, AV RIO TOACHI, CALLE PANAMA, LT 8, MZ 20",22748999,5,4,9,1,5,1,4,2653,704318.77,9970187.23,-79.16413493,-0.26958608,NO,NO
23,STO DGO TSACHILAS,85,SANTO DOMINGO,5865,RIO VERDE,10,LA CADENA,3464,UNIDAD EDUCATIVA VIVIAN LUZURIAGA VASQUEZ BLOQUE-3,NO,"LA CADENA, AV 6 Y CALLE 14, LOTE 6, MZ 191",23720561,6,4,10,1,6,1,4,3227,703108.69,9968995.202,-79.17500251,-0.28036687,NO,NO
23,STO DGO TSACHILAS,85,SANTO DOMINGO,5865,RIO VERDE,11,LAS PALMERAS,1904,UNIDAD EDUCATIVA JUAN LEÓN MERA,SI,"COOP.LIBERACIÓN POPULAR,CALLE MANUELA SAENZ Y CALLE LA NIÑA",22757898,6,5,11,1,6,1,5,3716,703334.927,9971282.321,-79.17297348,-0.25968486,NO,NO
23,STO DGO TSACHILAS,85,SANTO DOMINGO,6065,SANTO DOMINGO,3,CLEMENCIA DE MORA,1853,UNIDAD EDUCATIVA MARIANO AGUILERA,NO,"COOP 30 DE JULIO, AV CLEMENCIA DE MORA, CALLE TIPUTINI Y AV TZACHILA",22752191,3,3,6,1,3,1,3,1784,703637.1309,9972564.992,-79.17026065,-0.2480857,NO,NO
23,STO DGO TSACHILAS,85,SANTO DOMINGO,6065,SANTO DOMINGO,4,30 DE JULIO -1-,3471,UNIDAD EDUCATIVA 24 DE MAYO BLOQUE-2,NO,"COOP IDEAL, CALLE LOJA S/N, ENTRE RIO TIPUTINI Y PASAJE RIO CAJONES",22761168,4,4,8,1,4,1,4,2606,703224.5292,9972557.638,-79.17396672,-0.24815272,NO,NO
23,STO DGO TSACHILAS,85,SANTO DOMINGO,5870,RIO TOACHI,4,EL PARAISO,7066,UNIDAD EDUCATIVA WENCESLAO PAREJA,NO,VIA QUITO KM 5 1/2 MARGEN IZQUIERDO,0,2,2,4,1,2,1,2,995,708284.9461,9971951.216,-79.12851266,-0.25362986,NO,NO
23,STO DGO TSACHILAS,85,SANTO DOMINGO,6180,ZARACAY,2,9 DE DICIEMBRE,1792,ESCUELA DE EDUCACION BASICA 9 DE DICIEMBRE,NO,"COOP.9 DE DICIEMBRE,CALLE H - ENTRE YAMBOYA Y DELICIAS",22765732,5,4,9,1,5,1,4,2855,704807,9973043,-79.15975325,-0.24376179,NO,NO
23,STO DGO TSACHILAS,85,SANTO DOMINGO,5860,BOMBOLI,4,AVISPA CHILA,3458,UNIDAD EDUCATIVA JOSE ALFREDO LLERENA,NO,VIA CHONE KM 21+12 MARGEN DERECHO,992127906,1,1,2,1,1,1,1,292,677740.6866,9979031.003,-79.40288889,-0.18963889,NO,NO
23,STO DGO TSACHILAS,85,SANTO DOMINGO,5860,BOMBOLI,5,LIBERTAD LOJANA,3460,ESCUELA DE EDUCACION BASICA FLAVIO ALFARO,NO,ENTRADA A AGUA CLARA,981985634,1,1,2,1,1,1,1,113,680095,9976273,-79.38173707,-0.21457941,SI,SI
23,STO DGO TSACHILAS,982,LA CONCORDIA,7520,LA CONCORDIA,2,FLOR DEL VALLE,3420,UNIDAD EDUCATIVA EDUARDO LUGO,NO,"COMUNA FLOR DEL VALLE, VIA QUININDE KM 40+2 MARGEN DERECHO, CALLE 1 Y CALLE D",23901807,1,1,2,1,1,1,1,310,682367,9998316,-79.3613387,-0.0152294,SI,SI
23,STO DGO TSACHILAS,982,LA CONCORDIA,4635,MONTERREY,1,MONTERREY,1896,UNIDAD EDUCATIVA SIGLO XXI JOAQUIN GALLEGOS LARA BLOQUE 1,SI,"CENTRO POBLADO DE MONTERREY,AV: GALO ANDRADE SOLA Y VIA: A PUERTO NUEVO",2385038,7,8,15,1,7,1,8,4987,667448.447,9995587.181,-79.49535686,-0.0399103,NO,NO
23,STO DGO TSACHILAS,982,LA CONCORDIA,4635,MONTERREY,2,SAN MIGUEL DE GUABAL,6939,UNIDAD EDUCATIVA SAN MIGUEL DE GUABAL,NO,CALLE EL BUA,0,1,1,2,1,1,1,1,255,657303.4724,9993076.151,-79.58649694,-0.06262305,NO,NO
23,STO DGO TSACHILAS,85,SANTO DOMINGO,5870,RIO TOACHI,9,LA ALIANZA,6912,ESCUELA DE EDUCACIÓN BÁSICA RIO GUAYAS,NO,LA ALIANZA CALLE PRINCIPAL,0,1,1,2,1,1,1,1,196,711826.3939,9980271.698,-79.096713,-0.178389,NO,NO
23,STO DGO TSACHILAS,85,SANTO DOMINGO,4440,PUERTO LIMON,6,COPALITO,6937,CANCHAS MULTIPLES COPALITO,NO,VIA LAS DELICIAS,98356432,1,1,2,1,1,1,1,268,677382.7377,9964788.175,-79.40608866,-0.3184483,SI,SI
23,STO DGO TSACHILAS,85,SANTO DOMINGO,4440,PUERTO LIMON,7,SAN JUAN,6911,UNIDAD EDUCATIVA REPUBLICA DE CANADA,NO,SECTOR SAN JUAN VIA PRINCIPAL KM 26,0,1,1,2,1,1,1,1,234,680407.8698,9966852.44,-79.37891575,-0.29977551,NO,NO
23,STO DGO TSACHILAS,85,SANTO DOMINGO,1755,LUZ DE AMERICA,4,30 DE NOVIEMBRE,6927,UNIDAD EDUCATIVA DR LUIS CORDERO,NO,VIA QUEVEDO KM 25 + 5 MARGEN DERECHO,0,1,1,2,1,1,1,1,214,683205.9702,9954341.671,-79.35375979,-0.41291351,SI,NO
23,STO DGO TSACHILAS,85,SANTO DOMINGO,1755,LUZ DE AMERICA,5,LA SUSANITA,6929,UNIDAD EDUCATIVA ASSAD BUCARAM,NO,VIA QUEVEDO KM 12 MARGEN IZQUIERDO,23784069,1,1,2,1,1,1,1,287,696494.0682,9962205.374,-79.23440757,-0.34177637,NO,NO
23,STO DGO TSACHILAS,85,SANTO DOMINGO,305,VALLE HERMOSO,1,VALLE HERMOSO,1932,UNIDAD EDUCATIVA VALLE HERMOSO BLOQUE-1,SI,"CENTRO POBLADO DE VALLE HERMOSO ,CALLE PICHINCHA Y LOJA",22773435,8,9,17,1,8,1,9,5664,691205.2079,9990569.977,-79.28194443,-0.08527776,NO,NO
23,STO DGO TSACHILAS,85,SANTO DOMINGO,1990,EL ESFUERZO,1,EL ESFUERZO,1906,UNIDAD EDUCATIVA JOHN F. KENNEDY,SI,"PARROQUIA EL ESFUERZO,CALLE MANUEL CARRION Y CALLE 15 DE AGOSTO",23840067,6,6,12,1,6,1,6,4002,691818.832,9953832.671,-79.27638888,-0.41749998,NO,NO
23,STO DGO TSACHILAS,85,SANTO DOMINGO,2045,SANTA MARIA DEL TOACHI,1,SANTA MARIA DEL TOACHI,1887,UNIDAD EDUCATIVA JAIME DEL HIERRO,SI,"SANTA MARIA DEL TOACHI, CALLE PRIMEROS COLONOS Y CALLE 8 DE SEPTIEMBRE",22368026,5,6,11,1,5,1,6,3462,697067.9548,9929235.155,-79.22917414,-0.63992369,NO,NO
23,STO DGO TSACHILAS,85,SANTO DOMINGO,305,VALLE HERMOSO,2,CRISTOBAL COLON,3425,UNIDAD EDUCATIVA PROFESOR RICARDO ALVAREZ MANTILLA BLOQUE-2,NO,"CENTRO POBLADO DEL RECINTO CRISTOBAL COLON, AV. 17 DE OCTUBRE",22757760,2,2,4,1,2,1,2,996,702310.3451,9994605.857,-79.18219444,-0.04877778,NO,NO
23,STO DGO TSACHILAS,982,LA CONCORDIA,7520,LA CONCORDIA,1,LA CONCORDIA,1873,UNIDAD EDUCATIVA LUIS VARGAS TORRES BLOQUE-2,SI,"CENTRO POBLADO DEL CANTÓN LA CONCORDIA,CALLE ELSITA CARREÑO",986666784,8,8,16,9,16,9,16,5600,679265.7776,10000706.39,-79.38919737,0.00638835,NO,NO
23,STO DGO TSACHILAS,982,LA CONCORDIA,7520,LA CONCORDIA,1,LA CONCORDIA,1892,UNIDAD EDUCATIVA NUEVA CONCORDIA,SI,"CENTRO POBLADO LA CONCORDIA,CALLE H Y 7",22725213,8,8,16,17,24,17,24,5600,678691,10001215,-79.39436068,0.01098814,NO,NO
23,STO DGO TSACHILAS,982,LA CONCORDIA,7520,LA CONCORDIA,1,LA CONCORDIA,1921,UNIDAD EDUCATIVA LUZ Y LIBERTAD,SI,"CENTRO POBLADO DEL CANTÓN LA CONCORDIA,CALLE MARTINICA Y CALLE LOJA",22725207,8,8,16,1,8,1,8,5600,678911.4084,10000168.09,-79.39238074,0.00152013,NO,NO
23,STO DGO TSACHILAS,982,LA CONCORDIA,7520,LA CONCORDIA,1,LA CONCORDIA,3400,UNIDAD EDUCATIVA PROVINCIA DE ESMERALDAS,SI,"LA CONCORDIA, AV. SIMON PLATA TORRES Y AV. LUIS VARGAS TORRES, S/N",22725584,8,8,16,25,32,25,32,5600,678435.955,10000274.52,-79.39665183,0.00248265,NO,NO
23,STO DGO TSACHILAS,982,LA CONCORDIA,7520,LA CONCORDIA,1,LA CONCORDIA,5234,UNIDAD EDUCATIVA LA CONCORDIA BLOQUE-2,SI,EUGENIO ESPEJO ENTRE CALLE 22 Y CALLE MARTINICA,22726851,6,6,12,41,46,41,46,4047,678836.5259,10000068.66,-79.39305343,0.00062095,NO,NO
23,STO DGO TSACHILAS,982,LA CONCORDIA,7520,LA CONCORDIA,1,LA CONCORDIA,5209,UNIDAD EDUCATIVA LA CONCORDIA BLOQUE-1,SI,AV. BABAHOYO - JUAN MONTALVO Y EUGENIO ESPEJO,0,8,8,16,33,40,33,40,5600,678632.294,10000137.02,-79.39488808,0.00123919,NO,NO
23,STO DGO TSACHILAS,85,SANTO DOMINGO,75,ALLURIQUIN,1,ALLURIQUIN,1924,UNIDAD EDUCATIVA ALLURIQUIN,SI,"ALLURIQUIN,VIA QUITO KM 25 Y LAS GUADUAS REFERENCIA PASANDO EL CENTRO POBLADO",22729085,9,9,18,1,9,1,9,6300,723586.9761,9964574.215,-78.99106361,-0.32030984,SI,NO
23,STO DGO TSACHILAS,85,SANTO DOMINGO,75,ALLURIQUIN,1,ALLURIQUIN,8033,UNIDAD EDUCATIVA DR. ALFREDO BAQUERIZO MORENO,NO,"ALLURIQUIN, VIA QUITO KM 23, ANTES DE LA NUEVA PLAZA COMERCIAL, MARGEN IZQUIERDO",2729143,2,3,5,10,11,10,12,1316,723188.86,9964396.58,-78.99463891,-0.32191667,NO,NO
23,STO DGO TSACHILAS,85,SANTO DOMINGO,1755,LUZ DE AMERICA,1,LUZ DE AMÉRICA,1903,UNIDAD EDUCATIVA TRECE DE ABRIL,SI,"LUZ DE AMERICA, AV.10 DE AGOSTO ENTRE CALLES MANUELA CAÑIZARES Y CALLE JUAN MONTALVO",22722242,8,8,16,1,8,1,8,5271,689220.2645,9955335.224,-79.29973454,-0.40391706,NO,NO
23,STO DGO TSACHILAS,85,SANTO DOMINGO,1970,SAN JACINTO DEL BUA,1,SAN JACINTO DEL BUA,1880,UNIDAD EDUCATIVA SAN JACINTO BLOQUE-2,SI,"SAN JACINTO DEL BUA, CALLE JUAN MONTALVO ENTRE ESTERO RIO BABA Y ESTERO JOSE QUIROZ",22172207,7,7,14,1,7,1,7,4900,678727.4866,9983874.658,-79.39402778,-0.14583333,NO,NO
23,STO DGO TSACHILAS,85,SANTO DOMINGO,1970,SAN JACINTO DEL BUA,1,SAN JACINTO DEL BUA,6189,UNIDAD EDUCATIVA SAN JACINTO BLOQUE-1,NO,"AVENIDA SANTO DOMINGO, VIA LA FLECHA",22772144,5,5,10,8,12,8,12,3427,679710.97,9983342.82,-79.3851926,-0.15064248,NO,NO
23,STO DGO TSACHILAS,85,SANTO DOMINGO,4440,PUERTO LIMON,1,PUERTO LIMÓN,1888,UNIDAD EDUCATIVA PUERTO LIMON-COLEGIO,NO,"PUERTO LIMON, CALLE MANABI N#200 Y CALLE VALLARINO DONOSO",23856313,5,6,11,7,11,7,12,3404,681385.2413,9957318.097,-79.37012121,-0.38599923,NO,NO
23,STO DGO TSACHILAS,85,SANTO DOMINGO,4440,PUERTO LIMON,1,PUERTO LIMÓN,1891,UNIDAD EDUCATIVA PUERTO LIMON-ESCUELA,SI,"PUERTO LIMON, CALLE ARTURO LINCE Y CALLE ATAHUALPA",23856261,6,6,12,1,6,1,6,4200,681270.1855,9957279.177,-79.37115473,-0.38635141,NO,NO
23,STO DGO TSACHILAS,85,SANTO DOMINGO,5730,ABRAHAM CALAZACON,1,ABRAHAM CALAZACON,1941,UNIDAD EDUCATIVA GENERAL MEDARDO ALFARO,SI,"COOP.17 DE DICIEMBRE, AV. JACINTO CORTEZ Y LEONIDAS PLAZA",23702271,12,12,24,16,27,16,27,8276,701933.809,9971500.744,-79.18555899,-0.25771154,NO,NO
23,STO DGO TSACHILAS,85,SANTO DOMINGO,5730,ABRAHAM CALAZACON,1,ABRAHAM CALAZACON,1857,UNIDAD EDUCATIVA SANTO DOMINGO DE LOS COLORADOS,SI,"COOP.17 DE DICIEMBRE , AV JACINTO CORTES, S/N Y AV VICENTE ROCAFUERTE",23700962,15,15,30,1,15,1,15,10500,702043.4702,9971669.603,-79.18457419,-0.25618446,NO,NO
23,STO DGO TSACHILAS,85,SANTO DOMINGO,5860,BOMBOLI,1,BOMBOLI,1889,UNIDAD EDUCATIVA ELOY ALFARO,SI,"COOP LAS PALMAS, CALLE PANAMA Y CALLE CHILA",23701242,11,11,22,13,23,13,23,7700,701833.2786,9972232.123,-79.1864629,-0.25109799,NO,NO
23,STO DGO TSACHILAS,85,SANTO DOMINGO,5860,BOMBOLI,1,BOMBOLI,1850,UNIDAD EDUCATIVA ANTONIO NEUMANE,SI,"URB LOS ROSALES SECTOR 1, AVENIDA VENEZUELA, NRO 525 Y PADRE SHUMAHER",22758320,12,12,24,1,12,1,12,8400,702443.4468,9972516.014,-79.18098255,-0.24853008,NO,NO
23,STO DGO TSACHILAS,85,SANTO DOMINGO,5860,BOMBOLI,1,BOMBOLI,5151,UNIDAD EDUCATIVA ALFREDO PAREJA DIEZCANSECO,SI,"AV. ABRAHAM CALAZACON, PASAJE SANGURIMA",22746441,10,11,21,24,33,24,34,7148,702266.655,9972625.66,-79.18257068,-0.2475388,NO,NO
23,STO DGO TSACHILAS,85,SANTO DOMINGO,5865,RIO VERDE,1,RIO VERDE,1895,UNIDAD EDUCATIVA MANUEL AGUSTIN AGUIRRE,SI,"COOP JUAN MONTALVO, JORGE ICAZA Y DEMETRIO AGUILERA MALTA",23709732,7,7,14,28,34,28,34,4900,702549,9970284,-79.18003157,-0.26871342,NO,NO
23,STO DGO TSACHILAS,85,SANTO DOMINGO,5865,RIO VERDE,1,RIO VERDE,1748,UNIDAD EDUCATIVA AUGUSTO ARIAS,SI,"COOP AQUEPI, CALLE AUGUSTO SANDINO Y RIO TOACHI",23751292,10,10,20,10,19,10,19,7000,704130.422,9970661.109,-79.16582735,-0.26530122,NO,NO
23,STO DGO TSACHILAS,85,SANTO DOMINGO,5865,RIO VERDE,1,RIO VERDE,1821,UNIDAD EDUCATIVA ERNESTO ALBAN MOSQUERA,SI,"COOP AQUEPI, NICOLAS GUILLEN Y JOSE E. RODO",22762100,8,8,16,20,27,20,27,5600,704277.765,9970793.833,-79.16450406,-0.26410085,NO,NO
23,STO DGO TSACHILAS,85,SANTO DOMINGO,5865,RIO VERDE,1,RIO VERDE,1916,UNIDAD EDUCATIVA FEDERICO GONZÁLES SUÁREZ,SI,"URB DILPO, CALLE EDMUNDO CATFORD N#504 Y CALLE AUGUSTO GACHET",23763499,9,9,18,1,9,1,9,6300,703953.2271,9971436.659,-79.16741997,-0.25828843,NO,NO
23,STO DGO TSACHILAS,85,SANTO DOMINGO,5865,RIO VERDE,1,RIO VERDE,6231,UNIDAD EDUCATIVA PARTICULAR CHIGUILPE,SI,COOP. SANTA MARTHA- CALLE JUAN LEON MERA Y JUAN DE DIOS MARTINEZ,990137200,7,7,14,35,41,35,41,4900,702190.3312,9971180.019,-79.18325441,-0.26061144,NO,NO
23,STO DGO TSACHILAS,85,SANTO DOMINGO,5865,RIO VERDE,1,RIO VERDE,8032,UNIDAD EDUCATIVA PABLO ENRIQUE ALBORNOZ BLOQUE-1,NO,"CALLE GILBER, ALESANDRO CARRIÓM Y SANTA FE",3709618,1,5,6,42,42,42,46,1778,702810.68,9970274.9,-79.17768107,-0.26879536,NO,NO
23,STO DGO TSACHILAS,85,SANTO DOMINGO,5870,RIO TOACHI,1,RIO TOACHI,5251,UNIDAD EDUCATIVA HIDALGO DE PROCEL,SI,"SUEÑO BOLIVAR, PRINCIPAL W, SECUNDARIA S/N",23760793,8,8,16,1,8,1,8,5257,705005.3333,9975413.836,-79.15797458,-0.22232301,NO,NO
23,STO DGO TSACHILAS,85,SANTO DOMINGO,6065,SANTO DOMINGO,1,SANTO DOMINGO,1831,UNIDAD EDUCATIVA LATINO,SI,"URB.VEGA, RIO YAMINO Y RIO SHIRIPUNO",22760523,5,6,11,74,78,77,82,3850,703770.1962,9973097.636,-79.16906608,-0.24326902,NO,NO
23,STO DGO TSACHILAS,85,SANTO DOMINGO,6065,SANTO DOMINGO,1,SANTO DOMINGO,1833,UNIDAD EDUCATIVA RAUL GONZALES ASTUDILLO-COLEGIO,SI,"URB.MAYA,AV CHONE Y PUERTO ILA",23700868,9,9,18,19,27,19,27,6300,701528.4272,9971775.897,-79.1892006,-0.25522393,NO,NO
23,STO DGO TSACHILAS,85,SANTO DOMINGO,6065,SANTO DOMINGO,1,SANTO DOMINGO,1863,UNIDAD EDUCATIVA HUALCOPO DUCHICELA,SI,"COOP. LAS PALMAS,AV.ABRAHAM CALAZACON Y CALLE CANADA",22758272,6,5,11,62,67,62,66,3850,702152.4428,9972155.708,-79.18359598,-0.25178859,NO,NO
23,STO DGO TSACHILAS,85,SANTO DOMINGO,6065,SANTO DOMINGO,1,SANTO DOMINGO,1879,UNIDAD EDUCATIVA CIUDAD DE CARACAS,SI,"COOP.NUEVO CAMINO,AV QUITUMBEZ, CALLE D Y CALLE E",23794346,8,8,16,46,53,46,53,5600,705912,9971881,-79.14982652,-0.25426788,NO,NO
23,STO DGO TSACHILAS,85,SANTO DOMINGO,6065,SANTO DOMINGO,1,SANTO DOMINGO,1847,UNIDAD EDUCATIVA 30 DE JULIO,SI,"COOP 30DE JULIO 1, CALLE RIO PASTAZA, S/N Y RIO COCA",22752085,9,9,18,37,45,37,45,6300,703453.3514,9972846.352,-79.17191174,-0.24554168,NO,NO
23,STO DGO TSACHILAS,85,SANTO DOMINGO,6065,SANTO DOMINGO,1,SANTO DOMINGO,1849,UNIDAD EDUCATIVA FE Y ALEGRIA,SI,"URB PADRES DE FAMILIA, AV ESMERALDAS, NRO 511 Y CALLE RIO TIPUTINI",22752591,9,9,18,10,18,10,18,6300,703099.5241,9972771.784,-79.17508981,-0.24621641,NO,NO
23,STO DGO TSACHILAS,85,SANTO DOMINGO,6065,SANTO DOMINGO,1,SANTO DOMINGO,1777,UNIDAD EDUCATIVA PARTICULAR CENTRAL,SI,"COOP. 30 DE JULIO , CALLE RIO BABA Y RIO SUCUA",22751448,5,6,11,79,83,83,88,3850,703985.2709,9972409.261,-79.16713339,-0.24949349,NO,NO
23,STO DGO TSACHILAS,85,SANTO DOMINGO,6065,SANTO DOMINGO,1,SANTO DOMINGO,5161,UNIDAD EDUCATIVA RAUL GONZALES ASTUDILLO-ESCUELA,SI,AV. CHONE Y PUERTO ILA,23700868,9,9,18,28,36,28,36,6300,701488.6324,9971850.519,-79.18955814,-0.25454919,NO,NO
23,STO DGO TSACHILAS,85,SANTO DOMINGO,6065,SANTO DOMINGO,1,SANTO DOMINGO,5225,UNIDAD EDUCATIVA KASAMA,SI,VIA QUITO KM 1/2 CALLE LOS ANTURIOS / CALLE A,22743420,9,9,18,1,9,1,9,6300,706425,9972240,-79.14521916,-0.25102094,NO,NO
23,STO DGO TSACHILAS,85,SANTO DOMINGO,6065,SANTO DOMINGO,1,SANTO DOMINGO,6188,UNIDAD EDUCATIVA RICARDO CORNEJO,SI,VIA CHONE KM 1 MARGEN IZQUIERDO ENTRADA A LA UTE,990137127,3,10,13,84,86,89,98,4414,699542.6042,9973216.458,-79.20703974,-0.24219966,NO,NO
23,STO DGO TSACHILAS,85,SANTO DOMINGO,6065,SANTO DOMINGO,1,SANTO DOMINGO,6229,UNIDAD EDUCATIVA DEL MILENIO MI INUN YA,SI,PRINCIPAL CALLE CATACOCHA Y SECUANDARIA CALLE BIBLIAN,23758248,8,8,16,54,61,54,61,5600,705938.175,9970907.094,-79.14959014,-0.26307445,NO,NO
23,STO DGO TSACHILAS,85,SANTO DOMINGO,6065,SANTO DOMINGO,1,SANTO DOMINGO,6518,INSTITUTO SUPERIOR TECNOLÓGICO TSÁCHILA,SI,"AV. GALO LUZURIAGA RIOFRIO, CALLE B, JUNTO AL ESTADIO OLÍMPICO TSÁCHILA",997163327,6,10,16,68,73,67,76,5600,706315,9972474,-79.14620749,-0.24890513,NO,NO
23,STO DGO TSACHILAS,85,SANTO DOMINGO,6175,CHIGUILPE,1,CHIGUILPE,1840,UNIDAD EDUCATIVA JULIO MORENO ESPINOSA,SI,"URB LAS GUADUAS, AV QUITO, NRO 1120, ENTRE RIO CHIMBO Y RIO BLANCO",22750361,8,8,16,1,8,1,8,5600,704302.879,9972015.492,-79.16428007,-0.25305379,NO,NO
23,STO DGO TSACHILAS,85,SANTO DOMINGO,6175,CHIGUILPE,1,CHIGUILPE,1785,UNIDAD EDUCATIVA MARISTA PIO XII-COLEGIO,SI,"URB.LA COLEGIALA,AV ABRAHAM CALAZACON, NO 2402 Y AV 6 DE NOVIEMBRE",22750563,8,8,16,17,24,17,24,5600,704572.6031,9971543.413,-79.16185675,-0.25732229,NO,NO
23,STO DGO TSACHILAS,85,SANTO DOMINGO,6175,CHIGUILPE,1,CHIGUILPE,1787,UNIDAD EDUCATIVA MARISTA PIO XII-ESCUELA,SI,"URB.LA COLEGIALA, AV RIO TOACHI, NO 400 Y AV 6 DE NOVIEMBRE",22750270,5,5,10,37,41,37,41,3504,704100.2806,9971456.06,-79.16609913,-0.25811279,NO,NO
23,STO DGO TSACHILAS,85,SANTO DOMINGO,6175,CHIGUILPE,1,CHIGUILPE,1859,UNIDAD EDUCATIVA MADRE LAURA,SI,"URB.LA COLEGIALA , AV 6 DE NOVIEMBRE S/N Y CALLE SEGUNDO CUEVA CELI",22742280,8,8,16,9,16,9,16,5600,704352.283,9971561.11,-79.16383573,-0.25716254,NO,NO
23,STO DGO TSACHILAS,85,SANTO DOMINGO,6175,CHIGUILPE,1,CHIGUILPE,1912,UNIDAD EDUCATIVA DOCTOR BENJAMIN CARRION,SI,"COOP. ABDON CALDERÓN, AV LA LORENA S/N Y CALLE SIMON BOLIVAR",22758728,6,6,12,25,30,25,30,4200,704943.9774,9971647.181,-79.15852114,-0.25638346,NO,NO
23,STO DGO TSACHILAS,85,SANTO DOMINGO,6175,CHIGUILPE,1,CHIGUILPE,5242,UNIDAD EDUCATIVA JAIME ROLDOS AGUILERA BLOQUE-2,NO,CALLE BIBLIAN Y JUNIN ESQUINA,23756209,0,4,4,0,0,42,45,1295,706021.41,9971126.81,-79.14884281,-0.26108754,NO,NO
23,STO DGO TSACHILAS,85,SANTO DOMINGO,6175,CHIGUILPE,1,CHIGUILPE,5162,UNIDAD EDUCATIVA EMILIO LORENZO STEHLE,SI,AV. LA LORENA ENTRE CALLE LOS JIVAROS Y CARAS,982768932,6,6,12,31,36,31,36,4200,706047.9697,9971435.536,-79.14860465,-0.25829584,NO,NO
23,STO DGO TSACHILAS,85,SANTO DOMINGO,6180,ZARACAY,1,ZARACAY,1914,UNIDAD EDUCATIVA HORTENSIA VASQUEZ SALVADOR,SI,"URB.EFRAIN RUIZ,CALLE CHORRERA DEL NAPA, S/N Y CALLE CUICOCHA",22763394,7,6,13,1,7,1,6,4550,704130.336,9972339.653,-79.1658303,-0.25012274,NO,NO
23,STO DGO TSACHILAS,85,SANTO DOMINGO,6180,ZARACAY,1,ZARACAY,5266,UNIDAD EDUCATIVA IBEROAMERICANO,NO,"TENIENTE RUILOVA, RIO SUCUA",22766860,4,4,8,8,11,7,10,2406,704011.3578,9972309.804,-79.16689894,-0.25039281,NO,NO
23,STO DGO TSACHILAS,85,SANTO DOMINGO,5730,ABRAHAM CALAZACON,2,15 DE SEPTIEMBRE,1830,UNIDAD EDUCATIVA CLEMENCIA RODRIGUEZ DE MORA,NO,"COOP.15 DE SEPTIEMBRE,AV.CARLOTA JARAMILLO Y CARLOS AMABLE ORTIZ",23742142,6,5,11,1,6,1,5,3348,699852.828,9969719.567,-79.20424875,-0.27382111,NO,NO
23,STO DGO TSACHILAS,85,SANTO DOMINGO,5730,ABRAHAM CALAZACON,3,LAS PLAYAS,3445,UNIDAD EDUCATIVA ESPECIALIZADA FE Y ALEGRIA,NO,CALLES MANUEL LEDESMA Y ERNESTO PINTO,22752591,3,2,5,1,3,1,2,1465,700012.971,9971865.097,-79.20281307,-0.25441922,NO,NO
23,STO DGO TSACHILAS,85,SANTO DOMINGO,5730,ABRAHAM CALAZACON,4,LOS COLONOS,1824,UNIDAD EDUCATIVA KOLPING,NO,"COOP.LOS COLONOS,AV.LOS COLONOS Y CALLE ""H""",23751971,4,3,7,1,4,1,3,2239,699694.9699,9972051.566,-79.20566972,-0.25273341,NO,NO
23,STO DGO TSACHILAS,85,SANTO DOMINGO,5730,ABRAHAM CALAZACON,5,LUZ DEL DIA,3447,UNIDAD EDUCATIVA JULIO JARAMILLO LAURIDO,NO,"COOP LUZ DEL DIA, CALLE D S/N Y CALLE S",23750901,2,2,4,1,2,1,2,1276,698330.143,9971962.642,-79.21792907,-0.25353924,NO,NO
23,STO DGO TSACHILAS,85,SANTO DOMINGO,5730,ABRAHAM CALAZACON,6,NUEVA AURORA,3449,UNIDAD EDUCATIVA DOCTOR RUFINO MARIN,NO,"COOP NUEVA AURORA, VIA QUEVEDO KM7 Y CALLE ABDON CALDERON",37041976,2,2,4,1,2,1,2,1292,698628,9967780,-79.21524801,-0.29136206,NO,NO
23,STO DGO TSACHILAS,85,SANTO DOMINGO,5730,ABRAHAM CALAZACON,7,PLAN DE VIVIENDA,1832,UNIDAD EDUCATIVA JAIME RUPERTO YEROVI NAJERA,SI,"COOP.PLAN DE VIVIENDA,BARRIO 25 DE DICIEMBRE/CALLE G Y CALLE 8",23751767,7,5,12,1,7,1,5,4032,699219.9379,9971533.7,-79.209936,-0.257417,NO,NO
23,STO DGO TSACHILAS,85,SANTO DOMINGO,5730,ABRAHAM CALAZACON,8,PROLETARIADO,1834,UNIDAD EDUCATIVA ELADIO ROLDOS BARREIRO,NO,"COOP.EL PROLETARIADO,AV CORONEL EDMUNDO ANDRADE Y CALLE ""A""",23741142,5,4,9,1,5,1,4,2954,698763.879,9969187.59,-79.21402944,-0.27863319,NO,NO
23,STO DGO TSACHILAS,85,SANTO DOMINGO,5730,ABRAHAM CALAZACON,9,VILLA FLORIDA,1843,UNIDAD EDUCATIVA MENTOR GAMBOA COLLANTES,SI,"COOP.VILLA FLORIDA,CALLE RIO VERDE Y CALLE ALLURIQUIN",23709183,7,6,13,1,7,1,6,4284,700645.2823,9970756.97,-79.197132,-0.264439,NO,NO
23,STO DGO TSACHILAS,85,SANTO DOMINGO,5860,BOMBOLI,6,EL PORTÓN,1786,UNIDAD EDUCATIVA CALASANZ 2,SI,"COOP.CIUDAD NUEVA, AV. DE LOS COLONOS",22752394,8,6,14,1,8,1,6,4573,700256.1189,9972590.942,-79.20062992,-0.24785523,NO,NO
23,STO DGO TSACHILAS,85,SANTO DOMINGO,5860,BOMBOLI,7,ACACIAS,3454,UNIDAD EDUCATIVA 26 DE SEPTIEMBRE,NO,"COOP PLAN DE VIVIENDA EL COLORADO UCOM #2, CALLE O S/N Y PASAJE 13",23760796,3,3,6,1,3,1,3,1772,702920.9098,9974518.674,-79.17669625,-0.23042003,NO,NO
23,STO DGO TSACHILAS,85,SANTO DOMINGO,5860,BOMBOLI,8,CHE GUEVARA,3452,UNIDAD EDUCATIVA 2 DE MAYO BLOQUE-1,NO,"COOP 2 DE MAYO, CALLE 5 S/N Y CALLE E",23761666,3,3,6,1,3,1,3,2100,702135.613,9974469.527,-79.18374993,-0.23086536,NO,NO
23,STO DGO TSACHILAS,85,SANTO DOMINGO,5860,BOMBOLI,8,CHE GUEVARA,6234,UNIDAD EDUCATIVA 2 DE MAYO BLOQUE-2,NO,"COOP 2 DE MAYO, PRINCIPAL CALLE 18, ENTRE CALLE I & CALLE L",987962342,2,1,3,4,5,4,4,1070,702128.7298,9974417.708,-79.18381169,-0.23133395,NO,NO
23,STO DGO TSACHILAS,85,SANTO DOMINGO,5860,BOMBOLI,9,CIUDAD NUEVA,6187,UNIDAD EDUCATIVA DISTRITO METROPOLITANO,NO,"PRINCIPAL AV. BOMBOLI, ENTRE SEBASTIAN GUZMAN & ANDRES M. NUÑOS",23751113,4,4,8,1,4,1,4,2528,700712.4489,9972656.374,-79.19653108,-0.24726298,NO,NO
23,STO DGO TSACHILAS,85,SANTO DOMINGO,5860,BOMBOLI,10,ECHANIQUE,3455,UNIDAD EDUCATIVA FERNANDO HORACIO CHAVEZ REYES,NO,"COOP 24 DE SEPTIEMBRE, CALLE LAS MERCEDES S/N Y CALLE SIMON BOLIVAR",23761183,3,2,5,1,3,1,2,1406,702461.324,9974003.536,-79.18082376,-0.23507881,NO,NO
23,STO DGO TSACHILAS,85,SANTO DOMINGO,5860,BOMBOLI,11,JUAN EULOGIO,1759,ESCUELA FISCAL MIXTA RAMON MONCAYO BENITEZ,SI,"COOP. JUAN EULOGIO, CALLE I Y CALLE 13, No. 2",23761982,8,6,14,1,8,1,6,4491,701359,9975144,-79.19072645,-0.22476715,NO,NO
23,STO DGO TSACHILAS,85,SANTO DOMINGO,5860,BOMBOLI,12,LOS ROSALES,1936,UNIDAD EDUCATIVA MARÍA EUGENIA DURAN VILLALOBOS,NO,"COOP. LOS ROSALES 3ERA ETAPA ,AV. ABRAHAM CALAZACON Y ALBERTO COLOMO",23701672,4,4,8,1,4,1,4,2800,702088.838,9972778.105,-79.18416807,-0.2461605,NO,NO
23,STO DGO TSACHILAS,85,SANTO DOMINGO,5860,BOMBOLI,12,LOS ROSALES,5122,UNIDAD EDUCATIVA INTI RAYMI,NO,"AV. ABRAHAM CALAZACON, CALLE CANADA",22750692,3,2,5,5,7,5,6,1507,702145.4584,9972049.479,-79.18365858,-0.2527492,NO,NO
23,STO DGO TSACHILAS,85,SANTO DOMINGO,5860,BOMBOLI,13,TERMINAL TERRESTRE,1938,UNIDAD EDUCATIVA FRANCISCO JOSE DE CALDAS,SI,"COOP. CAVID,CALLE RIO PASTAZA Y CALLE RIO TOMEBAMBA",22758707,7,5,12,1,7,1,5,3856,702752.271,9973314.31,-79.17820958,-0.24131094,NO,NO
23,STO DGO TSACHILAS,85,SANTO DOMINGO,5860,BOMBOLI,14,UCOM,3453,ESCUELA DE EDUCACION BASICA ISLA ISABELA,NO,"COOP UCOM 2, VIA COLORADOS DEL BUA KM1 S/N",23790397,4,3,7,1,4,1,3,2054,703233.274,9974855.658,-79.1738909,-0.22737243,NO,NO
23,STO DGO TSACHILAS,85,SANTO DOMINGO,5865,RIO VERDE,4,LA PEPSI,1826,UNIDAD EDUCATIVA HÉROES DE PAQUISHA,SI,"SANTA MARTHA SECTOR#1,AV. LUIS CORDERO Y OTTO AROCEMENA",23701142,8,6,14,1,8,1,6,4520,701907.5089,9970867.515,-79.1857944,-0.2634377,NO,NO
23,STO DGO TSACHILAS,85,SANTO DOMINGO,5865,RIO VERDE,5,LA QUEVEDO,3462,UNIDAD EDUCATIVA CALAZACÓN,NO,"FRENTE A LA COOP NUEVA AURORA, VIA QUEVEDO, 6 1/2 S/N",23741905,4,4,8,1,4,1,4,2589,698731.7295,9967624.134,-79.21431604,-0.29277139,NO,NO
23,STO DGO TSACHILAS,85,SANTO DOMINGO,5870,RIO TOACHI,8,10 DE AGOSTO,6232,CASA COMUNAL 10 DE AGOSTO,NO,VIA LOS BANCOS KM 19,994931322,1,1,2,1,1,1,1,176,722645,9983341,-78.99954802,-0.15062672,NO,NO
23,STO DGO TSACHILAS,85,SANTO DOMINGO,75,ALLURIQUIN,2,LA FLORIDA,5134,UNIDAD EDUCATIVA JUAN BAUTISTA AGUIRRE,NO,"VIA A LAS MERCEDES, VIA ZABALETA",985433603,1,1,2,1,1,1,1,196,720499.0314,9969435.4,-79.01880554,-0.27636109,SI,NO
23,STO DGO TSACHILAS,85,SANTO DOMINGO,75,ALLURIQUIN,3,MAR DE LA TRANQUILIDAD,5139,UNIDAD EDUCATIVA AUGUSTO ARIAS-MAR DE LA TRANQUILIDAD,NO,"VIA LAS MERCEDES, PUERTO NUEVO MAR DE LA TRANQUILIDAD",22747058,1,1,2,1,1,1,1,348,733907.5757,9976930.562,-78.89839242,-0.2085751,SI,NO
23,STO DGO TSACHILAS,85,SANTO DOMINGO,1990,EL ESFUERZO,3,PALMAR DEL BIMBE,5267,UNIDAD EDUCATIVA PALMAR DEL BIMBE,NO,"VIA SANTA MARIA DEL TOACHI, VIA PALMAR DEL BIMBE",23618600,1,1,2,1,1,1,1,187,696086.5313,9943097.542,-79.23802886,-0.51456921,NO,NO
23,STO DGO TSACHILAS,85,SANTO DOMINGO,2045,SANTA MARIA DEL TOACHI,2,CORINA PARRAL,5123,UNIDAD EDUCATIVA 14 DE ENERO,NO,VIA PATRICIA PILAR/ SANTA MARIA DEL TOACHI Y VIA AL RIO BIMBE,23627610,1,1,2,1,1,1,1,184,693865.2859,9931501.489,-79.25795069,-0.61943894,NO,NO
23,STO DGO TSACHILAS,85,SANTO DOMINGO,2045,SANTA MARIA DEL TOACHI,3,SAN JOSE DEL MIRADOR,5124,UNIDAD EDUCATIVA PUERTO BAQUERIZO MORENO,NO,VIA A MONTENUEVO Y VIA A CEMENTERIO,969673003,1,1,2,1,1,1,1,232,704268.6019,9935524.63,-79.16451132,-0.5830274,NO,NO
23,STO DGO TSACHILAS,982,LA CONCORDIA,4640,LA VILLEGAS,0,,1897,UNIDAD EDUCATIVA ANTONIO ALOMIA LLORY,SI,"CENTRO POBLADO DE LAS VILLEGAS,VICTOR VILLEGAS PLAZA Y FRANCISCO PINOS",997366156,5,5,10,1,5,1,5,2981,673166.707,9993345.007,-79.44398626,-0.06018746,NO,NO
23,STO DGO TSACHILAS,85,SANTO DOMINGO,5730,ABRAHAM CALAZACON,10,SAN MIGUEL,7962,UNIDAD EDUCATIVA REPUBLICA DE AUSTRIA,NO,VIA QUEVEDO KM 7 MAS 5,23624306,1,1,2,1,1,1,1,209,694139.92,9965416.26,-79.25555911,-0.31274393,NO,NO
23,STO DGO TSACHILAS,85,SANTO DOMINGO,1755,LUZ DE AMERICA,3,SAN VICENTE DEL NILA,5229,UNIDAD EDUCATIVA RIÓ PASTAZA,NO,AV. EL MAESTRO / CALLE ADOQUINADA,23865199,2,2,4,1,2,1,2,876,674486,9945155,-79.43207702,-0.49601277,SI,NO
23,STO DGO TSACHILAS,85,SANTO DOMINGO,4440,PUERTO LIMON,3,SAN REMO,5091,UNIDAD EDUCATIVA SEGUNDO VACA CASTRO,NO,VIA QUEVEDO KM 7+37 VIA A SAN VICENTE DEL NILA,986191585,1,1,2,1,1,1,1,248,675597.887,9949395.893,-79.42209693,-0.45765637,NO,NO
23,STO DGO TSACHILAS,85,SANTO DOMINGO,4440,PUERTO LIMON,4,VICENTE ROCAFUERTE,5136,CASA COMUNAL DE LA COMUNA VICENTE ROCAFUERTE,NO,"CALLE 3 Y CALLE PRINCIPAL DE LA IGLESIA, FRENTE AL PARQUE DEL CENTRO POBLADO",992051185,1,1,2,1,1,1,1,252,678779,9960112,-79.39353856,-0.36073641,NO,NO
23,STO DGO TSACHILAS,85,SANTO DOMINGO,4440,PUERTO LIMON,5,EL PROGRESO,5115,CASA COMUNAL EL PROGRESO,NO,VIA QUEVEDO KM 7 MARGEN DERECHO + VÍA PUERTO LIMON KM 12,939307337,1,1,2,1,1,1,1,344,687951.848,9963767.654,-79.311143,-0.32766202,NO,NO
23,STO DGO TSACHILAS,85,SANTO DOMINGO,1970,SAN JACINTO DEL BUA,2,UMPECHICO,5079,UNIDAD EDUCATIVA JOSE LUIS RIOFRIO,NO,VIA COLORADOS DEL BUA KM 23,990580464,1,1,2,1,1,1,1,723,684841.3122,9985086.608,-79.33910745,-0.13486906,SI,SI
23,STO DGO TSACHILAS,85,SANTO DOMINGO,1970,SAN JACINTO DEL BUA,3,SAN VICENTE DEL BUA,5063,UNIDAD EDUCATIVA WASHINGTON PAZMINO VARGAS,NO,VIA CHONE KM 9+30 MARGEN DERECHO,23625020,1,1,2,1,1,1,1,592,672411.2416,9986505.318,-79.45077029,-0.12204569,NO,NO
23,STO DGO TSACHILAS,85,SANTO DOMINGO,1970,SAN JACINTO DEL BUA,4,SAN FRANCISCO DE CHILA,5083,UNIDAD EDUCATIVA RAMONA AUXILIADORA MARCILLO CHILA,NO,VIA SANTO DOMINGO CHONE DESVIO PEDERNALES KM 8+5,985556781,1,1,2,1,1,1,1,476,665151.0985,9981991.557,-79.51598989,-0.16287301,SI,NO
23,STO DGO TSACHILAS,85,SANTO DOMINGO,1970,SAN JACINTO DEL BUA,5,SAN PEDRO DEL LAUREL,5065,UNIDAD EDUCATIVA PICHINCHA,NO,"VIA SAN JACINTO DEL BUA KM 12, ENTRADA AL RIO CHILA",23624962,1,1,2,1,1,1,1,755,687036,9979065,-79.31938824,-0.18932348,NO,NO
23,STO DGO TSACHILAS,85,SANTO DOMINGO,2045,SANTA MARIA DEL TOACHI,4,LA MORENA,5125,UNIDAD EDUCATIVA ISLA PUNA,NO,VIA SANTA ROSA DEL TOACHI KM45+ 8 MARGEN IZQUIERDO,980288109,1,1,2,1,1,1,1,276,684174,9930355,-79.3450071,-0.62983531,NO,NO
23,STO DGO TSACHILAS,982,LA CONCORDIA,7520,LA CONCORDIA,3,LAS VEGAS,5156,UNIDAD EDUCATIVA ROSA ZARATE BLOQUE-2,NO,CALLE JOSE AGUIRRE BARRIOS LAS VEGAS,22725441,2,1,3,1,2,1,1,812,678221.4574,10000021.22,-79.39857871,0.00019187,NO,NO
23,STO DGO TSACHILAS,982,LA CONCORDIA,7520,LA CONCORDIA,4,SANTA ROSA,5159,UNIDAD EDUCATIVA ANDRES F CORDOVA BLOQUE-2,NO,NUEVA CONCORDIA CALLE GUAYAS,0,3,3,6,1,3,1,3,1903,679867.9988,10002046.61,-79.38378745,0.01850895,NO,NO
23,STO DGO TSACHILAS,982,LA CONCORDIA,7520,LA CONCORDIA,5,VIRGEN DEL CISNE,5171,UNIDAD EDUCATIVA AGUSTIN OCAMPO SANTANDER,NO,AV ANGEL ALAVA Y AV SIMON PLATA TORRES,0,2,2,4,1,2,1,2,1180,677855.8948,10001894.01,-79.40186257,0.01712902,NO,NO
23,STO DGO TSACHILAS,982,LA CONCORDIA,7520,LA CONCORDIA,6,10 DE AGOSTO,5174,UNIDAD EDUCATIVA 10 DE AGOSTO,NO,CALLE 24 DE DICIEMBRE Y CALLE JAIME ROLDOS AGUILERA,22727827,2,2,4,1,2,1,2,1099,678317.7546,10001697.33,-79.39771359,0.01535022,NO,NO
23,STO DGO TSACHILAS,982,LA CONCORDIA,7520,LA CONCORDIA,7,ALIANZA,1907,UNIDAD EDUCATIVA PARTICULAR SAGRADOS CORAZONES,NO,"CENTRO POBLADO DEL CANTÓN LA CONCORDIA,CALLE: TARQUI ENTRE MANABI Y ESMERALDAS",22727324,2,2,4,1,2,1,2,1449,678066.4835,10000537.1,-79.39997087,0.00485745,NO,NO
23,STO DGO TSACHILAS,85,SANTO DOMINGO,305,VALLE HERMOSO,8,UNION GANADERA,5112,UNIDAD EDUCATIVA GONZALO S. CORDOVA,NO,CENTRO POBLADO-VIA AL ZABALO,985974063,1,1,2,1,1,1,1,127,691033.4824,10001594.25,-79.28348883,0.0144172,NO,NO
23,STO DGO TSACHILAS,85,SANTO DOMINGO,5860,BOMBOLI,15,COLORADOS DEL BUA,5241,UNIDAD EDUCATIVA INTERCULTURAL BILINGUE ABRAHAM CALAZACON,NO,VIA COLORADOS DEL BUA KM 15 MARGEN DERECHO,993443921,1,1,2,1,1,1,1,358,690882.8664,9981955.774,-79.28483491,-0.16317813,NO,NO
23,STO DGO TSACHILAS,85,SANTO DOMINGO,5860,BOMBOLI,16,SAN PABLO DE CHILA,5245,UNIDAD EDUCATIVA ALVARO PEREZ INTRIAGO,NO,TOMAS VERA RUTA SAN PABLO DE CHILA KM 4.3,23794044,1,1,2,1,1,1,1,628,693549.8459,9976727.626,-79.26087365,-0.21045482,NO,NO
23,STO DGO TSACHILAS,85,SANTO DOMINGO,5870,RIO TOACHI,6,VELASCO IBARRA,5180,UNIDAD EDUCATIVA ABDON CALDERON,NO,VIA QUININDE KM 13 Y 5KM MARGEN DERECHO,979480846,1,1,2,1,1,1,1,344,701905.365,9983220.46,-79.18582639,-0.15173316,NO,NO
23,STO DGO TSACHILAS,85,SANTO DOMINGO,5870,RIO TOACHI,7,LIBERTAD DEL TOACHI,5206,UNIDAD EDUCATIVA CIUDAD DE GUARANDA,NO,AV. SERGIO DAVILA Y CALLE COTOPAXI,994826607,2,2,4,1,2,1,2,922,710094.1709,9976645.575,-79.1122679,-0.21117936,NO,NO
23,STO DGO TSACHILAS,85,SANTO DOMINGO,6175,CHIGUILPE,6,MARINA PEÑAHERRERA,5218,SECAP-SERVICIO ECUATORIANO DE CAPACITACIÓN PROFESIONAL,NO,AV. ABRAHAM CALAZACON Y S/N,22767911,2,2,4,1,2,1,2,1206,704625.6438,9972064.303,-79.161381,-0.252612,NO,NO
23,STO DGO TSACHILAS,85,SANTO DOMINGO,6175,CHIGUILPE,7,NUEVO SANTO DOMINGO,5236,UNIDAD EDUCATIVA VICTOR EMILIO ESTRADA,NO,CALLE PABLO NERUDA Y GABRIELA MISTRAL,22748163,3,2,5,1,3,1,2,1573,704966.3475,9971438.224,-79.15831994,-0.25827295,NO,NO
23,STO DGO TSACHILAS,85,SANTO DOMINGO,5860,BOMBOLI,2,LAS DELICIAS,3457,UNIDAD EDUCATIVA LAS DELICIAS BLOQUE-2,NO,"VIA SANTO DOMINGO, EL CARMEN KM 27.5",23846324,4,3,7,1,4,1,3,2328,677230.103,9970666.004,-79.40746732,-0.26529065,NO,NO
23,STO DGO TSACHILAS,85,SANTO DOMINGO,5860,BOMBOLI,3,NUEVO ISRAEL,1893,UNIDAD EDUCATIVA PRÓCER MANUEL QUIROGA BLOQUE-2,SI,"NUEVO ISRAEL,VIA CHONE KM 21 Y AV.DON KLEBER PAZ Y MIÑO",22174286,7,6,13,1,7,1,6,4431,684363.3859,9972992.344,-79.34339025,-0.24424391,NO,NO
23,STO DGO TSACHILAS,982,LA CONCORDIA,4645,PLAN PILOTO,0,,3415,UNIDAD EDUCATIVA MAYOR LUIS ANIBAL YEPEZ,NO,VIA LA VILLEGAS Y RAMON CHERREZ CHAVEZ,22721009,2,2,4,1,2,1,2,1379,679003.1562,9992074.288,-79.3915553,-0.07167796,NO,NO
23,STO DGO TSACHILAS,85,SANTO DOMINGO,75,ALLURIQUIN,4,PISOTANTI,8028,CANCHAS DON REY,NO,VIA PRINCIPAL A PISOTANTI ALTO,96397378,1,1,2,1,1,1,1,258,714133,9969622,-79.07598295,-0.27468329,NO,NO
23,STO DGO TSACHILAS,85,SANTO DOMINGO,5860,BOMBOLI,17,EL CISNE,8030,UNIDAD EDUCATIVA DR. MANUAL ANTONIO FRANCO PÉREZ,NO,"VIA CHONE KM 23, RECINTO EL CISNE",22174151,1,1,2,1,1,1,1,372,681869,9972302.4,-79.3657968,-0.25048625,NO,NO
23,STO DGO TSACHILAS,85,SANTO DOMINGO,5870,RIO TOACHI,5,BRASILIA DEL TOACHI,3472,UNIDAD EDUCATIVA BRASILIA DEL TOACHI,NO,"BRASILIA DEL TOACHI, CALLE PUEBLO VIEJO S/N Y PUJILI",22751042,2,2,4,1,2,1,2,918,707117.705,9973443.985,-79.13899874,-0.24013301,NO,NO
23,STO DGO TSACHILAS,85,SANTO DOMINGO,6175,CHIGUILPE,4,NUEVO CAMINO,1858,UNIDAD EDUCATIVA 9 DE OCTUBRE,SI,"COOP.MAGISTERIO,AV QUITUMBE, S/N Y CALLE E",22754965,7,6,13,1,7,1,6,4057,705988,9972007,-79.14914405,-0.25312842,NO,NO
23,STO DGO TSACHILAS,85,SANTO DOMINGO,6175,CHIGUILPE,5,UNIFICADOS,4659,UNIDAD EDUCATIVA JAIME ROLDOS AGUILERA BLOQUE-1,SI,CALLE GONZANAMA Y BIBLIAN FRENTE A ESCUELA DEL MILENIO,23756209,7,5,12,1,7,1,5,3947,706007.6999,9971073.226,-79.14896588,-0.2615721,NO,NO
23,STO DGO TSACHILAS,85,SANTO DOMINGO,305,VALLE HERMOSO,3,LA MARIANITA,3426,UNIDAD EDUCATIVA BÁSICA JOSE IGNACIO CONDOY,NO,VIA A LAS PLAYAS DEL BLANCO Y VIA AUTENTICOS CAMPESINOS,980670460,1,1,2,1,1,1,1,71,708062.5571,9994968.187,-79.13052778,-0.0455,NO,NO
23,STO DGO TSACHILAS,85,SANTO DOMINGO,305,VALLE HERMOSO,4,CHIGUILPE,3431,UNIDAD EDUCATIVA BASICA CESAR BORJA LAVAYEN,NO,"COOP RIO DE ORO, VIA CRISTOBAL COLON KM 3+5 MARGEN IZQUIERDO",997207498,1,1,2,1,1,1,1,206,693645.2692,9995782.549,-79.26002778,-0.03813889,SI,NO
23,STO DGO TSACHILAS,85,SANTO DOMINGO,305,VALLE HERMOSO,5,EL RECREO,3432,UNIDAD EDUCATIVA ALFONSO LUIS VERDESOTO SALGADO,NO,"RECINTO EL RECREO, VIA VALLE HERMOSO-LOS BANCOS, KM 10+5",23629037,1,1,2,1,1,1,1,222,695828.557,9998507.136,-79.24041667,-0.0135,NO,NO
23,STO DGO TSACHILAS,85,SANTO DOMINGO,305,VALLE HERMOSO,6,LA ASUNCION,2549,UNIDAD EDUCATIVA ROBERT KENNEDY,NO,VIA QUININDE KM 24 + 4 MARGEN IZQUIERDO,993389191,1,1,2,1,1,1,1,257,688663.1818,9985153.672,-79.30477605,-0.1342602,NO,NO
23,STO DGO TSACHILAS,85,SANTO DOMINGO,305,VALLE HERMOSO,7,AUTENTICOS CAMPESINOS,3435,UNIDAD EDUCATIVA CARLOS BOLIVAR SEVILLA,NO,VIA VALLE HERMOSO LOS BANCOS KM 6+8,23704773,1,1,2,1,1,1,1,90,702882.3326,9990950.347,-79.17705556,-0.08183333,NO,NO
24,SANTA ELENA,405,SALINAS,1850,JOSE LUIS TAMAYO / MUEY,2,EL PARAISO,1953,UNIDAD EDUCATIVA SIMON BOLIVAR,NO,AVENIDA 16 ENTRE CALLES 9 Y 10,42902607,5,3,8,1,5,1,3,2742,507763.25,9752262.97,-80.93018059,-2.24134147,NO,NO
24,SANTA ELENA,410,SANTA ELENA,605,COLONCHE,9,AYANGUE,1846,UNIDAD EDUCATIVA AYANGUE,NO,"COMUNA AYANGUE, AV. PRINCIPAL VIA AQUALAB BARRIO SAN FRANCISCO",42916186,2,1,3,1,2,1,1,839,527552,9781400,-80.75225132,-1.97771629,NO,NO
24,SANTA ELENA,410,SANTA ELENA,2355,MANGLARALTO,7,MONTAÑITA,1885,ESCUELA DE EDUCACION BASICA JOSE MEJIA LEQUERICA,NO,CALLE 10 DE AGOSTO Y VICENTE ROCAFUERTE,42060006,2,2,4,1,2,1,2,1079,527564.31,9798008.23,-80.75216207,-1.82745949,NO,NO
24,SANTA ELENA,410,SANTA ELENA,6040,SANTA ELENA,3,OTTO AROSEMENA,2006,UNIDAD EDUCATIVA OTTO AROSEMENA GOMEZ,NO,"BARRIO OTTO AROSEMENA, CALLE CHIMBORAZO ENTRE JULIO MORENO Y VIRGILIO DROUET",42942217,4,3,7,1,4,1,3,2514,516004.32,9753592.23,-80.85606516,-2.22931002,NO,NO
24,SANTA ELENA,965,LA LIBERTAD,6610,LA LIBERTAD,3,ZONA 1,1752,UNIDAD EDUCATIVA DR. LUIS CELLERI AVILES,NO,CALLE 10 ENTRE AVENIDA 5TA Y CALLE 7MA,0,10,7,17,1,10,1,7,5654,508933.31,9754346.92,-80.91965859,-2.22248709,NO,NO
24,SANTA ELENA,965,LA LIBERTAD,6610,LA LIBERTAD,4,ZONA 2,1851,UNIDAD EDUCATIVA MANUELA ESPEJO,SI,BARRIO 28 DE MAYO AVENIDA 16 ENTRE CALLE 13 Y 14,42780887,13,9,22,1,13,1,9,7585,509111.51,9753478.38,-80.91805553,-2.23034483,NO,NO
24,SANTA ELENA,410,SANTA ELENA,2355,MANGLARALTO,5,LA ENTRADA,1875,ESCUELA DE EDUCACION BASICA VICTOR EMILIO ESTRADA,NO,VIA PRINCIPAL A MANABI,0,1,1,2,1,1,1,1,417,524109,9808900,-80.783241,-1.72892393,NO,NO
24,SANTA ELENA,410,SANTA ELENA,605,COLONCHE,5,BAMBIL DESECHO,1998,ESCUELA DE EDUCACION BASICA LUCRECIA CISNEROS,NO,"COMUNA BAMBIL DESHECHO, AVENIDA PRINCIPAL9 DE OCTUBRE",0,2,2,4,1,2,1,2,1047,538828,9782758,-80.65086072,-1.96541207,NO,NO
24,SANTA ELENA,405,SALINAS,6925,SANTA ROSA,0,,1894,UNIDAD EDUCATIVA DOLORES ELENA CABRERA QUELAL,NO,BARRIO PRIMERO DE ENERO,43128393,5,5,10,1,5,1,5,3500,505745.6678,9755294.028,-80.94832683,-2.21391973,NO,NO
24,SANTA ELENA,405,SALINAS,6925,SANTA ROSA,0,,6413,ESCUELA DE EDUCACION BASICA SANTA ROSA,NO,BARRIO PRIMERO DE ENERO CALLE 60 AV 44 FRENTE AL PARQUE PRINCIPAL DE SANTA ROSA,42777392,5,5,10,6,10,6,10,3114,505708.9188,9755544.592,-80.9486574,-2.21165284,NO,NO
24,SANTA ELENA,410,SANTA ELENA,605,COLONCHE,8,SALANGUILLO,1951,ESCUELA DE EDUCACION BASICA SIMON RODRIGUEZ,NO,"COMUNA SALANGUILLO, BARRIO CARAGUAY",0,1,1,2,1,1,1,1,232,548031,9782724,-80.56810918,-1.96570021,SI,NO
24,SANTA ELENA,410,SANTA ELENA,605,COLONCHE,6,LOMA ALTA,2001,ESCUELA DE EDUCACION BASICA JUAN LEON MERA,NO,CALLE EUGENIO ESPEJO Y CALLE SAN JOSE,0,1,1,2,1,1,1,1,736,538712,9788526,-80.65191443,-1.91322896,NO,NO
24,SANTA ELENA,410,SANTA ELENA,605,COLONCHE,7,LAS BALSAS,1989,ESCUELA DE EDUCACION BASICA 2 DE JUNIO,NO,"COMUNA LAS BALSAS, VIA A CEIBITOS",0,1,1,2,1,1,1,1,282,560520,9775803,-80.45579157,-2.02828005,SI,NO
24,SANTA ELENA,410,SANTA ELENA,3915,SIMON BOLIVAR,2,JUNTAS DEL PACIFICO,1739,UNIDAD EDUCATIVA PROFESOR VIRGILIO TORRES LUZURIAGA,NO,COMUNA JUNTAS DEL PACIFICO CALLE ESMERALDA,0,1,1,2,1,1,1,1,719,575690.47,9755214.31,-80.31929996,-2.21448467,NO,NO
24,SANTA ELENA,410,SANTA ELENA,2355,MANGLARALTO,6,CADEATE,2081,ESCUELA DE EDUCACION BASICA FRANZ WARZAWA,NO,"COMUNA CADEATE, CALLE SEGUNDO RODRIGUEZ Y 10 DE AGOSTO",0,3,3,6,1,3,1,3,1989,529141.91,9793452.75,-80.73797151,-1.86867145,NO,NO
24,SANTA ELENA,410,SANTA ELENA,820,CHANDUY,4,TUGADUAJA / ENGUNGA,1898,ESCUELA DE EDUCACION BASICA PORTETE DE TARQUI,NO,"COMUNA TUGADUAJA, BARRIO CENTRAL",0,2,2,4,1,2,1,2,1100,543332,9732799,-80.61024474,-2.41738063,NO,SI
24,SANTA ELENA,410,SANTA ELENA,1300,SAN JOSE DE ANCON,2,PROSPERIDAD / EL TAMBO,1746,ESCUELA DE EDUCACION BASICA ADOLFO JURADO GONZALEZ,NO,"COMUNA PROSPERIDAD, BARRIO 15 DE ENERO Y 10 DE AGOSTO",43037436,2,2,4,1,2,1,2,1205,516835.99,9746744.66,-80.84857913,-2.2912602,NO,NO
24,SANTA ELENA,410,SANTA ELENA,1300,SAN JOSE DE ANCON,1,SAN JOSE DE ANCON,7746,ESCUELA DE EDUCACION BASICA LEONARDO W. BERRY,SI,"BARRIO BELLAVISTA, CALLE 5 DE JUNIO",0,6,6,12,1,6,1,6,3999,516261.874,9743208.319,-80.85373938,-2.3232545,NO,NO
24,SANTA ELENA,410,SANTA ELENA,3915,SIMON BOLIVAR,1,SIMON BOLIVAR,1855,ESCUELA DE EDUCACION BASICA MANUELA CAÑIZARES,SI,JULIO MORENO BARRIO MIRAFLORES VIA PRINCIPAL,0,3,3,6,1,3,1,3,1695,570960.2689,9758367.552,-80.36184992,-2.18597753,NO,NO
24,SANTA ELENA,410,SANTA ELENA,5130,BALLENITA,0,,1958,UNIDAD EDUCATIVA CARRERA SANCHEZ BRUNO,NO,BALLENITA JOSE CARRERA CALVO Y CALLE SEXTA,42953055,5,5,10,1,5,1,5,3130,514382.5719,9756634.572,-80.87065271,-2.20178685,NO,NO
24,SANTA ELENA,410,SANTA ELENA,6040,SANTA ELENA,1,SANTA ELENA,1757,ESCUELA DE EDUCACION BASICA 24 DE JULIO,NO,CALLE COLONCHE ENTRE SIMON BOLIVAR Y CALLEJON PICHINCHA,42940519,14,14,28,29,42,29,42,9800,515651,9754303,-80.85924335,-2.22287989,NO,NO
24,SANTA ELENA,410,SANTA ELENA,6040,SANTA ELENA,1,SANTA ELENA,1744,UNIDAD EDUCATIVA TEODORO WOLF,NO,"AV. FRANCISCO PIZARRO, CALLE CHANDUY Y 24 DE MAYO",42940040,14,14,28,15,28,15,28,9800,515504,9754285,-80.86056537,-2.22304287,NO,NO
24,SANTA ELENA,410,SANTA ELENA,6040,SANTA ELENA,1,SANTA ELENA,5199,UNIDAD EDUCATIVA DIECIOCHO DE AGOSTO,NO,AVDA. ANGEL SIMON YAGUAL Y ANCON,42942527,12,12,24,43,54,43,54,8400,515261.1,9753789.32,-80.86274946,-2.22752756,NO,NO
24,SANTA ELENA,410,SANTA ELENA,6040,SANTA ELENA,1,SANTA ELENA,5243,UNIDAD EDUCATIVA GUILLERMO ORDOÑEZ GOMEZ,NO,AV FRANCISCO PIZARRO VIA A BALLENITA,42943810,14,14,28,1,14,1,14,9800,515319,9754558,-80.86222938,-2.22057315,NO,NO
24,SANTA ELENA,410,SANTA ELENA,6040,SANTA ELENA,1,SANTA ELENA,6383,UNIDAD EDUCATIVA SANTA ELENA,SI,KM 2 1/2 VÍA A ANCÓN CALLE SIN NOMBRE,42940533,14,15,29,55,68,55,69,9902,516056,9751877,-80.85559886,-2.24482792,NO,NO
24,SANTA ELENA,410,SANTA ELENA,2355,MANGLARALTO,2,SAN PEDRO / VALDIVIA,7002,ESCUELA DE EDUCACION BASICA FRANCISCO DE MIRANDA,SI,Vía a ManglarAlto Av. 9 de Octubre,0,5,4,9,1,5,1,4,3120,530453.9672,9785213.283,-80.72616251,-1.943213,NO,NO
24,SANTA ELENA,410,SANTA ELENA,6040,SANTA ELENA,4,AZUCAR,4658,UNIDAD EDUCATIVA MARISCAL SUCRE,NO,AV. PRINCIPAL VIA A SAYA,0,1,1,2,1,1,1,1,309,546433,9751530,-80.58240285,-2.24791441,NO,NO
24,SANTA ELENA,410,SANTA ELENA,6040,SANTA ELENA,5,SAN VICENTE,4599,ESCUELA DE EDUCACION BASICA DR. HERMAN B. PARKER,NO,CALLE 24 DE MAYO E/17 DE ENERO Y VICENTEROCAFUERTE,42941425,1,1,2,1,1,1,1,395,525323,9752579,-80.77225657,-2.23846618,NO,NO
24,SANTA ELENA,410,SANTA ELENA,6040,SANTA ELENA,6,BAÑOS DE SAN VICENTE,4655,ESCUELA DE EDUCACION BASICA CORONEL OLMEDO ALFARO,NO,AV SEVERO FIGUEROA,0,1,1,2,1,1,1,1,95,533104,9753509,-80.70228008,-2.23003982,NO,SI
24,SANTA ELENA,410,SANTA ELENA,605,COLONCHE,10,AGUADITA,4654,ESCUELA DE EDUCACION BASICA CARLOS JULIO AROSEMENA MONROY,NO,VIA PRINCIPAL,0,1,1,2,1,1,1,1,109,543880,9764176,-80.60539293,-2.13351291,SI,NO
24,SANTA ELENA,410,SANTA ELENA,3915,SIMON BOLIVAR,3,SUBE Y BAJA,4660,ESCUELA DE EDUCACION BASICA ABDON CALDERON,NO,CALLE OLMEDO,43038206,1,1,2,1,1,1,1,235,561032,9757454,-80.45112947,-2.19427771,SI,SI
24,SANTA ELENA,410,SANTA ELENA,3915,SIMON BOLIVAR,4,LIMONCITO,4597,ESCUELA DE EDUCACION BASICA DR. CARLOS MORENO ARIAS,NO,VIA PRINCIPAL A JUNTAS DEL PACIFICO,0,1,1,2,1,1,1,1,492,585665.0218,9754795.574,-80.22959992,-2.21822855,SI,SI
24,SANTA ELENA,410,SANTA ELENA,3915,SIMON BOLIVAR,5,LA FRUTILLA,4653,ESCUELA DE EDUCACION BASICA MIGUEL DE CERVANTES,NO,CALLE PRINCIPAL VIA A FRUTILLA 2,0,1,1,2,1,1,1,1,112,582169,9759766,-80.26106053,-2.1732801,SI,SI
24,SANTA ELENA,410,SANTA ELENA,2355,MANGLARALTO,8,LA RINCONADA,4642,ESCUELA DE EDUCACION BASICA GILBERTO QUIMI VERA,NO,LA RINCONADA,0,1,1,2,1,1,1,1,88,522612,9810621,-80.79670181,-1.71335524,NO,SI
24,SANTA ELENA,410,SANTA ELENA,820,CHANDUY,5,PECHICHE / EL REAL,4652,ESCUELA DE EDUCACION BASICA ANTONIO JOSE DE SUCRE,NO,BARRIO 10 DE AGOSTO AV PRINCIPAL,0,2,2,4,1,2,1,2,1003,531749,9738623,-80.71443939,-2.3647167,NO,NO
24,SANTA ELENA,965,LA LIBERTAD,6610,LA LIBERTAD,1,LA LIBERTAD,1949,UNIDAD EDUCATIVA JOSE PEDRO VARELA,NO,CALLE 27 ENTRE AV. 14 Y 15,42785065,13,13,26,38,50,38,50,9100,510671.77,9753639.09,-80.90402342,-2.22889,NO,NO
24,SANTA ELENA,965,LA LIBERTAD,6610,LA LIBERTAD,1,LA LIBERTAD,1950,UNIDAD EDUCATIVA CARMEN EUFEMIA MONTENEGRO DE OBREGON,NO,CALLE 18 ENTRE AV. 16 Y 17,42782192,5,5,10,33,37,33,37,3500,510894.76,9753504.77,-80.90201788,-2.23010509,NO,NO
24,SANTA ELENA,965,LA LIBERTAD,6610,LA LIBERTAD,1,LA LIBERTAD,1754,UNIDAD EDUCATIVA PENINSULA DE SANTA ELENA,SI,CIUDADELA VIRGEN DEL CARMEN CALLE 13ENTRE AVENIDAS 31Y32,42538827,15,15,30,1,15,1,15,10500,508961.24,9752382.25,-80.91940644,-2.24026177,NO,NO
24,SANTA ELENA,965,LA LIBERTAD,6610,LA LIBERTAD,1,LA LIBERTAD,2045,UNIDAD EDUCATIVA 11 DE DICIEMBRE,SI,CALLE GUAYAQUIL AV. 20 Y CALLE 19,42786397,12,12,24,16,27,16,27,8400,510058.7157,9753191.247,-80.90953667,-2.23294206,NO,NO
24,SANTA ELENA,965,LA LIBERTAD,6610,LA LIBERTAD,1,LA LIBERTAD,5070,UNIDAD EDUCATIVA PAQUISHA,NO,"BARRIO LA ESPERANZA, CALLE 13",42787101,5,5,10,28,32,28,32,3500,510435,9753398,-80.90615267,-2.23107132,NO,NO
24,SANTA ELENA,965,LA LIBERTAD,6610,LA LIBERTAD,1,LA LIBERTAD,6349,UNIVERSIDAD ESTATAL PENINSULA DE SANTA ELENA,SI,"Avda. principal La Libertad - Santa Elena, La Libertad",42780018,28,35,63,51,78,51,85,21726,513474.5745,9753311.195,-80.87881618,-2.23185465,NO,NO
24,SANTA ELENA,410,SANTA ELENA,2355,MANGLARALTO,3,SINCHAL,2084,UNIDAD EDUCATIVA CESAREO CARRERA ANDRADE,NO,"COMUNA SINCHAL, CALLE 9 DE OCTUBRE",43035019,3,2,5,1,3,1,2,1657,533840.99,9785534.02,-80.6957077,-1.94030602,NO,NO
24,SANTA ELENA,965,LA LIBERTAD,6610,LA LIBERTAD,2,ZONA 3,1768,UNIDAD EDUCATIVA JOSE ANTONIO GARCIA CANDO,SI,"LA LIBERTAD, AV. 32 Y CALLE 21/ 5 DE JUNIO",42538485,9,9,18,1,9,1,9,6300,510269,9752398,-80.90764502,-2.24011858,NO,NO
24,SANTA ELENA,965,LA LIBERTAD,6610,LA LIBERTAD,2,ZONA 3,5213,UNIDAD EDUCATIVA SEGUNDO CISNEROS ESPINOZA,NO,AV 41-42 ENTRE CALLE 17 - 18,42538612,8,4,12,10,17,10,13,4136,509895.9256,9752274.826,-80.91100022,-2.24123317,NO,NO
24,SANTA ELENA,410,SANTA ELENA,2355,MANGLARALTO,9,DOS MANGAS,5248,ESCUELA DE EDUCACION BASICA PEDRO JOSE ROSALES,NO,PEDRO JOSE ROSALES ENTRE JUAN LEONARDO TIGRERO Y JUAN SALINAS,0,1,1,2,1,1,1,1,248,534046,9797980,-80.69388396,-1.82770584,NO,SI
24,SANTA ELENA,410,SANTA ELENA,2355,MANGLARALTO,10,SITIO NUEVO,5029,ESCUELA DE EDUCACION BASICA ELOY ALFARO,NO,BARRIO ELOY ALFARO /CALLE 24 DE MAYO,99037558,1,1,2,1,1,1,1,89,534859,9793007,-80.68656625,-1.87269572,NO,SI
24,SANTA ELENA,410,SANTA ELENA,820,CHANDUY,6,SAN GERONIMO,5005,ESCUELA DE EDUCACION BASICA SAN GERONIMO,NO,VIA PRINCIPAL DE SAN GERONIMO,42064195,1,1,2,1,1,1,1,132,579639,9743596,-80.28374016,-2.31957242,SI,SI
24,SANTA ELENA,410,SANTA ELENA,605,COLONCHE,11,MANANTIAL DE COLONCHE,5097,ESCUELA DE EDUCACION BASICA LUIS EDUARDO ROSALES SANTOS,NO,BARRIO SANTUARIO,0,1,1,2,1,1,1,1,529,535962,9780581,-80.67662754,-1.98511274,NO,NO
24,SANTA ELENA,410,SANTA ELENA,2355,MANGLARALTO,4,OLON,1878,ESCUELA DE EDUCACION BASICA DR. ANTONIO MOYA SANCHEZ,NO,CALLE PRINCIPAL ROSA MISTICA,0,2,2,4,1,2,1,2,1348,527030.64,9801128.4,-80.75696417,-1.79923153,NO,NO
24,SANTA ELENA,410,SANTA ELENA,6040,SANTA ELENA,2,SAN PABLO,1835,UNIDAD EDUCATIVA CARLOS JULIO AROSEMENA TOLA,SI,"BARRIO PRIMERO DE MAYO, VELASCO IBARRA Y ABDON CALDERON",42912044,4,4,8,1,4,1,4,2701,525112.2315,9763309.235,-80.77416665,-2.14138886,NO,NO
24,SANTA ELENA,410,SANTA ELENA,605,COLONCHE,2,PALMAR,7003,UNIDAD EDUCATIVA PALMAR,SI,Km 1 Vía a Manglar Alto,0,6,6,12,1,6,1,6,4001,531165.9719,9776186.915,-80.71974658,-2.02487436,NO,NO
24,SANTA ELENA,410,SANTA ELENA,820,CHANDUY,3,ZAPOTAL,1922,UNIDAD EDUCATIVA VICENTE ROCAFUERTE,SI,COMUNA ZAPOTAL CALLE PRINCIPAL KM. 92,0,2,2,4,1,2,1,2,1282,549019,9743696,-80.5591244,-2.31878095,NO,NO
24,SANTA ELENA,410,SANTA ELENA,605,COLONCHE,3,MANANTIAL DE GUANGALA,1987,UNIDAD EDUCATIVA ANTONIO ISSA YAZBEK,NO,"COMUNA MANANTIAL DE GUANGALA,BARRIO 6 DE SEPTIEMBRE",0,2,2,4,1,2,1,2,1025,546037,9779052,-80.5860305,-1.99892524,NO,NO
24,SANTA ELENA,410,SANTA ELENA,605,COLONCHE,4,MONTEVERDE,2065,UNIDAD EDUCATIVA FRANCISCO PIZARRO,NO,BARRIO MONSERRAT 25 DE NOVIEMBRE,0,2,2,4,1,2,1,2,1010,529559.82,9772609.27,-80.73418413,-2.05724412,NO,NO
24,SANTA ELENA,965,LA LIBERTAD,6610,LA LIBERTAD,5,ZONA 4,1766,ESCUELA DE EDUCACION BASICA 13 DE ABRIL,SI,"LA LIBERTAD, CDLA. ENRIQUEZ GALLO AV. 12 ENTRE CALLES 38 Y 39",42783442,11,8,19,1,11,1,8,6699,512045.31,9753481.49,-80.89167039,-2.23031497,NO,NO
24,SANTA ELENA,965,LA LIBERTAD,6610,LA LIBERTAD,6,VELASCO IBARRA,8299,ESCUELA DE EDUCACION BASICA LUZ DEL SABER,NO,SECTOR VELASCO IBARRA BARRIO EL SALVADOR AV. 51,,2,1,3,1,2,1,1,907,510071,9751267,-80.90942512,-2.25035103,NO,NO
24,SANTA ELENA,405,SALINAS,115,ANCONCITO,0,,1975,ESCUELA DE EDUCACION BASICA CESAR ROHON SANDOVAL,SI,BARRIO LAS PEÑAS AV. PRINCIPAL Y CALLEJON 8,42946179,10,10,20,1,10,1,10,7000,512550.7768,9743055.399,-80.88711713,-2.32464107,NO,NO
24,SANTA ELENA,405,SALINAS,115,ANCONCITO,0,,5138,UNIDAD EDUCATIVA PEDRO FRANCO DAVILA,NO,CDLA LUIS CELLERI,42946034,5,5,10,11,15,11,15,3314,512534,9743562,-80.88726839,-2.32005778,NO,NO
24,SANTA ELENA,405,SALINAS,1850,JOSE LUIS TAMAYO / MUEY,1,JOSE LUIS TAMAYO / MUEY,1929,ESCUELA DE EDUCACION BASICA PRESIDENTE TAMAYO,NO,JOSE LUIS TAMAYO BARRIO 9 DE OCTUBRE CALLE HUANCAVILCA,42777651,7,7,14,10,16,10,16,4900,507553.4,9753266.55,-80.93206831,-2.23226201,NO,NO
24,SANTA ELENA,405,SALINAS,1850,JOSE LUIS TAMAYO / MUEY,1,JOSE LUIS TAMAYO / MUEY,1756,UNIDAD EDUCATIVA MUEY,SI,AV. CARLOS ESPINOZA LARREA Y AV. MUEY,42930429,9,9,18,1,9,1,9,6300,508045.55,9753477.55,-80.92764224,-2.23035284,NO,NO
24,SANTA ELENA,405,SALINAS,1850,JOSE LUIS TAMAYO / MUEY,1,JOSE LUIS TAMAYO / MUEY,5220,UNIDAD EDUCATIVA SIGLO XXI,SI,CALLE 10 ENTRE AVENIDA 18,0,8,7,15,17,24,17,23,4935,508447.1116,9753448.154,-80.92403078,-2.23061861,NO,NO
24,SANTA ELENA,405,SALINAS,5920,SALINAS,0,,1999,UNIDAD EDUCATIVA RUBIRA,SI,"AV,. CARLOS ESPINOZA LARREA",42777115,10,10,20,1,10,1,10,7000,505158.0993,9755358.865,-80.95361109,-2.21333331,NO,NO
24,SANTA ELENA,405,SALINAS,5920,SALINAS,0,,4342,UNIDAD EDUCATIVA CARLOS ESPINOZA LARREA,NO,AV. CARLOS ESPINOSA LARREA,43135125,8,8,16,11,18,11,18,5600,504857.4166,9755750.592,-80.95631536,-2.20978937,NO,NO
24,SANTA ELENA,405,SALINAS,5920,SALINAS,0,,5249,ESCUELA DE EDUCACION BASICA PRESIDENTE ALFARO,NO,BARRIO PUEBLO NUEVO CALLE 41,42773848,8,12,20,19,26,19,30,6720,503911,9755428,-80.96482678,-2.21270814,NO,NO
24,SANTA ELENA,405,SALINAS,6270,GRAL. A. E. GALLO,0,,1960,UNIDAD EDUCATIVA LICEO NAVAL SALINAS CAPITAN RAFAEL MORAN VALVERDE,NO,AVENIDA ROLDOS Y FIDON TOMALA,0,4,4,8,1,4,1,4,2615,502633,9756194,-80.97632047,-2.20577823,NO,NO
24,SANTA ELENA,405,SALINAS,6275,VICENTE ROCAFUERTE,0,,8226,UNIDAD EDUCATIVA JEFFERSON,NO,CDLA LAS GAVIOTAS MZ N SECTOR SAN RAFAEL,45078318,4,4,8,1,4,1,4,2461,505270.41,9754668.12,-80.95260084,-2.21958257,NO,NO
24,SANTA ELENA,405,SALINAS,6280,CARLOS ESPINOZA LARREA,0,,1762,UNIDAD EDUCATIVA SALINAS,SI,BARRIO SINDICATO DE SALES CALLE JOSE ROBLES BODERO Y CALLE 1RO DE MAYO,42770914,7,6,13,1,7,1,6,4311,504182.52,9755675.52,-80.96238495,-2.21046873,NO,NO
24,SANTA ELENA,410,SANTA ELENA,205,ATAHUALPA,0,,1753,ESCUELA DE EDUCACION BASICA 15 DE MARZO,NO,EUGENIO ESPEJO,42907146,5,5,10,1,5,1,5,3023,524985.7609,9744180.976,-80.77527776,-2.31444442,NO,NO
24,SANTA ELENA,410,SANTA ELENA,605,COLONCHE,1,COLONCHE,1884,UNIDAD EDUCATIVA SAN ALBERTO MAGNO,SI,"COLONCHE, AV. PRINCIPAL CALLE TIBURSIO ROSALES",43035851,9,9,18,1,9,1,9,6300,536700,9776565,-80.6699842,-2.02144439,NO,NO
24,SANTA ELENA,410,SANTA ELENA,605,COLONCHE,1,COLONCHE,1900,UNIDAD EDUCATIVA PRESIDENTE LIZARDO GARCIA,NO,BARRIO FRANCISCO PIZARRO CALLE PREBITERO CARVAJAL,0,9,9,18,10,18,10,18,6300,536621.38,9776719.15,-80.67069144,-2.02004993,NO,NO
24,SANTA ELENA,410,SANTA ELENA,605,COLONCHE,1,COLONCHE,6384,UNIDAD EDUCATIVA SAN MARCOS,NO,VIA GUANGALA,0,7,10,17,19,25,19,28,5536,541317,9777686,-80.62846981,-2.01129367,NO,NO
24,SANTA ELENA,410,SANTA ELENA,820,CHANDUY,1,CHANDUY,1925,UNIDAD EDUCATIVA DR FRANCISCO CAMPOS RIVADENEIRA,SI,"CHANDUY, VIA SAN RAFAEL",0,10,10,20,6,15,6,15,6572,536387.23,9734291.36,-80.67271284,-2.40389582,NO,NO
24,SANTA ELENA,410,SANTA ELENA,820,CHANDUY,1,CHANDUY,6981,ESCUELA DE EDUCACION BASICA JOSE RICARDO MARTINEZ COBO,NO,CALLE SANTA ELENA Y CESARIO CARRERA,0,5,5,10,1,5,1,5,3500,535453.3505,9734562.519,-80.68111316,-2.40144464,NO,NO
24,SANTA ELENA,410,SANTA ELENA,2355,MANGLARALTO,1,MANGLARALTO,1838,UNIDAD EDUCATIVA MANGLARALTO,SI,VIA PRINCIPAL MANGLARALTO,0,13,13,26,8,20,8,20,9100,528416.66,9795618.93,-80.74449535,-1.84907471,NO,NO
24,SANTA ELENA,410,SANTA ELENA,2355,MANGLARALTO,1,MANGLARALTO,1869,CENTRO DE APOYO UPSE MANGLARALTO,SI,"MANGLARALTO, VIA SANTA ELENA - MANABI",0,3,6,9,21,23,21,26,3095,528533,9796049,-80.74344986,-1.84518366,NO,NO
24,SANTA ELENA,410,SANTA ELENA,2355,MANGLARALTO,1,MANGLARALTO,5149,ESCUELA DE EDUCACION BASICA ALFREDO SANZ RIVERA,NO,AV CONSTITUCION,0,7,7,14,1,7,1,7,4900,528156.6276,9795597.487,-80.74683335,-1.84926905,NO,NO